url,ad_id,марка_модель,цена,год,двигатель,мощность,коробка,привод,цвет,пробег,владельцы,руль,поколение,комплектация,город,кузов
https://auto.drom.ru/moscow/bmw/x5/830642681.html,830642681,БМВ Х5,5497000,2020,"дизель, 2.0 л",231.0,АКПП,4WD,синий,109 705,1.0,левый,4 поколение,xDrive 25d AT Business,Москва,
https://auto.drom.ru/moscow/mercedes-benz/gle-class/452207340.html,452207340,Мерседес ГЛЕ-Класс,8700000,2021,"дизель, 2.9 л",330.0,АКПП,4WD,черный,69 000,2.0,левый,2 поколение,GLE 400 d 4MATIC Sport,Москва,
https://auto.drom.ru/moscow/honda/accord/532545962.html,532545962,Хонда Аккорд,950000,2008,"бензин, 2.4 л",201.0,АКПП,передний,серый,266 000,,левый,8 поколение,2.4 AT Executive,Москва,
https://auto.drom.ru/moscow/ssang_yong/kyron/331134404.html,331134404,СсангЙонг Кайрон,449000,2008,"дизель, 2.0 л",141.0,АКПП,4WD,фиолетовый,205 195,,левый,"1 поколение, рестайлинг",2.0 Xdi AT 4WD Luxury,Москва,
https://auto.drom.ru/moscow/skoda/octavia/546771991.html,546771991,Шкода Октавия,599000,2009,"бензин, 1.8 л",152.0,робот,передний,красный,150 164,2.0,левый,"2 поколение, рестайлинг",,Москва,
https://auto.drom.ru/moscow/gac/gs8/400819617.html,400819617,ГАК ГС8,3238000,2024,"бензин, 2.0 л",231.0,АКПП,4WD,серый,54 125,1.0,левый,2 поколение,,Москва,
https://auto.drom.ru/moscow/evolute/i-space/577396557.html,577396557,Эволют Ай-Спейс,4190000,2026,"бензин, 1.5 л, гибрид",90.0,АКПП,4WD,серебристый,,,левый,"1 поколение, рестайлинг",PHEV 1.5 5 мест,Москва,
https://auto.drom.ru/moscow/haval/jolion/177253197.html,177253197,Хавейл Джолион,1999000,2024,"бензин, 1.5 л",143.0,робот,передний,белый,11 217,1.0,левый,"1 поколение, рестайлинг",1.5 DCT Elite,Москва,
https://auto.drom.ru/moscow/toyota/land_cruiser/796201677.html,796201677,Тойота Ленд Крузер,8500000,2022,"бензин, 3.4 л",415.0,АКПП,4WD,серый,118 660,1.0,левый,12 поколение,,Москва,
https://auto.drom.ru/moscow/toyota/rav4/830864020.html,830864020,Тойота РАВ4,1685000,2013,"бензин, 2.0 л",146.0,вариатор,4WD,белый,203 261,1.0,левый,4 поколение,2.0 CVT 4WD Престиж Плюс,Москва,
https://auto.drom.ru/moscow/daewoo/matiz/820611406.html,820611406,Дэу Матиз,145000,2009,"бензин, 0.8 л",51.0,механика,передний,бежевый,94 500,,левый,"1 поколение, рестайлинг",,Москва,
https://auto.drom.ru/moscow/land_rover/range_rover_sport/531568128.html,531568128,Ленд Ровер Рендж Ровер Спорт,3349000,2016,"дизель, 3.0 л",249.0,АКПП,4WD,белый,168 063,,левый,2 поколение,3.0 TD AT HSE,Москва,
https://auto.drom.ru/moscow/hyundai/ix35/810214619.html,810214619,Хендай Ай Икс 35,1300000,2012,"бензин, 2.0 л",150.0,АКПП,4WD,белый,320 000,1.0,левый,1 поколение,,Москва,
https://auto.drom.ru/moscow/hyundai/tucson/552285072.html,552285072,Хендай Туссан,2299000,2019,"бензин, 2.0 л",150.0,АКПП,4WD,коричневый,83 277,1.0,левый,"3 поколение, рестайлинг",,Москва,
https://auto.drom.ru/moscow/bmw/4-series/186925996.html,186925996,БМВ 4 серии,3950000,2018,"бензин, 3.0 л",326.0,АКПП,задний,серебристый,95 000,2.0,левый,"1 поколение, рестайлинг",440i AT,Москва,
https://auto.drom.ru/moscow/jac/t9/648331577.html,648331577,Джак Т9,3719000,2026,"бензин, 2.0 л",224.0,АКПП,4WD,белый,,,левый,1 поколение,2.0T AT 4WD Explore (Эксплор),Москва,
https://auto.drom.ru/moscow/jac/t9/310180679.html,310180679,Джак Т9,3719000,2026,"бензин, 2.0 л",224.0,АКПП,4WD,серебристый,,,левый,1 поколение,2.0T AT 4WD Explore (Эксплор),Москва,
https://auto.drom.ru/moscow/haval/h6/788350772.html,788350772,Хавейл Н6,1390000,2015,"дизель, 2.0 л",143.0,механика,4WD,серый,60 000,2.0,левый,1 поколение,,Москва,
https://auto.drom.ru/moscow/hyundai/santa_fe/185953597.html,185953597,Хендай Санта Фе,999000,2007,"бензин, 2.7 л",189.0,АКПП,4WD,серебристый,274 277,1.0,левый,2 поколение,,Москва,
https://auto.drom.ru/moscow/mazda/mazda3/335284858.html,335284858,Мазда Мазда 3,789000,2011,"бензин, 1.6 л",105.0,АКПП,передний,черный,216 300,3.0,левый,2 поколение,1.6 AT Touring+,Москва,
https://auto.drom.ru/moscow/daihatsu/hijet/267085795.html,267085795,Дайхатсу Хайджет,1000000,2021,"бензин, 0.7 л",53.0,АКПП,4WD,белый,135 000,1.0,правый,"10 поколение, 2 рестайлинг",,Москва,
https://auto.drom.ru/moscow/audi/a3/377380691.html,377380691,Ауди А3,3200000,2021,"бензин, 1.4 л",150.0,автомат,передний,серый,6 392,,левый,,,Москва,
https://auto.drom.ru/moscow/hyundai/grand_starex/450501918.html,450501918,Хендай Гранд Старекс,3800000,2019,"дизель, 2.5 л",175.0,автомат,4WD,синий,58 000,,левый,,,Москва,
https://auto.drom.ru/moscow/land_rover/discovery_sport/462770028.html,462770028,Ленд Ровер Дискавери Спорт,3700000,2020,"бензин, 2.0 л",249.0,АКПП,4WD,синий,39 000,,левый,"1 поколение, рестайлинг",2.0 AT P250 AWD SE,Москва,
https://auto.drom.ru/moscow/lincoln/corsair/565695055.html,565695055,Линкольн Корсар,4499000,2021,"бензин, 2.0 л",250.0,АКПП,4WD,синий,17 000,,левый,1 поколение,2.0T AT AWD Corsair,Москва,
https://auto.drom.ru/moscow/kia/mohave/845677573.html,845677573,Киа Мохав,4900000,2020,"дизель, 3.0 л",260.0,АКПП,4WD,черный,48 000,,левый,"1 поколение, 2 рестайлинг",3.0D AT 4WD Masters Gravity Edition 7 seats,Москва,
https://auto.drom.ru/moscow/lada/granta/587235141.html,587235141,LADA Granta,733000,2023,"бензин, 1.6 л",90.0,механика,передний,черный,72 874,1.0,левый,"1 поколение, 2 рестайлинг",,Москва,
https://auto.drom.ru/moscow/toyota/camry/936225035.html,936225035,Тойота Камри,2999000,2020,"бензин, 2.5 л",181.0,АКПП,передний,черный,56 194,1.0,левый,9 поколение,2.5 AT Элеганс Safety,Москва,
https://auto.drom.ru/moscow/lada/vesta/423095378.html,423095378,LADA Vesta,1390000,2024,"бензин, 1.8 л",122.0,вариатор,передний,белый,47 720,1.0,левый,"1 поколение, рестайлинг",,Москва,
https://auto.drom.ru/moscow/genesis/g70/269121590.html,269121590,Генезис Г70,3100000,2022,"бензин, 2.0 л",197.0,АКПП,4WD,синий,97 799,,левый,"1 поколение, рестайлинг",,Москва,
https://auto.drom.ru/spb/geely/monjaro/203206819.html,203206819,Джили Монжаро,3600000,2024,"бензин, 2.0 л",238.0,АКПП,4WD,белый,20 359,,левый,1 поколение,2.0 AT Exclusive,Санкт-Петербург,
https://auto.drom.ru/spb/skoda/octavia/692928318.html,692928318,Шкода Октавия,799000,2011,"бензин, 1.4 л",122.0,робот,передний,серый,80 700,1.0,левый,"2 поколение, рестайлинг",,Санкт-Петербург,
https://auto.drom.ru/spb/skoda/octavia/636097549.html,636097549,Шкода Октавия,699000,2011,"бензин, 1.6 л",102.0,механика,передний,черный,139 200,1.0,левый,"2 поколение, рестайлинг",,Санкт-Петербург,
https://auto.drom.ru/spb/volkswagen/passat_cc/256673732.html,256673732,Фольксваген Пассат СС,650000,2011,"бензин, 1.8 л",152.0,механика,передний,черный,327 000,1.0,левый,1 поколение,1.8 TSI MT,Санкт-Петербург,
https://auto.drom.ru/spb/jeep/cherokee/909272509.html,909272509,Джип Чероки,1637980,2014,"бензин, 2.4 л",177.0,АКПП,4WD,черный,126 500,3.0,левый,5 поколение,,Санкт-Петербург,
https://auto.drom.ru/spb/audi/a1/229898019.html,229898019,Ауди А1,1270000,2014,"бензин, 1.4 л",122.0,робот,передний,черный,118 054,,левый,1 поколение,,Санкт-Петербург,
https://auto.drom.ru/spb/ford/focus/410633996.html,410633996,Форд Фокус,385000,2008,"бензин, 2.0 л",145.0,механика,передний,серый,298 396,2.0,левый,2 поколение,,Санкт-Петербург,
https://auto.drom.ru/spb/toyota/land_cruiser_prado/928316806.html,928316806,Тойота Ленд Крузер Прадо,2990000,2015,"дизель, 2.8 л",177.0,АКПП,4WD,черный,282 768,2.0,левый,"4 поколение, рестайлинг",,Санкт-Петербург,
https://auto.drom.ru/spb/mitsubishi/pajero/165667152.html,165667152,Мицубиси Паджеро,1749000,2011,"бензин, 3.0 л",178.0,АКПП,4WD,белый,125 716,1.0,левый,4 поколение,,Санкт-Петербург,
https://auto.drom.ru/spb/haval/f7/226201993.html,226201993,Хавейл Ф7,1500000,2021,"бензин, 1.5 л",150.0,робот,4WD,черный,179 000,2.0,левый,1 поколение,,Санкт-Петербург,
https://auto.drom.ru/spb/toyota/rav4/901557428.html,901557428,Тойота РАВ4,1199000,2010,"бензин, 2.0 л",158.0,вариатор,4WD,красный,212 839,2.0,левый,3 поколение,,Санкт-Петербург,
https://auto.drom.ru/spb/tank/300/506491606.html,506491606,Tank 300,3190000,2023,"бензин, 2.0 л",220.0,АКПП,4WD,серый,56 230,3.0,левый,1 поколение,,Санкт-Петербург,
https://auto.drom.ru/spb/skoda/yeti/775897548.html,775897548,Шкода Йети,699000,2010,"дизель, 2.0 л",140.0,автомат,4WD,синий,321 007,2.0,левый,,,Санкт-Петербург,
https://auto.drom.ru/spb/hyundai/elantra/345429014.html,345429014,Хендай Элантра,1259600,2019,"бензин, 2.0 л",150.0,АКПП,передний,белый,188 435,1.0,левый,"6 поколение, рестайлинг",2.0 AT Elegance,Санкт-Петербург,
https://auto.drom.ru/spb/hyundai/ix35/366507221.html,366507221,Хендай Ай Икс 35,890000,2012,"бензин, 2.0 л",150.0,АКПП,4WD,серебристый,256 581,1.0,левый,1 поколение,,Санкт-Петербург,
https://auto.drom.ru/spb/hyundai/elantra/458725961.html,458725961,Хендай Элантра,1939000,2021,"бензин, 1.6 л",128.0,АКПП,передний,белый,51 748,3.0,левый,7 поколение,,Санкт-Петербург,
https://auto.drom.ru/spb/chery/tiggo_8_pro/756687281.html,756687281,Чери Тигго 8 Про,1775000,2021,"бензин, 1.6 л",186.0,робот,передний,серый,56 687,,левый,1 поколение,1.6 DCT Dreamline,Санкт-Петербург,
https://auto.drom.ru/spb/volvo/xc90/467233504.html,467233504,Вольво ХС90,2049000,2011,"бензин, 2.5 л",210.0,АКПП,4WD,черный,65 883,2.0,левый,"1 поколение, рестайлинг",,Санкт-Петербург,
https://auto.drom.ru/spb/audi/a4/197079153.html,197079153,Ауди А4,749890,2008,"бензин, 1.8 л",160.0,вариатор,передний,серый,317 297,,левый,4 поколение,,Санкт-Петербург,
https://auto.drom.ru/spb/tank/300/600605862.html,600605862,Tank 300,2890000,2023,"бензин, 2.0 л",220.0,АКПП,4WD,красный,98 448,1.0,левый,1 поколение,,Санкт-Петербург,
https://auto.drom.ru/spb/toyota/tank/467403608.html,467403608,Тойота Танк,1250000,2019,"бензин, 1.0 л",98.0,вариатор,передний,золотистый,38 000,1.0,правый,1 поколение,1.0 Custom G-T,Санкт-Петербург,
https://auto.drom.ru/spb/ford/focus/914805298.html,914805298,Форд Фокус,899000,2016,"бензин, 1.6 л",125.0,робот,передний,синий,160 980,3.0,левый,"3 поколение, рестайлинг",,Санкт-Петербург,
https://auto.drom.ru/spb/toyota/rav4/652952133.html,652952133,Тойота РАВ4,1599000,2010,"бензин, 2.0 л",158.0,вариатор,4WD,серый,81 526,2.0,левый,3 поколение,,Санкт-Петербург,
https://auto.drom.ru/spb/lexus/nx200/200233253.html,200233253,Лексус НХ 200,3599000,2020,"бензин, 2.0 л",150.0,вариатор,4WD,белый,77 800,1.0,левый,"1 поколение, рестайлинг",,Санкт-Петербург,
https://auto.drom.ru/spb/volkswagen/tiguan/809742581.html,809742581,Фольксваген Тигуан,2499000,2019,"дизель, 2.0 л",150.0,робот,4WD,белый,186 869,2.0,левый,2 поколение,,Санкт-Петербург,
https://auto.drom.ru/spb/skoda/yeti/105638071.html,105638071,Шкода Йети,989000,2014,"бензин, 1.2 л",105.0,механика,передний,синий,126 747,,левый,1 поколение,,Санкт-Петербург,
https://auto.drom.ru/spb/volkswagen/tiguan/126606028.html,126606028,Фольксваген Тигуан,2399000,2018,"бензин, 1.4 л",150.0,робот,4WD,красный,94 813,1.0,левый,2 поколение,,Санкт-Петербург,
https://auto.drom.ru/spb/volkswagen/passat/796063116.html,796063116,Фольксваген Пассат,2399000,2017,"бензин, 1.8 л",180.0,робот,передний,черный,86 000,1.0,левый,8 поколение,,Санкт-Петербург,
https://auto.drom.ru/spb/toyota/rav4/162240801.html,162240801,Тойота РАВ4,1659000,2013,"бензин, 2.0 л",146.0,вариатор,4WD,белый,216 584,1.0,левый,4 поколение,2.0 CVT 4WD Комфорт Плюс,Санкт-Петербург,
https://auto.drom.ru/spb/hyundai/creta/834479750.html,834479750,Хендай Крета,1899000,2017,"бензин, 2.0 л",149.0,АКПП,4WD,белый,75 039,2.0,левый,1 поколение,,Санкт-Петербург,
https://auto.drom.ru/spb/audi/a3/524470052.html,524470052,Ауди А3,1800000,2016,"бензин, 1.4 л",125.0,робот,передний,белый,98 500,2.0,левый,3 поколение,1.4 TFSI S Tronic Ambition,Санкт-Петербург,
https://auto.drom.ru/spb/lada/2110/912444293.html,912444293,Лада 2110,120000,2006,"бензин, 1.6 л",80.0,механика,передний,серебристый,107 000,3.0,левый,1 поколение,1.6i MT 21101,Санкт-Петербург,
https://auto.drom.ru/spb/bmw/x1/728423410.html,728423410,БМВ Х1,2440000,2018,"бензин, 2.0 л",192.0,АКПП,4WD,серый,106 793,2.0,левый,2 поколение,xDrive 20i AT Advantage,Санкт-Петербург,
https://auto.drom.ru/spb/renault/kangoo/196347021.html,196347021,Рено Кангу,699000,2014,"бензин, 1.6 л",100.0,механика,передний,коричневый,232 211,,левый,"2 поколение, рестайлинг",1.6 MT Authentique,Санкт-Петербург,
https://auto.drom.ru/spb/gaz/31105_volga/714394347.html,714394347,ГАЗ 31105 Волга,185000,2006,"бензин, 2.3 л, ГБО",131.0,механика,задний,серебристый,175 000,3.0,левый,1 поколение,,Санкт-Петербург,
https://auto.drom.ru/spb/belgee/x50_plus/602663342.html,602663342,Белджи Х50+,2400000,2026,"бензин, 1.5 л",147.0,робот,передний,белый,3 596,1.0,левый,1 поколение,1.5T AMT Стиль / Style,Санкт-Петербург,
https://auto.drom.ru/spb/volkswagen/transporter/675429652.html,675429652,Фольксваген Транспортер,1350000,2011,"дизель, 2.0 л",140.0,механика,передний,,520 000,2.0,левый,"5 поколение, рестайлинг",,Санкт-Петербург,
https://auto.drom.ru/spb/honda/stepwgn/396318390.html,396318390,Хонда Стэпвэгон,2290000,2019,"бензин, 1.5 л",150.0,вариатор,передний,белый,85 000,1.0,правый,"5 поколение, рестайлинг",1.5 Spada Cool Spirit Honda Sensing 7 seater,Санкт-Петербург,
https://auto.drom.ru/spb/jaguar/xf/760716612.html,760716612,Ягуар ХФ,1450000,2013,"дизель, 3.0 л",275.0,АКПП,задний,черный,156 000,,левый,"1 поколение, рестайлинг",,Санкт-Петербург,
https://auto.drom.ru/spb/jaecoo/j7/218654758.html,218654758,Джейку Джи 7,2445000,2024,"бензин, 1.6 л",186.0,робот,4WD,черный,19 186,1.0,левый,1 поколение,1.6T DCT AWD Supreme (2024 год),Санкт-Петербург,
https://auto.drom.ru/spb/toyota/corolla/293887743.html,293887743,Тойота Королла,1900000,2019,"бензин, 1.8 л, гибрид",98.0,вариатор,передний,белый,90 000,1.0,правый,12 поколение,Touring 1.8 Hybrid WxB,Санкт-Петербург,
https://auto.drom.ru/novosibirsk/toyota/prius_a/740601115.html,740601115,Тойота Приус Альфа,925000,2012,"бензин, 1.8 л, гибрид",99.0,вариатор,передний,серебристый,285 000,3.0,правый,1 поколение,1.8 G Touring selection 5 seater,Новосибирск,
https://auto.drom.ru/novosibirsk/lada/2105/445013602.html,445013602,Лада 2105,70000,1999,"бензин, 1.5 л",71.0,механика,задний,зеленый,55 555,2.0,,1 поколение,1.5 MT5 21053,Новосибирск,
https://auto.drom.ru/novosibirsk/toyota/vellfire/319193243.html,319193243,Тойота Веллфайр,2800000,2014,"бензин, 2.4 л",170.0,вариатор,передний,черный,168 000,1.0,правый,"1 поколение, рестайлинг",,Новосибирск,
https://auto.drom.ru/novosibirsk/honda/freed/556453750.html,556453750,Хонда Фрид,1050000,2011,"бензин, 1.5 л",118.0,вариатор,передний,серый,231,1.0,правый,1 поколение,,Новосибирск,
https://auto.drom.ru/novosibirsk/haval/f7x/687545543.html,687545543,Хавейл Ф7х,2800000,2024,"бензин, 2.0 л",190.0,робот,4WD,черный,15 000,1.0,левый,"1 поколение, 2 рестайлинг",2.0 SAT 4WD Tech Plus,Новосибирск,
https://auto.drom.ru/novosibirsk/opel/vectra/672974370.html,672974370,Опель Вектра,580000,2008,"бензин, 1.8 л",140.0,робот,передний,серый,220 000,1.0,левый,"3 поколение, рестайлинг",,Новосибирск,
https://auto.drom.ru/novosibirsk/subaru/legacy/367606123.html,367606123,Субару Легаси,250000,1990,"бензин, 2.0 л",150.0,механика,4WD,синий,330 000,3.0,правый,1 поколение,,Новосибирск,
https://auto.drom.ru/novosibirsk/honda/inspire/227882546.html,227882546,Хонда Инспайр,220000,1995,"бензин, 2.5 л",190.0,АКПП,передний,серый,240 000,,правый,2 поколение,2.5 25S,Новосибирск,
https://auto.drom.ru/novosibirsk/lada/2107/309385700.html,309385700,Лада 2107,200000,2011,"бензин, 1.6 л",72.0,механика,задний,зеленый,21 341,2.0,,1 поколение,,Новосибирск,
https://auto.drom.ru/novosibirsk/mercedes-benz/m-class/865334349.html,865334349,Мерседес М-Класс,1200000,2005,"бензин, 3.5 л",272.0,АКПП,4WD,белый,50 000,,левый,2 поколение,"ML 350 AT ""Особая Серия""",Новосибирск,
https://auto.drom.ru/novosibirsk/land_rover/range_rover_evoque/408915784.html,408915784,Ленд Ровер Рендж Ровер Эвок,4000000,2019,"дизель, 2.0 л",180.0,АКПП,4WD,серый,27 000,2.0,левый,2 поколение,2.0 D180 AT AWD HSE,Новосибирск,
https://auto.drom.ru/novosibirsk/nissan/bluebird_sylphy/457978179.html,457978179,Ниссан Блюбёрд Сильфи,360000,2002,"бензин, 1.5 л, ГБО",105.0,АКПП,передний,бордовый,410 000,,правый,1 поколение,,Новосибирск,
https://auto.drom.ru/novosibirsk/toyota/corolla_fielder/193922845.html,193922845,Тойота Филдер,700000,2009,"бензин, 1.5 л",110.0,вариатор,передний,синий,340 000,2.0,правый,"2 поколение, рестайлинг",,Новосибирск,
https://auto.drom.ru/novosibirsk/mazda/axela/883020905.html,883020905,Мазда Аксела,475000,2005,"бензин, 1.5 л",114.0,АКПП,передний,серебристый,213 000,,правый,1 поколение,1.5 15C,Новосибирск,
https://auto.drom.ru/novosibirsk/lexus/gx470/408849009.html,408849009,Лексус ЖХ 470,1950000,2004,"бензин, 4.7 л",235.0,АКПП,4WD,черный,375 000,3.0,левый,1 поколение,4.7 AT,Новосибирск,
https://auto.drom.ru/novosibirsk/toyota/tundra/373647021.html,373647021,Тойота Тундра,11500000,2022,"бензин, 3.4 л",389.0,АКПП,4WD,коричневый,500,,левый,3 поколение,3.4 AT 4x4 Crew Max Standard Bed Limited,Новосибирск,
https://auto.drom.ru/novosibirsk/lada/2106/498422536.html,498422536,Лада 2106,100000,1996,"бензин, 1.6 л",75.0,механика,задний,белый,1,2.0,левый,1 поколение,1.6 MT5 2106,Новосибирск,
https://auto.drom.ru/novosibirsk/toyota/vista/568133623.html,568133623,Тойота Виста,220000,1998,"бензин, 2.0 л",145.0,АКПП,передний,серый,350 000,3.0,правый,5 поколение,2.0 N200 S selection,Новосибирск,
https://auto.drom.ru/novosibirsk/lada/2115/607369360.html,607369360,Лада 2115 Самара,150000,2011,"бензин, 1.6 л",81.0,механика,передний,белый,150 000,3.0,левый,1 поколение,,Новосибирск,
https://auto.drom.ru/novosibirsk/lada/21099/725937170.html,725937170,Лада 21099,120000,1999,"бензин, 1.5 л",70.0,механика,передний,золотистый,150 000,,левый,1 поколение,,Новосибирск,
https://auto.drom.ru/krasnoyarsk/lada/vesta/940528962.html,940528962,LADA Vesta,1475000,2024,"бензин, 1.8 л",122.0,вариатор,передний,белый,19 600,1.0,левый,"1 поколение, рестайлинг",1.8 CVT 2WD Life'24,Красноярск,
https://auto.drom.ru/irkutsk/lada/vesta/208000967.html,208000967,LADA Vesta,550000,2017,"бензин, 1.8 л",122.0,робот,передний,серебристый,305 963,3.0,левый,1 поколение,,Иркутск,
https://auto.drom.ru/barnaul/lada/vesta/600507149.html,600507149,LADA Vesta,1995000,2026,"бензин, 1.6 л",106.0,механика,передний,синий,,,левый,"1 поколение, рестайлинг",,Барнаул,
https://auto.drom.ru/omsk/lada/vesta/439924099.html,439924099,LADA Vesta,1720000,2026,"бензин, 1.6 л",106.0,механика,передний,белый,,,левый,"1 поколение, рестайлинг",1.6 MT 2WD Практик,Омск,
https://auto.drom.ru/biysk/lada/vesta/611561267.html,611561267,LADA Vesta,1980000,2024,"бензин, 1.8 л",122.0,вариатор,передний,белый,15 370,1.0,левый,"1 поколение, рестайлинг",1.8 CVT 2WD Techno'24,"Бийск, Алтайский край",
https://auto.drom.ru/novosibirsk/lada/vesta/261206998.html,261206998,LADA Vesta,1050000,2019,"бензин, 1.6 л",106.0,механика,передний,серебристый,40 041,1.0,левый,1 поколение,1.6 MT Comfort,Новосибирск,
https://auto.drom.ru/samara/lada/vesta/427246412.html,427246412,LADA Vesta,1079000,2021,"бензин, 1.6 л",113.0,вариатор,передний,серый,32 000,2.0,левый,1 поколение,1.6 CVT Comfort + пакет Winter EnjoY,Самара,
https://auto.drom.ru/novosibirsk/lada/vesta/661943716.html,661943716,LADA Vesta,1899000,2026,"бензин, 1.8 л",122.0,механика,передний,белый,,,левый,"1 поколение, рестайлинг",1.8 MT 2WD Techno,Новосибирск,
https://auto.drom.ru/noyabrsk/lada/vesta/425985478.html,425985478,LADA Vesta,1400000,2023,"бензин, 1.6 л",106.0,механика,передний,белый,38 000,3.0,левый,"1 поколение, рестайлинг",,"Ноябрьск, Ямало-Ненецкий автономный округ",
https://auto.drom.ru/omsk/lada/vesta/125461873.html,125461873,LADA Vesta,1280000,2023,"бензин, 1.6 л",106.0,механика,передний,белый,26 350,3.0,левый,1 поколение,,Омск,
https://auto.drom.ru/anzhero-sudzhensk/lada/vesta/165568649.html,165568649,LADA Vesta,750000,2018,"бензин, 1.6 л",106.0,механика,передний,серый,187 000,1.0,левый,1 поколение,1.6 MT Comfort,"Анжеро-Судженск, Кемеровская область",
https://auto.drom.ru/krasnoyarsk/lada/vesta/248397313.html,248397313,LADA Vesta,958000,2020,"бензин, 1.6 л",113.0,вариатор,передний,белый,78 000,2.0,левый,1 поколение,1.6 CVT Luxe + пакет Prestige,Красноярск,
https://auto.drom.ru/tyumen/lada/vesta/931665162.html,931665162,LADA Vesta,1245000,2023,"бензин, 1.6 л",106.0,механика,передний,белый,26 214,1.0,левый,"1 поколение, рестайлинг",1.6 MT 2WD Life ('24),Тюмень,
https://auto.drom.ru/ekaterinburg/lada/vesta/351235860.html,351235860,LADA Vesta,830000,2019,"бензин, 1.8 л",122.0,робот,передний,красный,90 500,1.0,левый,1 поколение,1.8 AMT Comfort + пакет Image,Екатеринбург,
https://auto.drom.ru/novosibirsk/lada/vesta/251353723.html,251353723,LADA Vesta,1113000,2020,"бензин, 1.6 л",113.0,вариатор,передний,серебристый,74 127,1.0,левый,1 поколение,1.6 CVT Luxe + пакет Prestige,Новосибирск,
https://auto.drom.ru/irkutsk/lada/vesta/722286858.html,722286858,LADA Vesta,699000,2016,"бензин, 1.6 л",106.0,механика,передний,красный,144 425,2.0,левый,1 поколение,1.6 MT Luxe + пакет Lime Multimedia X4P,Иркутск,
https://auto.drom.ru/chelyabinsk/lada/vesta/120023809.html,120023809,LADA Vesta,960000,2020,"бензин, 1.6 л",113.0,вариатор,передний,белый,237 703,1.0,левый,1 поколение,1.6 CVT Comfort,Челябинск,
https://auto.drom.ru/sayanogorsk/lada/vesta/790370858.html,790370858,LADA Vesta,1100000,2019,"бензин, 1.8 л",122.0,механика,передний,черный,155 000,1.0,левый,1 поколение,,"Саяногорск, Республика Хакасия",
https://auto.drom.ru/tyumen/lada/vesta/191264289.html,191264289,LADA Vesta,1420000,2018,"бензин, 1.8 л",122.0,механика,передний,коричневый,145 847,3.0,левый,1 поколение,,Тюмень,
https://auto.drom.ru/kirzhach/lada/vesta/476843801.html,476843801,LADA Vesta,1300000,2024,"бензин, 1.6 л",106.0,механика,передний,коричневый,17 000,1.0,левый,"1 поколение, рестайлинг",1.6 MT 2WD Life'24 ('25),"Киржач, Владимирская область",
https://auto.drom.ru/nizhniy-novgorod/lada/granta/147338006.html,147338006,LADA Granta,589000,2019,"бензин, 1.6 л",87.0,механика,передний,коричневый,68 000,1.0,левый,"1 поколение, 2 рестайлинг",1.6 MT Classic + пакет Optima,Нижний Новгород,
https://auto.drom.ru/novosibirsk/lada/granta/907466337.html,907466337,LADA Granta,570000,2022,"бензин, 1.6 л",90.0,механика,передний,коричневый,123 720,1.0,левый,"1 поколение, 2 рестайлинг",,Новосибирск,
https://auto.drom.ru/kemerovo/lada/granta/109687934.html,109687934,LADA Granta,615000,2015,"бензин, 1.6 л",106.0,механика,передний,серый,86 000,1.0,левый,,,Кемерово,
https://auto.drom.ru/orenburg/lada/granta/289679018.html,289679018,LADA Granta,1094000,2026,1.6 л,,механика,,белый,,,левый,,,Оренбург,
https://auto.drom.ru/kemerovo/lada/granta/687210900.html,687210900,LADA Granta,419000,2015,"бензин, 1.6 л",87.0,механика,передний,серый,120 000,3.0,левый,"1 поколение, рестайлинг",1.6 MT Норма Комфорт+,Кемерово,
https://auto.drom.ru/omsk/lada/granta/577470230.html,577470230,LADA Granta,784000,2023,"бензин, 1.6 л",106.0,механика,передний,белый,103 425,1.0,левый,"1 поколение, 2 рестайлинг",1.6 MT #CLUB'23,Омск,
https://auto.drom.ru/orenburg/lada/granta/483213903.html,483213903,LADA Granta,1088000,2026,"бензин, 1.6 л",90.0,механика,передний,серебристый,,,левый,"1 поколение, 2 рестайлинг",1.6 MT Classic'24 Кондиционер,Оренбург,
https://auto.drom.ru/tyumen/lada/granta/488643932.html,488643932,LADA Granta,319900,2012,"бензин, 1.6 л",87.0,механика,передний,серебристый,190 000,,левый,1 поколение,1.6 MT Норма 011,Тюмень,
https://auto.drom.ru/orenburg/lada/granta/699089935.html,699089935,LADA Granta,1088000,2026,"бензин, 1.6 л",90.0,механика,передний,серебристый,,,левый,"1 поколение, 2 рестайлинг",1.6 MT Classic'24 Кондиционер,Оренбург,
https://auto.drom.ru/orenburg/lada/granta/351683514.html,351683514,LADA Granta,1088000,2026,"бензин, 1.6 л",90.0,механика,передний,серебристый,,,левый,"1 поколение, 2 рестайлинг",1.6 MT Classic'24 Кондиционер,Оренбург,
https://auto.drom.ru/belovo/lada/granta/765919520.html,765919520,LADA Granta,800000,2022,"бензин, 1.6 л",90.0,механика,передний,серый,30 000,1.0,левый,"1 поколение, 2 рестайлинг",1.6 MT Comfort,"Белово, Кемеровская область",
https://auto.drom.ru/tula/lada/granta/100821100.html,100821100,LADA Granta,580000,2020,"бензин, 1.6 л, ГБО",87.0,механика,передний,красный,138 180,2.0,левый,"1 поколение, 2 рестайлинг",1.6 MT Standart,Тула,
https://auto.drom.ru/linyovo/lada/granta/317601435.html,317601435,LADA Granta,434000,2013,"бензин, 1.6 л",98.0,механика,передний,синий,156 979,3.0,левый,1 поколение,1.6 MT Люкс 019,"Линёво, Новосибирская область",
https://auto.drom.ru/magnitogorsk/lada/granta/910636909.html,910636909,LADA Granta,1000000,2025,"бензин, 1.6 л",106.0,механика,передний,красный,22 606,1.0,левый,"1 поколение, 2 рестайлинг",,"Магнитогорск, Челябинская область",
https://auto.drom.ru/ufa/lada/granta/325218133.html,325218133,LADA Granta,775000,2023,"бензин, 1.6 л",90.0,механика,передний,белый,75 822,1.0,левый,"1 поколение, 2 рестайлинг",1.6 MT Drive Active Comfort'23,Уфа,
https://auto.drom.ru/orenburg/lada/granta/707698434.html,707698434,LADA Granta,1068000,2026,"бензин, 1.6 л",90.0,механика,передний,белый,,,левый,"1 поколение, 2 рестайлинг",1.6 MT Classic'24 Кондиционер,Оренбург,
https://auto.drom.ru/magnitogorsk/lada/granta/192024997.html,192024997,LADA Granta,260000,2012,"бензин, 1.6 л, ГБО",82.0,механика,передний,красный,244 300,3.0,левый,1 поколение,1.6 MT Стандарт,"Магнитогорск, Челябинская область",
https://auto.drom.ru/novosibirsk/lada/granta/860526025.html,860526025,LADA Granta,1100000,2024,"бензин, 1.6 л",106.0,механика,передний,черный,19 500,1.0,левый,"1 поколение, 2 рестайлинг",1.6 MT Comfort'24,Новосибирск,
https://auto.drom.ru/nizhniy-novgorod/lada/granta/131886384.html,131886384,LADA Granta,399000,2014,"бензин, 1.6 л",106.0,механика,передний,серый,111 015,2.0,левый,"1 поколение, рестайлинг",1.6 MT Comfort + пакет Optima Multimedia,Нижний Новгород,
https://auto.drom.ru/kemerovo/lada/granta/898297345.html,898297345,LADA Granta,850000,2025,"бензин, 1.6 л",90.0,механика,передний,черный,14 500,1.0,левый,"1 поколение, 2 рестайлинг",,Кемерово,
https://auto.drom.ru/tomsk/lada/granta/717301379.html,717301379,LADA Granta,619000,2024,"бензин, 1.6 л",90.0,механика,передний,серебристый,156 961,1.0,левый,"1 поколение, 2 рестайлинг",1.6 MT Comfort'23 ('24),Томск,
https://auto.drom.ru/novosibirsk/lada/largus/175211222.html,175211222,LADA Largus,600000,2014,"бензин, 1.6 л",105.0,механика,передний,белый,262 593,1.0,левый,1 поколение,1.6 MT Luxe 5 мест,Новосибирск,
https://auto.drom.ru/ufa/lada/largus/913503270.html,913503270,LADA Largus,1707000,2026,"бензин, 1.6 л",90.0,механика,передний,коричневый,,,левый,"1 поколение, 2 рестайлинг",1.6 MT Comfort 7 мест,,
https://auto.drom.ru/omsk/lada/largus/859014221.html,859014221,LADA Largus,670000,2018,"бензин, 1.6 л, ГБО",87.0,механика,передний,серебристый,174 000,2.0,левый,1 поколение,,Омск,
https://auto.drom.ru/omsk/lada/largus/873757043.html,873757043,LADA Largus,395000,2016,"бензин, 1.6 л",87.0,механика,передний,белый,200 000,1.0,левый,1 поколение,1.6 MT Norma 5 мест,Омск,
https://auto.drom.ru/chelyabinsk/lada/largus/856836511.html,856836511,LADA Largus,1685000,2026,"бензин, 1.6 л",106.0,механика,передний,коричневый,,,левый,"1 поколение, 2 рестайлинг",,Челябинск,
https://auto.drom.ru/kemerovo/lada/largus/295839588.html,295839588,LADA Largus,835000,2018,"бензин, 1.6 л",87.0,механика,передний,коричневый,64 000,2.0,левый,1 поколение,,Кемерово,
https://auto.drom.ru/barnaul/lada/largus/180613978.html,180613978,LADA Largus,730000,2012,"бензин, 1.6 л",105.0,механика,передний,бежевый,118 000,1.0,левый,1 поколение,1.6 MT Luxe 7 мест,Барнаул,
https://auto.drom.ru/ufa/lada/largus/840687737.html,840687737,LADA Largus,800000,2021,"бензин, 1.6 л",87.0,механика,передний,белый,162 000,2.0,левый,"1 поколение, рестайлинг",,Уфа,
https://auto.drom.ru/ekaterinburg/lada/largus/940660870.html,940660870,LADA Largus,570000,2013,"бензин, 1.6 л",105.0,механика,передний,серебристый,223 000,,левый,1 поколение,,Екатеринбург,
https://auto.drom.ru/ryazan/lada/largus/940170552.html,940170552,LADA Largus,510000,2012,"бензин, 1.6 л, ГБО",84.0,механика,передний,серебристый,260 000,3.0,левый,1 поколение,1.6 MT Norma A2D 7 мест,Рязань,
https://auto.drom.ru/moscow/lada/largus/678508289.html,678508289,LADA Largus,710000,2018,"бензин, 1.6 л",106.0,механика,передний,белый,152 131,2.0,левый,1 поколение,,Москва,
https://auto.drom.ru/omsk/lada/largus/612463874.html,612463874,LADA Largus,539000,2018,"бензин, 1.6 л",87.0,механика,передний,белый,165 845,2.0,левый,1 поколение,1.6 MT Norma Climate 7 мест,Омск,
https://auto.drom.ru/krasnoyarsk/lada/largus/862243783.html,862243783,LADA Largus,550000,2013,"бензин, 1.6 л",105.0,механика,передний,серый,177 000,1.0,левый,1 поколение,1.6 MT Luxe 7 мест,Красноярск,
https://auto.drom.ru/ufa/lada/largus/850520206.html,850520206,LADA Largus,1320000,2024,"бензин, 1.6 л",90.0,механика,передний,белый,34 000,1.0,левый,"1 поколение, 2 рестайлинг",,Уфа,
https://auto.drom.ru/chelyabinsk/lada/largus/419862183.html,419862183,LADA Largus,1375000,2024,"бензин, 1.6 л",106.0,механика,передний,белый,123 182,1.0,левый,"1 поколение, 2 рестайлинг",1.6 MT Enjoy 7 мест,Челябинск,
https://auto.drom.ru/krasnodar/lada/largus/914566377.html,914566377,LADA Largus,960000,2016,"бензин, 1.6 л",102.0,механика,передний,белый,193 000,2.0,левый,1 поколение,,Краснодар,
https://auto.drom.ru/serov/lada/largus/861360140.html,861360140,LADA Largus,1685000,2026,"бензин, 1.6 л",106.0,механика,передний,серебристый,,,левый,"1 поколение, 2 рестайлинг",1.6 MT Classic Plus 5 мест,"Серов, Свердловская область",
https://auto.drom.ru/spb/lada/largus/833624264.html,833624264,LADA Largus,1692000,2026,"бензин, 1.6 л",106.0,механика,передний,коричневый,,,левый,"1 поколение, 2 рестайлинг",,Санкт-Петербург,
https://auto.drom.ru/novosibirsk/lada/largus/509175203.html,509175203,LADA Largus,1577000,2026,"бензин, 1.6 л",90.0,механика,передний,белый,,,левый,"1 поколение, 2 рестайлинг",1.6 MT Classic 5 мест,Новосибирск,
https://auto.drom.ru/krasnoyarsk/lada/largus/708813429.html,708813429,LADA Largus,1049000,2024,"бензин, 1.6 л",90.0,механика,передний,белый,48 160,,левый,"1 поколение, 2 рестайлинг",1.6 MT Classic 5 мест,Красноярск,
https://auto.drom.ru/nizhnevartovsk/lada/xray/371381792.html,371381792,LADA XRAY,815000,2017,"бензин, 1.8 л",122.0,механика,передний,коричневый,23 398,1.0,левый,1 поколение,,"Нижневартовск, Ханты-Мансийский автономный округ",
https://auto.drom.ru/tyumen/lada/xray/749979312.html,749979312,LADA XRAY,1000000,2017,"бензин, 1.6 л",110.0,механика,передний,красный,62 400,1.0,левый,1 поколение,1.6 МТ Top Юбилейная,Тюмень,
https://auto.drom.ru/omsk/lada/xray/715524326.html,715524326,LADA XRAY,680000,2016,"бензин, 1.6 л",106.0,механика,передний,серый,125 000,1.0,левый,1 поколение,,Омск,
https://auto.drom.ru/omsk/lada/xray/887633427.html,887633427,LADA XRAY,1380000,2022,"бензин, 1.6 л",106.0,механика,передний,синий,55 000,1.0,левый,1 поколение,1.6 МТ Club EnjoY,Омск,
https://auto.drom.ru/volgograd/lada/xray/452804043.html,452804043,LADA XRAY,670000,2019,"бензин, 1.8 л",122.0,робот,передний,серебристый,91 411,,левый,1 поколение,,Волгоград,
https://auto.drom.ru/kazan/lada/xray/411815546.html,411815546,LADA XRAY,657000,2018,"бензин, 1.6 л",106.0,механика,передний,коричневый,57 358,1.0,левый,1 поколение,,Казань,
https://auto.drom.ru/kirov/lada/xray/933040133.html,933040133,LADA XRAY,925000,2019,"бензин, 1.6 л",106.0,механика,передний,черный,96 587,1.0,левый,1 поколение,1.6 МТ Classic,Киров,
https://auto.drom.ru/orenburg/lada/xray/661272491.html,661272491,LADA XRAY,784000,2019,"бензин, 1.8 л",122.0,механика,передний,серый,141 059,1.0,левый,1 поколение,1.8 МТ Luxe,Оренбург,
https://auto.drom.ru/ishimbay/lada/xray/709896920.html,709896920,LADA XRAY,870000,2019,"бензин, 1.6 л",106.0,механика,передний,коричневый,70 650,3.0,левый,1 поколение,1.6 МТ Standart,"Ишимбай, Республика Башкортостан",
https://auto.drom.ru/krivosheino/lada/xray/809804231.html,809804231,LADA XRAY,870000,2018,"бензин, 1.6 л",106.0,механика,передний,серебристый,168 728,3.0,левый,1 поколение,1.6 МТ Classic + пакет Air Conditioner,"Кривошеино, Томская область",
https://auto.drom.ru/ryazan/lada/xray/888538895.html,888538895,LADA XRAY,755000,2016,"бензин, 1.6 л",106.0,механика,передний,черный,112 000,3.0,левый,1 поколение,1.6 МТ Comfort,Рязань,
https://auto.drom.ru/shadrinsk/lada/xray/464858919.html,464858919,LADA XRAY,565000,2016,"бензин, 1.6 л",110.0,механика,передний,коричневый,210 592,,левый,1 поколение,,"Шадринск, Курганская область",
https://auto.drom.ru/isetskoe/lada/xray/486457258.html,486457258,LADA XRAY,930000,2018,"бензин, 1.6 л",106.0,механика,передний,коричневый,60 000,1.0,левый,1 поколение,,"Исетское, Тюменская область",
https://auto.drom.ru/spb/lada/xray/819387138.html,819387138,LADA XRAY,860000,2019,"бензин, 1.8 л",122.0,робот,передний,бежевый,51 000,2.0,левый,1 поколение,,Санкт-Петербург,
https://auto.drom.ru/novokuznetsk/lada/xray/861325084.html,861325084,LADA XRAY,799000,2018,"бензин, 1.6 л",106.0,механика,передний,белый,101 583,1.0,левый,1 поколение,,"Новокузнецк, Кемеровская область",
https://auto.drom.ru/kazan/lada/xray/537157019.html,537157019,LADA XRAY,649000,2018,"бензин, 1.6 л",106.0,механика,передний,серебристый,106 450,1.0,левый,1 поколение,1.6 МТ Classic + пакет Air Conditioner,Казань,
https://auto.drom.ru/sevastopol/lada/xray/418624713.html,418624713,LADA XRAY,990000,2018,"бензин, 1.8 л",122.0,робот,передний,белый,92 000,2.0,левый,1 поколение,1.8 AМТ Luxe,"Севастополь, Республика Крым",
https://auto.drom.ru/barnaul/lada/xray/938386846.html,938386846,LADA XRAY,875000,2018,"бензин, 1.6 л",106.0,механика,передний,белый,81 000,1.0,левый,1 поколение,1.6 МТ Optima + пакет Air Conditioner,Барнаул,
https://auto.drom.ru/sterlitamak/lada/xray/731446579.html,731446579,LADA XRAY,700000,2017,"бензин, 1.8 л",122.0,робот,передний,белый,115 700,3.0,левый,1 поколение,1.8 AМТ Optima + пакет Air Conditioner,"Стерлитамак, Республика Башкортостан",
https://auto.drom.ru/izhevsk/lada/xray/682413669.html,682413669,LADA XRAY,729000,2018,"бензин, 1.6 л",106.0,механика,передний,серебристый,82 163,2.0,левый,1 поколение,1.6 МТ Comfort,Ижевск,
https://auto.drom.ru/ekaterinburg/lada/xray/484934754.html,484934754,LADA XRAY,940000,2020,"бензин, 1.6 л",106.0,механика,передний,белый,100 625,1.0,левый,1 поколение,1.6 МТ Classic,Екатеринбург,
https://auto.drom.ru/togliatti/lada/xray/518385003.html,518385003,LADA XRAY,735000,2017,"бензин, 1.8 л",122.0,робот,передний,серебристый,124 600,,левый,1 поколение,1.8 AМТ Luxe,"Тольятти, Самарская область",
https://auto.drom.ru/asino/lada/niva/456297783.html,456297783,LADA Niva,920000,2020,"бензин, 1.7 л",80.0,механика,4WD,коричневый,71 000,2.0,левый,1 поколение,1.7 MT Comfort / Off-road Plus,"Асино, Томская область",
https://auto.drom.ru/surgut/lada/niva/466865771.html,466865771,LADA Niva,780000,2020,"бензин, 1.7 л",80.0,механика,4WD,фиолетовый,77 301,3.0,левый,1 поколение,1.7 MT Comfort,"Сургут, Ханты-Мансийский автономный округ",
https://auto.drom.ru/frolovo/lada/niva/604772440.html,604772440,LADA Niva,769099,2020,"бензин, 1.7 л",80.0,механика,4WD,серый,86 000,1.0,левый,1 поколение,1.7 MT Classic,"Фролово, Волгоградская область",
https://auto.drom.ru/stariy-oskol/lada/niva/863881907.html,863881907,LADA Niva,750000,2020,"бензин, 1.7 л",80.0,механика,4WD,коричневый,89 294,2.0,левый,1 поколение,,"Старый Оскол, Белгородская область",
https://auto.drom.ru/stavropol/lada/niva/868154097.html,868154097,LADA Niva,730000,2020,"бензин, 1.7 л",80.0,механика,4WD,черный,44 140,3.0,левый,1 поколение,,Ставрополь,
https://auto.drom.ru/novokuznetsk/lada/niva/118098459.html,118098459,LADA Niva,899000,2020,"бензин, 1.7 л",80.0,механика,4WD,коричневый,74 500,1.0,левый,1 поколение,,"Новокузнецк, Кемеровская область",
https://auto.drom.ru/solnechnogorsk/lada/niva/292349981.html,292349981,LADA Niva,858000,2020,"бензин, 1.7 л",80.0,механика,4WD,белый,61 500,1.0,левый,1 поколение,1.7 MT Luxe,"Солнечногорск, Московская область",
https://auto.drom.ru/volgograd/lada/niva/896193937.html,896193937,LADA Niva,770000,2020,"бензин, 1.7 л",80.0,механика,4WD,фиолетовый,102 000,1.0,левый,1 поколение,,Волгоград,
https://auto.drom.ru/tyumen/lada/niva/641980382.html,641980382,LADA Niva,849995,2020,"бензин, 1.7 л",80.0,механика,4WD,бежевый,67 633,2.0,левый,1 поколение,1.7 MT Luxe,Тюмень,
https://auto.drom.ru/perm/lada/niva/540304948.html,540304948,LADA Niva,717000,2020,"бензин, 1.7 л",80.0,механика,4WD,белый,90 448,,левый,1 поколение,1.7 MT Luxe,Пермь,
https://auto.drom.ru/biysk/lada/niva/746691631.html,746691631,LADA Niva,900000,2020,"бензин, 1.7 л",80.0,механика,4WD,белый,49 000,2.0,левый,1 поколение,1.7 MT Luxe,"Бийск, Алтайский край",
https://auto.drom.ru/kemerovo/lada/niva/544111503.html,544111503,LADA Niva,899995,2020,"бензин, 1.7 л",80.0,механика,4WD,серый,70 551,2.0,левый,1 поколение,1.7 MT Comfort,Кемерово,
https://auto.drom.ru/sol-iletsk/lada/niva/777123506.html,777123506,LADA Niva,850000,2020,"бензин, 1.7 л",80.0,механика,4WD,серый,50 000,1.0,левый,1 поколение,1.7 MT Comfort,"Соль-Илецк, Оренбургская область",
https://auto.drom.ru/voronezh/lada/niva/894056326.html,894056326,LADA Niva,899000,2021,"бензин, 1.7 л",80.0,механика,4WD,зеленый,62 574,2.0,левый,1 поколение,,Воронеж,
https://auto.drom.ru/syktyvkar/lada/niva/456077249.html,456077249,LADA Niva,820000,2020,"бензин, 1.7 л",80.0,механика,4WD,фиолетовый,67 000,1.0,левый,1 поколение,,Сыктывкар,
https://auto.drom.ru/naro-fominsk/lada/niva/317092031.html,317092031,LADA Niva,650000,2020,"бензин, 1.7 л",80.0,механика,4WD,зеленый,200 000,2.0,левый,1 поколение,,"Наро-Фоминск, Московская область",
https://auto.drom.ru/novosibirsk/lada/niva/172950525.html,172950525,LADA Niva,1079999,2020,"бензин, 1.7 л",80.0,механика,4WD,серый,49 000,2.0,левый,1 поколение,1.7 MT Luxe,Новосибирск,
https://auto.drom.ru/tula/lada/niva/921082210.html,921082210,LADA Niva,970000,2021,"бензин, 1.7 л",80.0,механика,4WD,зеленый,16 810,1.0,левый,1 поколение,,Тула,
https://auto.drom.ru/kansk/lada/niva/164089410.html,164089410,LADA Niva,840000,2020,"бензин, 1.7 л",80.0,механика,4WD,белый,125 427,1.0,левый,1 поколение,1.7 MT Classic,"Канск, Красноярский край",
https://auto.drom.ru/omsk/lada/niva/100796045.html,100796045,LADA Niva,997000,2020,"бензин, 1.7 л",80.0,механика,4WD,серый,38 800,1.0,левый,1 поколение,1.7 MT Comfort,Омск,
https://auto.drom.ru/dudinka/lada/priora/517546383.html,517546383,LADA Priora,380000,2009,"бензин, 1.6 л",98.0,механика,передний,серый,182 000,,левый,1 поколение,,"Дудинка, Красноярский край",
https://auto.drom.ru/samara/lada/priora/825131959.html,825131959,LADA Priora,485000,2016,"бензин, 1.6 л",87.0,механика,передний,черный,65 000,1.0,левый,"1 поколение, рестайлинг",1.6 MT Стандарт 21702-40-050,Самара,
https://auto.drom.ru/tyumen/lada/priora/653069015.html,653069015,LADA Priora,245000,2011,"бензин, 1.6 л",98.0,механика,передний,белый,284 000,3.0,левый,1 поколение,1.6 MT Люкс 21713-23-041,Тюмень,
https://auto.drom.ru/kurgan/lada/priora/306083308.html,306083308,LADA Priora,438000,2011,"бензин, 1.6 л",98.0,механика,передний,серебристый,187 000,,левый,1 поколение,1.6 MT Люкс SE 21703-03-041,Курган,
https://auto.drom.ru/achhoy-martan/lada/priora/174142851.html,174142851,LADA Priora,280000,2011,"бензин, 1.6 л",98.0,механика,передний,,,,левый,1 поколение,,"Ачхой-Мартан, Чеченская Республика",
https://auto.drom.ru/krasnodar/lada/priora/692805409.html,692805409,LADA Priora,370000,2013,"бензин, 1.6 л",98.0,механика,передний,бордовый,300 000,3.0,левый,1 поколение,1.6 MT Норма 21703-21-047,Краснодар,
https://auto.drom.ru/simferopol/lada/priora/785629235.html,785629235,LADA Priora,295000,2009,"бензин, 1.6 л",98.0,механика,передний,серый,230 000,3.0,левый,1 поколение,,Симферополь,
https://auto.drom.ru/omsk/lada/priora/615828131.html,615828131,LADA Priora,475000,2015,"бензин, 1.6 л",106.0,механика,передний,синий,188 969,2.0,левый,"1 поколение, рестайлинг",1.6 MT Норма 21715-31-055,Омск,
https://auto.drom.ru/grozniy/lada/priora/781398611.html,781398611,LADA Priora,245000,2010,"бензин, 1.6 л",98.0,механика,передний,,,,левый,1 поколение,,Грозный,
https://auto.drom.ru/barnaul/lada/priora/435209367.html,435209367,LADA Priora,520000,2011,"бензин, 1.6 л",98.0,механика,передний,синий,162 000,3.0,левый,1 поколение,1.6 MT Люкс 21703-02-018,Барнаул,
https://auto.drom.ru/grozniy/lada/priora/740164643.html,740164643,LADA Priora,300000,2013,"бензин, 1.6 л",98.0,механика,передний,,,,левый,1 поколение,,Грозный,
https://auto.drom.ru/novosibirsk/lada/priora/202668511.html,202668511,LADA Priora,250000,2009,"бензин, 1.6 л",98.0,механика,передний,зеленый,153 000,3.0,левый,1 поколение,,Новосибирск,
https://auto.drom.ru/verh-irmen/lada/priora/878181993.html,878181993,LADA Priora,300000,2012,"бензин, 1.6 л",98.0,механика,передний,зеленый,155 000,2.0,левый,1 поколение,,"Верх-Ирмень, Новосибирская область",
https://auto.drom.ru/osinniki/lada/priora/232899412.html,232899412,LADA Priora,130000,2009,"бензин, 1.6 л",98.0,механика,передний,черный,218 000,,левый,1 поколение,1.6 MT Норма 21703-01-010,"Осинники, Кемеровская область",
https://auto.drom.ru/trehgorniy/lada/priora/655731480.html,655731480,LADA Priora,250000,2009,"бензин, 1.6 л",98.0,механика,передний,зеленый,236 473,,левый,1 поколение,1.6 MT Люкс 21703-03-041,"Трёхгорный, Челябинская область",
https://auto.drom.ru/alzamay/lada/priora/131078468.html,131078468,LADA Priora,300000,2012,"бензин, 1.6 л",98.0,механика,передний,черный,240 000,3.0,левый,1 поколение,,"Алзамай, Иркутская область",
https://auto.drom.ru/biysk/lada/priora/138039629.html,138039629,LADA Priora,145000,2009,"бензин, 1.6 л",98.0,механика,передний,красный,211 000,,левый,1 поколение,1.6 MT Норма 21703-01-012,"Бийск, Алтайский край",
https://auto.drom.ru/kurchaloy/lada/priora/539449898.html,539449898,LADA Priora,485000,2015,"бензин, 1.6 л",106.0,механика,передний,,334 000,,левый,"1 поколение, рестайлинг",,"Курчалой, Чеченская Республика",
https://auto.drom.ru/prokopyevsk/lada/priora/104968564.html,104968564,LADA Priora,195000,2010,"бензин, 1.6 л",98.0,механика,передний,,300 000,,левый,1 поколение,,"Прокопьевск, Кемеровская область",
https://auto.drom.ru/nozhay-yurt/lada/priora/813447922.html,813447922,LADA Priora,480000,2014,"бензин, 1.6 л",98.0,механика,передний,,240 000,,левый,"1 поколение, рестайлинг",,"Ножай-Юрт, Чеченская Республика",
https://auto.drom.ru/chelyabinsk/lada/kalina/818785421.html,818785421,LADA Kalina,280000,2009,"бензин, 1.4 л",88.0,механика,передний,серебристый,206 000,,,1 поколение,,Челябинск,
https://auto.drom.ru/novokuznetsk/lada/kalina/53931500.html,53931500,LADA Kalina,255000,2011,"бензин, 1.4 л",89.0,механика,передний,серебристый,178 000,3.0,,1 поколение,1.4 MT Люкс 11194-43-036,"Новокузнецк, Кемеровская область",
https://auto.drom.ru/omsk/lada/kalina/384800522.html,384800522,LADA Kalina,285000,2009,"бензин, 1.6 л",80.0,механика,передний,серебристый,160 000,3.0,,1 поколение,1.6 MT Стандарт 11173-31-040,Омск,
https://auto.drom.ru/angarsk/lada/kalina/124421069.html,124421069,LADA Kalina,239000,2010,"бензин, 1.4 л",88.0,механика,передний,серебристый,195 000,3.0,,1 поколение,1.4 MT Норма 11174-30-046,"Ангарск, Иркутская область",
https://auto.drom.ru/ekaterinburg/lada/kalina/265065796.html,265065796,LADA Kalina,280000,2010,"бензин, 1.6 л",81.0,механика,передний,серый,190 000,,,1 поколение,,Екатеринбург,
https://auto.drom.ru/krasnoyarsk/lada/kalina/566981646.html,566981646,LADA Kalina,215000,2010,"бензин, 1.6 л",96.0,механика,передний,серебристый,204 563,2.0,,1 поколение,1.6 MT Люкс 11196-32-036,Красноярск,
https://auto.drom.ru/suzun/lada/kalina/949714019.html,949714019,LADA Kalina,190000,2008,"бензин, 1.6 л",80.0,механика,передний,серебристый,149 358,2.0,,1 поколение,,"Сузун, Новосибирская область",
https://auto.drom.ru/tyumen/lada/kalina/636072935.html,636072935,LADA Kalina,250000,2012,"бензин, 1.6 л",81.0,механика,передний,бордовый,122 000,3.0,,1 поколение,,Тюмень,
https://auto.drom.ru/nizhniy-novgorod/lada/kalina/388733765.html,388733765,LADA Kalina,325000,2013,"бензин, 1.6 л",87.0,механика,передний,голубой,139 000,2.0,,2 поколение,1.6 MT Стандарт,Нижний Новгород,
https://auto.drom.ru/krasnoyarsk/lada/kalina/844558487.html,844558487,LADA Kalina,585000,2018,"бензин, 1.6 л",106.0,механика,передний,оранжевый,130 225,2.0,,2 поколение,,Красноярск,
https://auto.drom.ru/orenburg/lada/kalina/621566769.html,621566769,LADA Kalina,160000,2007,"бензин, 1.6 л",82.0,механика,передний,красный,230 000,,,1 поколение,,Оренбург,
https://auto.drom.ru/novokuznetsk/lada/kalina/521722333.html,521722333,LADA Kalina,135000,2011,"бензин, 1.6 л",84.0,механика,передний,черный,291 000,,,1 поколение,1.6 MT Норма 11173-40-074,"Новокузнецк, Кемеровская область",
https://auto.drom.ru/barnaul/lada/kalina/387928044.html,387928044,LADA Kalina,385000,2014,"бензин, 1.6 л",87.0,механика,передний,черный,120 000,3.0,,2 поколение,,Барнаул,
https://auto.drom.ru/barnaul/lada/kalina/662686376.html,662686376,LADA Kalina,160000,2012,"бензин, 1.4 л",89.0,механика,передний,белый,150 000,2.0,,1 поколение,1.4 MT Норма 11194-40-034,Барнаул,
https://auto.drom.ru/ekaterinburg/lada/kalina/735181094.html,735181094,LADA Kalina,190000,2012,"бензин, 1.6 л",81.0,механика,передний,белый,264 000,,,1 поколение,1.6 MT Стандарт 11173-41-040,Екатеринбург,
https://auto.drom.ru/krasnoyarsk/lada/kalina/512657158.html,512657158,LADA Kalina,347000,2012,"бензин, 1.4 л",89.0,механика,передний,черный,99 000,2.0,,1 поколение,1.4 MT Норма 11174-40-046,Красноярск,
https://auto.drom.ru/asino/lada/kalina/475009486.html,475009486,LADA Kalina,400000,2015,"бензин, 1.6 л",87.0,механика,передний,коричневый,148 000,,,2 поколение,1.6 MT Норма,"Асино, Томская область",
https://auto.drom.ru/novokuznetsk/lada/kalina/713619881.html,713619881,LADA Kalina,199000,2007,"бензин, 1.6 л",80.0,механика,передний,бежевый,149 000,,,1 поколение,,"Новокузнецк, Кемеровская область",
https://auto.drom.ru/samara/lada/kalina/581291353.html,581291353,LADA Kalina,550000,2017,"бензин, 1.6 л",87.0,механика,передний,белый,55 001,1.0,,2 поколение,,Самара,
https://auto.drom.ru/tula/lada/kalina/943124344.html,943124344,LADA Kalina,350000,2010,"бензин, 1.6 л",80.0,механика,передний,серебристый,214 120,,,1 поколение,1.6 MT Стандарт 11173-31-040,Тула,
https://auto.drom.ru/pskov/lada/kalina/284404509.html,284404509,LADA Kalina,165000,2008,"бензин, 1.6 л",80.0,механика,передний,фиолетовый,259 000,,,1 поколение,1.6 MT Норма 11193-30-040,Псков,
https://auto.drom.ru/barnaul/lada/2114/597662838.html,597662838,Лада 2114 Самара,154000,2009,"бензин, 1.6 л",81.0,механика,передний,черный,199 723,3.0,левый,1 поколение,,Барнаул,
https://auto.drom.ru/neftekamsk-bash/lada/2114/823938404.html,823938404,Лада 2114 Самара,130000,2008,"бензин, 1.6 л",81.0,механика,передний,серый,183 916,1.0,левый,1 поколение,,"Нефтекамск, Республика Башкортостан",
https://auto.drom.ru/leninsk-kuznetskiy/lada/2114/155926320.html,155926320,Лада 2114 Самара,150000,2004,"бензин, 1.5 л",77.0,механика,передний,синий,200,3.0,левый,1 поколение,1.5 MT Базовая,"Ленинск-Кузнецкий, Кемеровская область",
https://auto.drom.ru/novokuznetsk/lada/2114/436666462.html,436666462,Лада 2114 Самара,185000,2005,"бензин, 1.5 л",77.0,механика,передний,серебристый,112 000,2.0,левый,1 поколение,1.5 MT Базовая,"Новокузнецк, Кемеровская область",
https://auto.drom.ru/samara/lada/2114/635132441.html,635132441,Лада 2114 Самара,397000,2013,"бензин, 1.6 л",89.0,механика,передний,серебристый,151 880,1.0,левый,1 поколение,1.6 MT 211440-24,Самара,
https://auto.drom.ru/neftekamsk-bash/lada/2114/566687454.html,566687454,Лада 2114 Самара,110000,2011,"бензин, 1.6 л",81.0,механика,передний,серебристый,250 000,2.0,левый,1 поколение,,"Нефтекамск, Республика Башкортостан",
https://auto.drom.ru/karasuk/lada/2114/944517539.html,944517539,Лада 2114 Самара,370000,2012,"бензин, 1.6 л",89.0,механика,передний,белый,109 724,3.0,левый,1 поколение,1.6 MT 211440-24,"Карасук, Новосибирская область",
https://auto.drom.ru/tyumen/lada/2114/692328084.html,692328084,Лада 2114 Самара,150000,2007,"бензин, 1.6 л",81.0,механика,передний,черный,250 000,,левый,1 поколение,1.6 MT 21144-20-010,Тюмень,
https://auto.drom.ru/surgut/lada/2114/680436158.html,680436158,Лада 2114 Самара,300000,2007,"бензин, 1.5 л",77.0,механика,передний,черный,55 000,,левый,1 поколение,1.5 MT Базовая,"Сургут, Ханты-Мансийский автономный округ",
https://auto.drom.ru/yurga/lada/2114/365287957.html,365287957,Лада 2114 Самара,160000,2008,"бензин, 1.6 л",81.0,механика,передний,серебристый,35 000,3.0,левый,1 поколение,1.6 MT 21144-22-010,"Юрга, Кемеровская область",
https://auto.drom.ru/abakan/lada/2114/827842632.html,827842632,Лада 2114 Самара,229999,2011,"бензин, 1.6 л",89.0,механика,передний,серый,175 000,2.0,левый,1 поколение,1.6 MT 211440-24,Абакан,
https://auto.drom.ru/gorno-altaysk/lada/2114/511759200.html,511759200,Лада 2114 Самара,250000,2006,"бензин, 1.5 л",77.0,механика,передний,черный,86 000,2.0,левый,1 поколение,1.5 MT Базовая,Горно-Алтайск,
https://auto.drom.ru/grozniy/lada/2114/373940665.html,373940665,Лада 2114 Самара,175000,2011,"бензин, 1.6 л",81.0,механика,передний,,,,левый,1 поколение,,Грозный,
https://auto.drom.ru/minusinsk/lada/2114/145473854.html,145473854,Лада 2114 Самара,190000,2008,"бензин, 1.6 л",81.0,механика,передний,зеленый,248 300,,левый,1 поколение,,"Минусинск, Красноярский край",
https://auto.drom.ru/nizhniy-tagil/lada/2114/457467014.html,457467014,Лада 2114 Самара,90000,2008,"бензин, 1.6 л",81.0,механика,передний,коричневый,150 000,3.0,левый,1 поколение,,"Нижний Тагил, Свердловская область",
https://auto.drom.ru/kemerovo/lada/2114/287789230.html,287789230,Лада 2114 Самара,244999,2013,"бензин, 1.6 л",81.0,механика,передний,черный,217 072,3.0,левый,1 поколение,1.6 MT 21144-22-010,Кемерово,
https://auto.drom.ru/ekaterinburg/lada/2114/580999470.html,580999470,Лада 2114 Самара,135000,2004,"бензин, 1.5 л",77.0,механика,передний,зеленый,289 710,,левый,1 поколение,1.5 MT Базовая,Екатеринбург,
https://auto.drom.ru/kamen-na-obi/lada/2114/155573375.html,155573375,Лада 2114 Самара,205000,2007,"бензин, 1.6 л",81.0,механика,передний,серебристый,50,3.0,левый,1 поколение,1.6 MT 21144-20-010,"Камень-на-Оби, Алтайский край",
https://auto.drom.ru/ekaterinburg/lada/2114/846538305.html,846538305,Лада 2114 Самара,160000,2007,"бензин, 1.6 л",80.0,механика,передний,серебристый,198 096,,левый,1 поколение,,Екатеринбург,
https://auto.drom.ru/krasnoyarsk/lada/2114/766703938.html,766703938,Лада 2114 Самара,160000,2007,"бензин, 1.6 л",81.0,механика,передний,бежевый,200 000,,левый,1 поколение,1.6 MT 21144-20-010,Красноярск,
https://auto.drom.ru/tomsk/lada/2115/884669259.html,884669259,Лада 2115 Самара,170000,2006,"бензин, 1.5 л",76.0,механика,передний,серый,220 000,,левый,1 поколение,1.5i MT Базовая,Томск,
https://auto.drom.ru/stavropol/lada/2115/887803939.html,887803939,Лада 2115 Самара,170000,2009,"бензин, 1.6 л",81.0,механика,передний,серебристый,198 000,2.0,левый,1 поколение,1.6 MT 21154-20-010,Ставрополь,
https://auto.drom.ru/ekaterinburg/lada/2115/637381886.html,637381886,Лада 2115 Самара,120000,2008,"бензин, 1.6 л",81.0,механика,передний,серый,280 000,,левый,1 поколение,,Екатеринбург,
https://auto.drom.ru/surgut/lada/2115/883035015.html,883035015,Лада 2115 Самара,280000,2011,"бензин, 1.6 л",81.0,механика,передний,черный,187 160,3.0,левый,1 поколение,,"Сургут, Ханты-Мансийский автономный округ",
https://auto.drom.ru/tomsk/lada/2115/949174492.html,949174492,Лада 2115 Самара,280000,2010,"бензин, 1.6 л",80.0,механика,передний,серебристый,130 000,3.0,левый,1 поколение,1.6 MT 21154-22-010,Томск,
https://auto.drom.ru/verhnyaya-pyshma/lada/2115/919890201.html,919890201,Лада 2115 Самара,90000,2002,"бензин, 1.5 л",76.0,механика,передний,серый,2 200,3.0,левый,1 поколение,1.5i MT Базовая,"Верхняя Пышма, Свердловская область",
https://auto.drom.ru/shadrinsk/lada/2115/861039760.html,861039760,Лада 2115 Самара,200000,2007,"бензин, 1.6 л",81.0,механика,передний,зеленый,107 000,,левый,1 поколение,1.6 MT 21154-22-010,"Шадринск, Курганская область",
https://auto.drom.ru/tyumen/lada/2115/370827497.html,370827497,Лада 2115 Самара,65000,2008,"бензин, 1.6 л",80.0,механика,передний,зеленый,150 000,3.0,левый,1 поколение,1.6 MT 21154-22-010,Тюмень,
https://auto.drom.ru/chelyabinsk/lada/2115/866225394.html,866225394,Лада 2115 Самара,140000,2005,"бензин, 1.5 л",76.0,механика,передний,серый,260 000,,левый,1 поколение,1.5i MT Базовая,Челябинск,
https://auto.drom.ru/ulyanovsk/lada/2115/885814137.html,885814137,Лада 2115 Самара,135000,2007,"бензин, 1.6 л",81.0,механика,передний,серебристый,240 000,,левый,1 поколение,1.6 MT 21154-22-010,Ульяновск,
https://auto.drom.ru/tobolsk/lada/2115/915091128.html,915091128,Лада 2115 Самара,150000,2011,"бензин, 1.6 л",80.0,механика,передний,зеленый,200 000,3.0,левый,1 поколение,,"Тобольск, Тюменская область",
https://auto.drom.ru/kurgan/lada/2115/916613760.html,916613760,Лада 2115 Самара,130000,2001,"бензин, 1.5 л",76.0,механика,передний,серебристый,180 000,3.0,левый,1 поколение,1.5i MT Базовая,Курган,
https://auto.drom.ru/obninsk/lada/2115/841551446.html,841551446,Лада 2115 Самара,125000,2004,"бензин, 1.5 л",76.0,механика,передний,бежевый,102 000,3.0,левый,1 поколение,1.5i MT Базовая,"Обнинск, Калужская область",
https://auto.drom.ru/chelyabinsk/lada/2115/840827692.html,840827692,Лада 2115 Самара,145000,2005,"бензин, 1.5 л",76.0,механика,передний,серебристый,230 000,,левый,1 поколение,1.5i MT Базовая,Челябинск,
https://auto.drom.ru/slavgorod/lada/2115/841096900.html,841096900,Лада 2115 Самара,85000,2005,"бензин, 1.5 л",76.0,механика,передний,бордовый,250 000,,левый,1 поколение,1.5i MT Базовая,"Славгород, Алтайский край",
https://auto.drom.ru/donetsk/lada/2115/941596223.html,941596223,Лада 2115 Самара,170000,2009,"бензин, 1.6 л",81.0,механика,передний,черный,170 000,,левый,1 поколение,,"Донецк, Ростовская область",
https://auto.drom.ru/rubtsovsk/lada/2115/396580176.html,396580176,Лада 2115 Самара,140000,2009,"бензин, 1.6 л",81.0,механика,передний,черный,200 000,3.0,левый,1 поколение,1.6 MT 21154-20-010,"Рубцовск, Алтайский край",
https://auto.drom.ru/novosibirsk/lada/2115/108057165.html,108057165,Лада 2115 Самара,50000,2002,,,,,серый,200 000,,левый,1 поколение,,Новосибирск,
https://auto.drom.ru/selyatino/lada/2115/912333195.html,912333195,Лада 2115 Самара,350000,2011,"бензин, 1.6 л",81.0,механика,передний,серый,191 000,3.0,левый,1 поколение,1.6 MT 21154-30-012,"Селятино, Московская область",
https://auto.drom.ru/balashiha/lada/2115/915312875.html,915312875,Лада 2115 Самара,60000,2002,"бензин, 1.5 л",76.0,механика,передний,серебристый,260 000,3.0,левый,1 поколение,1.5i MT Базовая,"Балашиха, Московская область",
https://auto.drom.ru/novosibirsk/lada/2115/895227027.html,895227027,Лада 2115 Самара,330000,2010,"бензин, 1.6 л",81.0,механика,передний,черный,71 000,2.0,левый,1 поколение,1.6 MT 21154-22-010,Новосибирск,
https://auto.drom.ru/abakan/lada/2115/506538867.html,506538867,Лада 2115 Самара,270000,2003,"бензин, 1.5 л",76.0,механика,передний,черный,300 000,,левый,1 поколение,1.5i MT Базовая,Абакан,
https://auto.drom.ru/uyskoe/lada/2115/210052006.html,210052006,Лада 2115 Самара,75000,2005,"бензин, 1.5 л",76.0,механика,передний,серебристый,150 000,,левый,1 поколение,1.5i MT Базовая,"Уйское, Челябинская область",
https://auto.drom.ru/barnaul/lada/2107/100909082.html,100909082,Лада 2107,170000,2012,"бензин, 1.6 л",74.0,механика,задний,серебристый,123 162,3.0,,1 поколение,1.6 MT 21074-40-015 Стандарт,Барнаул,
https://auto.drom.ru/blagoveshchensk/lada/2107/553449538.html,553449538,Лада 2107,580000,2001,"бензин, 1.5 л",71.0,механика,задний,белый,24 400,3.0,,1 поколение,1.5 MT5 2107,Благовещенск,
https://auto.drom.ru/nazarovo/lada/2107/830581315.html,830581315,Лада 2107,223000,2009,"бензин, 1.6 л",74.0,механика,задний,зеленый,140 000,3.0,,1 поколение,1.6 MT 21074-30-012 Стандарт,"Назарово, Красноярский край",
https://auto.drom.ru/rubtsovsk/lada/2107/713653898.html,713653898,Лада 2107,100000,2002,"бензин, 1.5 л",71.0,механика,задний,фиолетовый,169 604,,,1 поколение,,"Рубцовск, Алтайский край",
https://auto.drom.ru/volgograd/lada/2107/313967971.html,313967971,Лада 2107,50000,2005,"бензин, 1.6 л",76.0,механика,задний,белый,213 999,,,1 поколение,1.6 MT 21074,Волгоград,
https://auto.drom.ru/zima/lada/2107/234609950.html,234609950,Лада 2107,320000,2010,"бензин, 1.6 л",74.0,механика,задний,зеленый,100 000,3.0,,1 поколение,1.6 MT 21074-30-015 Стандарт,"Зима, Иркутская область",
https://auto.drom.ru/novoaltaysk/lada/2107/834565857.html,834565857,Лада 2107,110000,2004,"бензин, 1.6 л",74.0,механика,задний,белый,60 000,3.0,,1 поколение,1.6 MT 21074-30-012 Стандарт,"Новоалтайск, Алтайский край",
https://auto.drom.ru/grozniy/lada/2107/163748434.html,163748434,Лада 2107,220000,2006,"бензин, 1.5 л",71.0,механика,задний,,,,,1 поколение,,Грозный,
https://auto.drom.ru/novosibirsk/lada/2107/774402200.html,774402200,Лада 2107,145000,2008,"бензин, 1.6 л",72.0,механика,задний,коричневый,50 000,1.0,,1 поколение,1.6 MT 21074-40-015,Новосибирск,
https://auto.drom.ru/barnaul/lada/2107/218837229.html,218837229,Лада 2107,170000,2006,"бензин, 1.6 л",72.0,механика,задний,белый,90 000,,,1 поколение,1.6 MT 21074-30-015 Стандарт,Барнаул,
https://auto.drom.ru/ekaterinburg/lada/2107/816786497.html,816786497,Лада 2107,32000,1999,"бензин, 1.6 л",75.0,механика,задний,зеленый,73 000,,,1 поколение,1.6 MT 21074,Екатеринбург,
https://auto.drom.ru/rubtsovsk/lada/2107/487925498.html,487925498,Лада 2107,80000,2003,"бензин, 1.3 л",64.0,механика,задний,белый,77 123,3.0,,1 поколение,1.3 MT 21072,"Рубцовск, Алтайский край",
https://auto.drom.ru/novosibirsk/lada/2107/711800548.html,711800548,Лада 2107,45000,2004,"бензин, 1.6 л",74.0,механика,задний,бордовый,250 000,3.0,,1 поколение,1.6 MT 21074-30-011,Новосибирск,
https://auto.drom.ru/achinsk/lada/2107/144582008.html,144582008,Лада 2107,125000,2007,"бензин, 1.6 л",74.0,механика,задний,белый,100 000,3.0,,1 поколение,1.6 MT 21074-30-011,"Ачинск, Красноярский край",
https://auto.drom.ru/minusinsk/lada/2107/910400521.html,910400521,Лада 2107,93000,2002,"бензин, 1.6 л",74.0,механика,задний,белый,10 000,3.0,,1 поколение,,"Минусинск, Красноярский край",
https://auto.drom.ru/belovo/lada/2107/946688591.html,946688591,Лада 2107,75000,2005,"бензин, 1.6 л",74.0,механика,задний,зеленый,100 000,,,1 поколение,1.6 MT 21074-30-011,"Белово, Кемеровская область",
https://auto.drom.ru/zarinsk/lada/2107/206260786.html,206260786,Лада 2107,240000,2008,"бензин, 1.5 л",68.0,механика,задний,,57 500,3.0,,1 поколение,1.5 MT 2107-20,"Заринск, Алтайский край",
https://auto.drom.ru/habarovsk/lada/2107/277300375.html,277300375,Лада 2107,125000,2011,"бензин, 1.6 л",72.0,механика,задний,серый,86 400,2.0,,1 поколение,,Хабаровск,
https://auto.drom.ru/kochenyovo/lada/2107/323221977.html,323221977,Лада 2107,185000,2002,"бензин, 1.6 л",74.0,механика,задний,фиолетовый,46 700,,,1 поколение,1.6 MT 21074-30-013,"Коченёво, Новосибирская область",
https://auto.drom.ru/biysk/lada/2107/131496060.html,131496060,Лада 2107,145000,2008,"бензин, 1.6 л",72.0,механика,задний,зеленый,98 000,3.0,,1 поколение,,"Бийск, Алтайский край",
https://auto.drom.ru/komsomolsk/lada/2106/656125218.html,656125218,Лада 2106,120000,1995,"бензин, 1.6 л",75.0,механика,задний,белый,134 000,2.0,левый,1 поколение,1.6 MT4 2106,"Комсомольск-на-Амуре, Хабаровский край",
https://auto.drom.ru/slavgorod/lada/2106/287198182.html,287198182,Лада 2106,135000,2000,"бензин, 1.6 л",75.0,механика,задний,зеленый,38 180,2.0,левый,1 поколение,1.6 MT4 2106,"Славгород, Алтайский край",
https://auto.drom.ru/novosibirsk/lada/2106/902063539.html,902063539,Лада 2106,195000,1998,"бензин, 1.6 л",75.0,механика,задний,белый,26 000,,левый,1 поколение,,Новосибирск,
https://auto.drom.ru/chita/lada/2106/380567293.html,380567293,Лада 2106,135000,2002,"бензин, 1.5 л",72.0,механика,задний,зеленый,40 439,,левый,1 поколение,,Чита,
https://auto.drom.ru/chelyabinsk/lada/2106/925937717.html,925937717,Лада 2106,75000,1985,"бензин, 1.5 л",72.0,механика,задний,зеленый,111 111,3.0,левый,1 поколение,,Челябинск,
https://auto.drom.ru/volgograd/lada/2106/867195361.html,867195361,Лада 2106,571013,1989,"бензин, 1.3 л",64.0,механика,задний,зеленый,46 661,1.0,левый,1 поколение,1.3 MT 21063,Волгоград,
https://auto.drom.ru/barabinsk/lada/2106/761602853.html,761602853,Лада 2106,100000,1999,"бензин, 1.6 л",75.0,механика,задний,синий,75 869,,левый,1 поколение,1.6 MT 21065,"Барабинск, Новосибирская область",
https://auto.drom.ru/vladivostok/lada/2106/810387412.html,810387412,Лада 2106,65000,1977,"бензин, 1.6 л",80.0,механика,задний,синий,200 000,3.0,правый,,,Владивосток,
https://auto.drom.ru/abakan/lada/2106/909602529.html,909602529,Лада 2106,175000,2004,"бензин, 1.5 л",72.0,механика,задний,зеленый,62 845,3.0,левый,1 поколение,,Абакан,
https://auto.drom.ru/isilkul/lada/2106/524040199.html,524040199,Лада 2106,80000,1996,"бензин, 1.5 л",72.0,механика,задний,синий,50 000,2.0,левый,1 поколение,1.5 MT4 21061,"Исилькуль, Омская область",
https://auto.drom.ru/elizovo/lada/2106/197168813.html,197168813,Лада 2106,125000,1987,"бензин, 1.3 л",64.0,механика,задний,серый,100 000,3.0,левый,1 поколение,1.3 MT 21063,"Елизово, Камчатский край",
https://auto.drom.ru/vilino/lada/2106/872559737.html,872559737,Лада 2106,110000,1997,"бензин, 1.5 л",72.0,механика,задний,зеленый,525 000,3.0,левый,1 поколение,,"Вилино, Республика Крым",
https://auto.drom.ru/kemerovo/lada/2106/845756487.html,845756487,Лада 2106,59000,1995,"бензин, 1.6 л",75.0,механика,задний,бордовый,69 300,,левый,1 поколение,1.6 MT4 2106,Кемерово,
https://auto.drom.ru/irkutsk/lada/2106/884078711.html,884078711,Лада 2106,99900,1992,"бензин, 1.5 л",72.0,механика,задний,синий,67 676,,левый,1 поколение,,Иркутск,
https://auto.drom.ru/omsk/lada/2106/860079278.html,860079278,Лада 2106,170000,1996,"бензин, 1.5 л",72.0,механика,задний,белый,105 000,2.0,левый,1 поколение,1.5 MT4 21061,Омск,
https://auto.drom.ru/abakan/lada/2106/452440818.html,452440818,Лада 2106,96000,1998,"бензин, 1.6 л",75.0,механика,задний,белый,100 000,,левый,1 поколение,,Абакан,
https://auto.drom.ru/novosibirsk/lada/2106/434604620.html,434604620,Лада 2106,70000,1997,"бензин, 1.5 л",72.0,механика,задний,зеленый,18 562,2.0,левый,1 поколение,1.5 MT 21065-01,Новосибирск,
https://auto.drom.ru/salair/lada/2106/877147275.html,877147275,Лада 2106,125000,1999,"бензин, 1.5 л",72.0,механика,задний,фиолетовый,178 000,3.0,левый,1 поколение,,"Салаир, Кемеровская область",
https://auto.drom.ru/korolev/lada/2106/858297365.html,858297365,Лада 2106,95000,1987,"бензин, 1.6 л",75.0,механика,задний,зеленый,45 456,,левый,1 поколение,1.6 MT4 2106,"Королёв, Московская область",
https://auto.drom.ru/krasnoyarsk/lada/2106/941672473.html,941672473,Лада 2106,200000,1996,"бензин, 1.5 л",72.0,механика,задний,серый,130 000,2.0,левый,1 поколение,1.5 MT 21065-01,Красноярск,
https://auto.drom.ru/moscow/renault/logan/831768427.html,831768427,Рено Логан,230000,2012,"бензин, 1.4 л",75.0,механика,передний,синий,271 206,,левый,"1 поколение, рестайлинг",1.4 MT Authentique,Москва,
https://auto.drom.ru/spb/renault/logan/842826240.html,842826240,Рено Логан,535000,2017,"бензин, 1.6 л",102.0,АКПП,передний,белый,296 035,,левый,2 поколение,1.6 AT Active,Санкт-Петербург,
https://auto.drom.ru/tyumen/renault/logan/450198500.html,450198500,Рено Логан,90000,2018,"бензин, 1.6 л",102.0,АКПП,передний,белый,100 000,1.0,левый,"2 поколение, рестайлинг",,Тюмень,
https://auto.drom.ru/berdsk/renault/logan/359331435.html,359331435,Рено Логан,325000,2021,"бензин, 1.6 л",82.0,механика,передний,белый,260 000,1.0,левый,"2 поколение, рестайлинг",1.6 MT Drive,"Бердск, Новосибирская область",
https://auto.drom.ru/tomsk/renault/logan/716838427.html,716838427,Рено Логан,350000,2011,"бензин, 1.6 л",84.0,механика,передний,бордовый,215 800,3.0,левый,"1 поколение, рестайлинг",,Томск,
https://auto.drom.ru/novosibirsk/renault/logan/751689146.html,751689146,Рено Логан,350000,2007,"бензин, 1.4 л",75.0,механика,передний,синий,250 000,1.0,левый,1 поколение,1.4 MT Expression,Новосибирск,
https://auto.drom.ru/tomsk/renault/logan/477285209.html,477285209,Рено Логан,200000,2007,"бензин, 1.4 л",75.0,механика,передний,белый,170 000,3.0,левый,1 поколение,,Томск,
https://auto.drom.ru/barnaul/renault/logan/273368816.html,273368816,Рено Логан,350000,2008,"бензин, 1.4 л",75.0,механика,передний,,283 000,1.0,левый,1 поколение,,Барнаул,
https://auto.drom.ru/tomsk/renault/logan/630934679.html,630934679,Рено Логан,370000,2012,"бензин, 1.4 л",75.0,механика,передний,серый,218 000,1.0,левый,"1 поколение, рестайлинг",1.4 MT Base,Томск,
https://auto.drom.ru/bogdanovich/renault/logan/660309607.html,660309607,Рено Логан,629000,2016,"бензин, 1.6 л",82.0,робот,передний,бежевый,167 000,3.0,левый,2 поколение,,"Богданович, Свердловская область",
https://auto.drom.ru/revda/renault/logan/710142309.html,710142309,Рено Логан,260000,2011,"бензин, 1.6 л",84.0,механика,передний,голубой,237 643,,левый,"1 поколение, рестайлинг",,"Ревда, Свердловская область",
https://auto.drom.ru/vladivostok/renault/logan/801264043.html,801264043,Рено Логан,1752000,2022,"бензин, 1.6 л",82.0,механика,передний,белый,11,1.0,левый,"2 поколение, рестайлинг",1.6 MT Access,Владивосток,
https://auto.drom.ru/oktyabrsk/renault/logan/321946871.html,321946871,Рено Логан,390000,2011,"бензин, 1.6 л",84.0,механика,передний,бежевый,181 000,,левый,"1 поколение, рестайлинг",1.6 MT Expression,"Октябрьский, Республика Башкортостан",
https://auto.drom.ru/krasnoyarsk/renault/logan/240821278.html,240821278,Рено Логан,280000,2006,"бензин, 1.6 л",87.0,механика,передний,,406 000,,левый,1 поколение,,Красноярск,
https://auto.drom.ru/ekaterinburg/renault/logan/628666873.html,628666873,Рено Логан,300000,2008,"бензин, 1.4 л",75.0,механика,передний,черный,256 000,2.0,левый,1 поколение,1.4 MT Authentique,Екатеринбург,
https://auto.drom.ru/angarsk/renault/logan/447728308.html,447728308,Рено Логан,275000,2011,"бензин, 1.4 л",75.0,механика,передний,белый,228 300,3.0,левый,"1 поколение, рестайлинг",,"Ангарск, Иркутская область",
https://auto.drom.ru/rubtsovsk/renault/logan/321569874.html,321569874,Рено Логан,220000,2008,"бензин, 1.4 л",75.0,механика,передний,серый,500 000,,левый,1 поколение,1.4 MT Expression,"Рубцовск, Алтайский край",
https://auto.drom.ru/irkutsk/renault/logan/339862770.html,339862770,Рено Логан,820000,2019,"бензин, 1.6 л",82.0,механика,передний,белый,76 500,3.0,левый,"2 поколение, рестайлинг",,Иркутск,
https://auto.drom.ru/tomsk/renault/logan/856642454.html,856642454,Рено Логан,550000,2011,"бензин, 1.6 л",84.0,механика,передний,синий,190,2.0,левый,"1 поколение, рестайлинг",,Томск,
https://auto.drom.ru/kemerovo/renault/logan/839777296.html,839777296,Рено Логан,479995,2017,"бензин, 1.6 л",82.0,механика,передний,белый,231 581,3.0,левый,2 поколение,1.6 MT Access,Кемерово,
https://auto.drom.ru/kopeysk/renault/sandero/547933967.html,547933967,Рено Сандеро,540000,2014,"бензин, 1.4 л",75.0,механика,передний,черный,72 315,2.0,левый,1 поколение,,"Копейск, Челябинская область",
https://auto.drom.ru/tomsk/renault/sandero/917526811.html,917526811,Рено Сандеро,390000,2010,"бензин, 1.4 л",75.0,механика,передний,черный,270 000,2.0,левый,1 поколение,1.4 MT Authentique,Томск,
https://auto.drom.ru/irkutsk/renault/sandero/503762825.html,503762825,Рено Сандеро,429000,2012,"бензин, 1.4 л",75.0,механика,передний,,204 000,1.0,левый,1 поколение,1.4 MT Expression,Иркутск,
https://auto.drom.ru/novokuznetsk/renault/sandero/750191364.html,750191364,Рено Сандеро,358000,2018,"бензин, 1.6 л",102.0,АКПП,передний,серебристый,205 000,2.0,левый,"2 поколение, рестайлинг",1.6 AT Life,"Новокузнецк, Кемеровская область",
https://auto.drom.ru/pavlovsk-altai/renault/sandero/626955423.html,626955423,Рено Сандеро,210000,2011,"бензин, 1.4 л",75.0,механика,передний,красный,700 000,,левый,1 поколение,,"Павловск, Алтайский край",
https://auto.drom.ru/chelyabinsk/renault/sandero/865119657.html,865119657,Рено Сандеро,640000,2013,"бензин, 1.6 л",102.0,механика,передний,серебристый,108 405,3.0,левый,1 поколение,1.6 MT Prestige,Челябинск,
https://auto.drom.ru/kuragino/renault/sandero/811436349.html,811436349,Рено Сандеро,699000,2018,"бензин, 1.6 л",82.0,механика,передний,белый,97 600,3.0,левый,2 поколение,,"Курагино, Красноярский край",
https://auto.drom.ru/barnaul/renault/sandero/514009119.html,514009119,Рено Сандеро,469000,2013,"бензин, 1.6 л",84.0,механика,передний,белый,193 000,1.0,левый,1 поколение,1.6 MT Prestige,Барнаул,
https://auto.drom.ru/barnaul/renault/sandero/587632700.html,587632700,Рено Сандеро,590000,2012,"бензин, 1.4 л",75.0,механика,передний,бежевый,208 000,1.0,левый,1 поколение,,Барнаул,
https://auto.drom.ru/rostov-na-donu/renault/sandero/804354457.html,804354457,Рено Сандеро,560000,2011,"бензин, 1.6 л",105.0,АКПП,передний,красный,200 155,2.0,левый,1 поколение,,Ростов-на-Дону,
https://auto.drom.ru/kazan/renault/sandero/449111183.html,449111183,Рено Сандеро,810000,2017,"бензин, 1.6 л",82.0,механика,передний,серебристый,189 000,1.0,левый,2 поколение,1.6 MT Confort,Казань,
https://auto.drom.ru/magnitogorsk/renault/sandero/713811498.html,713811498,Рено Сандеро,969000,2019,"бензин, 1.6 л",113.0,механика,передний,бежевый,39 012,3.0,левый,"2 поколение, рестайлинг",,"Магнитогорск, Челябинская область",
https://auto.drom.ru/murmansk/renault/sandero/759250115.html,759250115,Рено Сандеро,820000,2016,"бензин, 1.6 л",102.0,АКПП,передний,серый,171 882,1.0,левый,2 поколение,,Мурманск,
https://auto.drom.ru/kazan/renault/sandero/399545422.html,399545422,Рено Сандеро,649000,2014,"бензин, 1.6 л",84.0,механика,передний,черный,180 471,3.0,левый,1 поколение,1.6 MT Limited Edition,Казань,
https://auto.drom.ru/novokuznetsk/renault/sandero/300828301.html,300828301,Рено Сандеро,555000,2011,"бензин, 1.6 л",84.0,механика,передний,черный,62 850,2.0,левый,1 поколение,1.6 MT Energy,"Новокузнецк, Кемеровская область",
https://auto.drom.ru/tatishchevo/renault/sandero/608718779.html,608718779,Рено Сандеро,500000,2012,"бензин, 1.6 л",84.0,механика,передний,серый,205 000,2.0,левый,1 поколение,1.6 MT Prestige,"Татищево, Саратовская область",
https://auto.drom.ru/samara/renault/sandero/735672603.html,735672603,Рено Сандеро,1149000,2021,"бензин, 1.6 л",102.0,АКПП,передний,золотистый,112 800,2.0,левый,"2 поколение, рестайлинг",1.6 AT Life,Самара,
https://auto.drom.ru/neftekamsk-bash/renault/sandero/818512401.html,818512401,Рено Сандеро,510000,2011,"бензин, 1.6 л",84.0,механика,передний,бежевый,122 863,3.0,левый,1 поколение,,"Нефтекамск, Республика Башкортостан",
https://auto.drom.ru/votkinsk/renault/sandero/519548669.html,519548669,Рено Сандеро,275000,2012,"бензин, 1.4 л",75.0,механика,передний,красный,150 000,3.0,левый,1 поколение,1.4 MT Authentique,"Воткинск, Удмуртская Республика",
https://auto.drom.ru/zlatoust/renault/sandero/591216441.html,591216441,Рено Сандеро,920000,2016,"бензин, 1.6 л",82.0,механика,передний,красный,128 000,3.0,левый,2 поколение,1.6 MT Privilege,"Златоуст, Челябинская область",
https://auto.drom.ru/barnaul/renault/duster/323739683.html,323739683,Рено Дастер,889000,2012,"бензин, 2.0 л",135.0,механика,4WD,серый,87 196,,левый,1 поколение,2.0 MT 4x4 Luxe Privilege,Барнаул,
https://auto.drom.ru/blagoveshchensk/renault/duster/771382787.html,771382787,Рено Дастер,660000,2018,"бензин, 1.6 л",114.0,механика,4WD,белый,279 144,1.0,левый,"1 поколение, рестайлинг",1.6 MT 4x4 Authentique,Благовещенск,
https://auto.drom.ru/salsk/renault/duster/796369056.html,796369056,Рено Дастер,1700000,2022,"бензин, 1.3 л",149.0,механика,4WD,оранжевый,126 381,2.0,левый,2 поколение,1.3 TCe 150 MT 4x4 Style,"Сальск, Ростовская область",
https://auto.drom.ru/nizhnevartovsk/renault/duster/173215467.html,173215467,Рено Дастер,1680000,2021,"бензин, 2.0 л, ГБО",143.0,механика,4WD,белый,220 000,2.0,левый,2 поколение,2.0 MT 4x4 Style,"Нижневартовск, Ханты-Мансийский автономный округ",
https://auto.drom.ru/surgut/renault/duster/350450341.html,350450341,Рено Дастер,1353000,2021,"бензин, 1.6 л",117.0,механика,4WD,серый,195 118,1.0,левый,2 поколение,,"Сургут, Ханты-Мансийский автономный округ",
https://auto.drom.ru/togliatti/renault/duster/755252777.html,755252777,Рено Дастер,1285000,2018,"бензин, 1.6 л",114.0,механика,4WD,белый,145 000,2.0,левый,"1 поколение, рестайлинг",1.6 MT 4x4 Privilege,"Тольятти, Самарская область",
https://auto.drom.ru/vladivostok/renault/duster/836913575.html,836913575,Рено Дастер,2950000,2021,"бензин, 1.3 л",149.0,механика,4WD,оранжевый,11,,левый,2 поколение,1.3 TCe 150 MT 4x4 Edition One,Владивосток,
https://auto.drom.ru/novosibirsk/renault/duster/727694648.html,727694648,Рено Дастер,1250000,2015,"бензин, 2.0 л",143.0,механика,4WD,белый,73 000,2.0,левый,"1 поколение, рестайлинг",,Новосибирск,
https://auto.drom.ru/kemerovo/renault/duster/751757598.html,751757598,Рено Дастер,670000,2012,"бензин, 2.0 л",135.0,механика,4WD,белый,278 000,2.0,левый,1 поколение,2.0 MT 4x4 Privilege,Кемерово,
https://auto.drom.ru/ufa/renault/duster/573502954.html,573502954,Рено Дастер,500000,2017,"бензин, 1.6 л",114.0,механика,4WD,белый,434 087,3.0,левый,"1 поколение, рестайлинг",,Уфа,
https://auto.drom.ru/mirniy/renault/duster/411278983.html,411278983,Рено Дастер,1000000,2015,"бензин, 2.0 л",135.0,механика,4WD,белый,200 000,2.0,левый,1 поколение,2.0 MT 4x4 Privilege,"Мирный, Республика Саха (Якутия)",
https://auto.drom.ru/kazan/renault/duster/515305194.html,515305194,Рено Дастер,865000,2013,"бензин, 2.0 л",135.0,АКПП,передний,коричневый,206 759,3.0,левый,1 поколение,2.0 AT 4x2 Privilege,Казань,
https://auto.drom.ru/penza/renault/duster/162856239.html,162856239,Рено Дастер,899000,2014,"бензин, 2.0 л",135.0,механика,4WD,серебристый,233 000,,левый,1 поколение,2.0 MT 4x4 LE Adventure,Пенза,
https://auto.drom.ru/sterlitamak/renault/duster/747027672.html,747027672,Рено Дастер,1450000,2019,"дизель, 1.5 л",109.0,механика,4WD,серый,107 004,3.0,левый,,,"Стерлитамак, Республика Башкортостан",
https://auto.drom.ru/ulan-ude/renault/duster/833678343.html,833678343,Рено Дастер,860000,2016,"бензин, 1.6 л",114.0,механика,4WD,белый,189 000,3.0,левый,"1 поколение, рестайлинг",1.6 MT 4x4 Authentique,Улан-Удэ,
https://auto.drom.ru/tula/renault/duster/723695169.html,723695169,Рено Дастер,1100000,2016,"бензин, 1.6 л",114.0,механика,4WD,коричневый,160 000,2.0,левый,"1 поколение, рестайлинг",,Тула,
https://auto.drom.ru/kazan/renault/duster/150093929.html,150093929,Рено Дастер,1223000,2016,"бензин, 1.6 л",114.0,механика,4WD,коричневый,86 925,,левый,"1 поколение, рестайлинг",,Казань,
https://auto.drom.ru/himki/renault/duster/600421815.html,600421815,Рено Дастер,1389000,2021,"дизель, 1.5 л",109.0,механика,4WD,оранжевый,320 375,1.0,левый,2 поколение,,"Химки, Московская область",
https://auto.drom.ru/tomsk/renault/duster/621351396.html,621351396,Рено Дастер,1125000,2015,"бензин, 2.0 л",143.0,АКПП,4WD,белый,141 379,3.0,левый,"1 поколение, рестайлинг",2.0 AT 4x4 Privilege,Томск,
https://auto.drom.ru/voronezh/renault/duster/261448712.html,261448712,Рено Дастер,795000,2014,"бензин, 2.0 л",135.0,АКПП,4WD,коричневый,236 914,2.0,левый,1 поколение,,Воронеж,
https://auto.drom.ru/kamyshlov/renault/duster/789458572.html,789458572,Рено Дастер,780000,2012,"бензин, 1.6 л",102.0,механика,4WD,бежевый,143 054,3.0,левый,1 поколение,1.6 MT 4x4 Authentique,"Камышлов, Свердловская область",
https://auto.drom.ru/tver/renault/kaptur/909662308.html,909662308,Рено Каптур,1550000,2017,"бензин, 2.0 л",143.0,АКПП,4WD,белый,113 607,2.0,левый,1 поколение,2.0 AT 4WD Style,Тверь,
https://auto.drom.ru/miass/renault/kaptur/940592665.html,940592665,Рено Каптур,799000,2016,"бензин, 2.0 л",143.0,АКПП,4WD,оранжевый,198 392,,левый,1 поколение,,"Миасс, Челябинская область",
https://auto.drom.ru/noyabrsk/renault/kaptur/929271340.html,929271340,Рено Каптур,1450000,2019,"бензин, 2.0 л",143.0,механика,4WD,белый,157 468,1.0,левый,1 поколение,2.0 MT 4WD Style,"Ноябрьск, Ямало-Ненецкий автономный округ",
https://auto.drom.ru/chita/renault/kaptur/490462038.html,490462038,Рено Каптур,1020000,2018,"бензин, 1.6 л",114.0,вариатор,передний,белый,130 000,3.0,левый,1 поколение,1.6 CVT Life,Чита,
https://auto.drom.ru/kemerovo/renault/kaptur/286193315.html,286193315,Рено Каптур,1685000,2021,"бензин, 1.6 л",114.0,вариатор,передний,белый,31 000,1.0,левый,"1 поколение, рестайлинг",,Кемерово,
https://auto.drom.ru/irkutsk/renault/kaptur/789021220.html,789021220,Рено Каптур,1200000,2018,"бензин, 1.6 л",114.0,вариатор,передний,белый,130 000,2.0,левый,1 поколение,1.6 CVT Drive,Иркутск,
https://auto.drom.ru/pskov/renault/kaptur/692428425.html,692428425,Рено Каптур,1745000,2021,"бензин, 1.6 л",114.0,вариатор,передний,синий,23 138,2.0,левый,"1 поколение, рестайлинг",1.6 CVT 4х2 Drive,Псков,
https://auto.drom.ru/sochi/renault/kaptur/808068746.html,808068746,Рено Каптур,1631000,2019,"бензин, 2.0 л",143.0,АКПП,4WD,красный,106 640,2.0,левый,1 поколение,2.0 AT 4WD Drive,"Сочи, Краснодарский край",
https://auto.drom.ru/krasnodar/renault/kaptur/936920114.html,936920114,Рено Каптур,1500000,2019,"бензин, 2.0 л",143.0,АКПП,4WD,оранжевый,150 000,1.0,левый,1 поколение,2.0 AT 4WD Style,Краснодар,
https://auto.drom.ru/emanzhelinsk/renault/kaptur/337083563.html,337083563,Рено Каптур,1250000,2017,"бензин, 1.6 л",114.0,механика,передний,черный,130 000,1.0,левый,1 поколение,1.6 MT Life,"Еманжелинск, Челябинская область",
https://auto.drom.ru/bryansk/renault/kaptur/903651012.html,903651012,Рено Каптур,1345000,2018,"бензин, 1.6 л",114.0,вариатор,передний,красный,121 894,3.0,левый,1 поколение,1.6 CVT Play,Брянск,
https://auto.drom.ru/chelyabinsk/renault/kaptur/786735120.html,786735120,Рено Каптур,1589000,2018,"бензин, 2.0 л",143.0,АКПП,4WD,,73 554,,левый,1 поколение,,Челябинск,
https://auto.drom.ru/ekaterinburg/renault/kaptur/724797137.html,724797137,Рено Каптур,1460000,2018,"бензин, 2.0 л",143.0,АКПП,4WD,белый,145 402,1.0,левый,1 поколение,2.0 AT 4WD Style,Екатеринбург,
https://auto.drom.ru/abakan/renault/kaptur/336766898.html,336766898,Рено Каптур,1599000,2018,"бензин, 2.0 л",143.0,механика,4WD,серый,97 000,2.0,левый,1 поколение,2.0 MT 4WD Style,Абакан,
https://auto.drom.ru/ufa/renault/kaptur/354025218.html,354025218,Рено Каптур,1750000,2021,"бензин, 1.6 л",114.0,механика,передний,белый,61 886,1.0,левый,"1 поколение, рестайлинг",,Уфа,
https://auto.drom.ru/kemerovo/renault/kaptur/442476513.html,442476513,Рено Каптур,1549999,2020,"бензин, 1.3 л",149.0,вариатор,4WD,синий,94 562,2.0,левый,"1 поколение, рестайлинг",1.3 TCe 150 CVT 4х4 Edition One,Кемерово,
https://auto.drom.ru/kemerovo/renault/kaptur/405629071.html,405629071,Рено Каптур,879000,2017,"бензин, 1.6 л",114.0,вариатор,передний,белый,130 030,3.0,левый,1 поколение,1.6 CVT Extreme,Кемерово,
https://auto.drom.ru/velikie-luki/renault/kaptur/698132328.html,698132328,Рено Каптур,1820000,2018,"бензин, 2.0 л",143.0,механика,4WD,серый,87 940,2.0,левый,1 поколение,2.0 MT 4WD Extreme,"Великие Луки, Псковская область",
https://auto.drom.ru/orenburg/renault/kaptur/775094540.html,775094540,Рено Каптур,1530000,2018,"бензин, 2.0 л",143.0,механика,4WD,белый,116 260,1.0,левый,1 поколение,2.0 MT 4WD Drive,Оренбург,
https://auto.drom.ru/krasnodar/renault/kaptur/731689913.html,731689913,Рено Каптур,1653000,2022,"бензин, 1.3 л",149.0,вариатор,передний,синий,61 000,2.0,левый,"1 поколение, рестайлинг",,Краснодар,
https://auto.drom.ru/tambov/renault/arkana/552989019.html,552989019,Рено Аркана,1750000,2019,"бензин, 1.3 л",149.0,вариатор,передний,белый,35 862,1.0,левый,1 поколение,,Тамбов,
https://auto.drom.ru/tyumen/renault/arkana/765931456.html,765931456,Рено Аркана,1610000,2021,"бензин, 1.3 л",149.0,вариатор,4WD,красный,90 267,3.0,левый,1 поколение,1.3 TCe 150 CVT 4x4 LE Pulse,Тюмень,
https://auto.drom.ru/habarovsk/renault/arkana/812512896.html,812512896,Рено Аркана,2000000,2020,"бензин, 1.3 л",149.0,вариатор,4WD,бордовый,67 000,2.0,левый,1 поколение,1.3 TCe 150 CVT 4x4 Prime,Хабаровск,
https://auto.drom.ru/ekaterinburg/renault/arkana/665316320.html,665316320,Рено Аркана,1850000,2019,"бензин, 1.6 л",114.0,вариатор,передний,черный,64 978,3.0,левый,1 поколение,1.6 CVT 4x2 Style,Екатеринбург,
https://auto.drom.ru/tomsk/renault/arkana/406545050.html,406545050,Рено Аркана,1780000,2021,"бензин, 1.6 л",114.0,вариатор,передний,синий,45 000,2.0,левый,1 поколение,1.6 CVT 4x2 Style,Томск,
https://auto.drom.ru/vladivostok/renault/arkana/280849583.html,280849583,Рено Аркана,2780000,2021,"бензин, 1.6 л",114.0,вариатор,передний,серый,11,1.0,левый,1 поколение,1.6 CVT 4x2 Drive,Владивосток,
https://auto.drom.ru/barnaul/renault/arkana/381395905.html,381395905,Рено Аркана,1815000,2019,"бензин, 1.3 л",149.0,вариатор,4WD,белый,63 388,1.0,левый,1 поколение,1.3 TCe 150 CVT 4x4 Style,Барнаул,
https://auto.drom.ru/chelyabinsk/renault/arkana/248588592.html,248588592,Рено Аркана,1470000,2019,"бензин, 1.6 л",114.0,вариатор,передний,коричневый,98 545,3.0,левый,1 поколение,1.6 CVT 4x2 Drive,Челябинск,
https://auto.drom.ru/orenburg/renault/arkana/369392542.html,369392542,Рено Аркана,1450000,2021,"бензин, 1.6 л",114.0,вариатор,передний,белый,122 700,2.0,левый,1 поколение,1.6 CVT 4x2 Drive,Оренбург,
https://auto.drom.ru/tomsk/renault/arkana/254682129.html,254682129,Рено Аркана,1700000,2019,"бензин, 1.6 л",114.0,вариатор,передний,коричневый,31 000,1.0,левый,1 поколение,1.6 CVT 4x2 Style,Томск,
https://auto.drom.ru/kazan/renault/arkana/419359402.html,419359402,Рено Аркана,2245000,2021,"бензин, 1.3 л",149.0,вариатор,4WD,красный,35 977,3.0,левый,1 поколение,,Казань,
https://auto.drom.ru/orenburg/renault/arkana/496803829.html,496803829,Рено Аркана,1390000,2019,"бензин, 1.3 л",149.0,вариатор,4WD,серый,164 218,2.0,левый,1 поколение,1.3 TCe 150 CVT 4x4 Style,Оренбург,
https://auto.drom.ru/krasnoyarsk/renault/arkana/832337139.html,832337139,Рено Аркана,1400000,2019,"бензин, 1.6 л",114.0,механика,передний,серый,108 000,2.0,левый,1 поколение,1.6 MT 4x2 Drive,Красноярск,
https://auto.drom.ru/naberezhnye-chelny/renault/arkana/440986847.html,440986847,Рено Аркана,1350000,2021,"бензин, 1.6 л",114.0,вариатор,передний,белый,48 717,1.0,левый,1 поколение,,"Набережные Челны, Республика Татарстан",
https://auto.drom.ru/tver/renault/arkana/649024181.html,649024181,Рено Аркана,1425000,2019,"бензин, 1.3 л",149.0,вариатор,передний,серый,107 905,2.0,левый,1 поколение,1.3 TCe 150 CVT 4x2 Style,Тверь,
https://auto.drom.ru/irkutsk/renault/arkana/253011695.html,253011695,Рено Аркана,1500000,2021,"бензин, 1.3 л",149.0,вариатор,передний,синий,250 485,2.0,левый,1 поколение,1.3 TCe 150 CVT 4x2 LE Pulse,Иркутск,
https://auto.drom.ru/istra/renault/arkana/496289742.html,496289742,Рено Аркана,1615000,2019,"бензин, 1.3 л",149.0,вариатор,4WD,белый,138 000,,левый,1 поколение,1.3 TCe 150 CVT 4x4 Edition One,"Истра, Московская область",
https://auto.drom.ru/krasnodar/renault/arkana/937434527.html,937434527,Рено Аркана,1670000,2020,"бензин, 1.6 л",114.0,вариатор,передний,серый,111 800,1.0,левый,1 поколение,1.6 CVT 4x2 Life,Краснодар,
https://auto.drom.ru/kemerovo/renault/arkana/266173315.html,266173315,Рено Аркана,1629000,2019,"бензин, 1.3 л",149.0,вариатор,4WD,красный,106 052,2.0,левый,1 поколение,,Кемерово,
https://auto.drom.ru/moscow/renault/arkana/943924817.html,943924817,Рено Аркана,986000,2021,"бензин, 1.6 л",114.0,вариатор,передний,серый,184 420,1.0,левый,1 поколение,1.6 CVT 4x2 Drive,Москва,
https://auto.drom.ru/magnitogorsk/renault/arkana/427424471.html,427424471,Рено Аркана,1800000,2021,"бензин, 1.6 л",114.0,механика,передний,красный,54 038,1.0,левый,1 поколение,1.6 MT 4x2 Drive,"Магнитогорск, Челябинская область",
https://auto.drom.ru/ershov/renault/fluence/135299910.html,135299910,Рено Флуенс,500000,2012,"бензин, 1.6 л",106.0,механика,передний,,165 000,,левый,1 поколение,,"Ершов, Саратовская область",
https://auto.drom.ru/rostov-na-donu/renault/fluence/125804147.html,125804147,Рено Флуенс,700000,2014,"бензин, 1.6 л",106.0,механика,передний,белый,203 642,,левый,"1 поколение, рестайлинг",,Ростов-на-Дону,
https://auto.drom.ru/naberezhnye-chelny/renault/fluence/778292057.html,778292057,Рено Флуенс,355000,2011,"бензин, 1.6 л",106.0,механика,передний,,90 000,,левый,1 поколение,,"Набережные Челны, Республика Татарстан",
https://auto.drom.ru/novosibirsk/renault/fluence/142007463.html,142007463,Рено Флуенс,545000,2011,"бензин, 1.6 л",106.0,АКПП,передний,черный,202 000,2.0,левый,1 поколение,1.6 AT Expression,Новосибирск,
https://auto.drom.ru/chelyabinsk/renault/fluence/123854283.html,123854283,Рено Флуенс,650000,2012,"бензин, 1.6 л",106.0,АКПП,передний,красный,284 000,1.0,левый,1 поколение,1.6 AT Limited Edition,Челябинск,
https://auto.drom.ru/tyumen/renault/fluence/509130989.html,509130989,Рено Флуенс,749000,2012,"бензин, 1.6 л",106.0,механика,передний,бежевый,224 741,3.0,левый,1 поколение,,Тюмень,
https://auto.drom.ru/kurgan/renault/fluence/814405500.html,814405500,Рено Флуенс,475000,2010,"бензин, 1.6 л",106.0,АКПП,передний,серый,220 515,,левый,1 поколение,1.6 AT Confort,Курган,
https://auto.drom.ru/spb/renault/fluence/549067902.html,549067902,Рено Флуенс,655000,2014,"бензин, 1.6 л",114.0,вариатор,передний,коричневый,164 000,1.0,левый,"1 поколение, рестайлинг",1.6 CVT Confort,Санкт-Петербург,
https://auto.drom.ru/novosibirsk/renault/fluence/160464308.html,160464308,Рено Флуенс,645000,2014,"бензин, 1.6 л",114.0,вариатор,передний,коричневый,236 368,3.0,левый,"1 поколение, рестайлинг",,Новосибирск,
https://auto.drom.ru/nizhniy-novgorod/renault/fluence/506146814.html,506146814,Рено Флуенс,488000,2012,"бензин, 1.6 л",106.0,АКПП,передний,белый,295 241,2.0,левый,1 поколение,,Нижний Новгород,
https://auto.drom.ru/serafimovskiy/renault/fluence/413686969.html,413686969,Рено Флуенс,550000,2010,"бензин, 1.6 л",106.0,механика,передний,бежевый,211 991,2.0,левый,1 поколение,1.6 MT Confort,"Серафимовский, Республика Башкортостан",
https://auto.drom.ru/ulan-ude/renault/fluence/751333600.html,751333600,Рено Флуенс,645000,2011,"бензин, 1.6 л",106.0,АКПП,передний,синий,189 000,3.0,левый,1 поколение,1.6 AT Confort,Улан-Удэ,
https://auto.drom.ru/spb/renault/fluence/335506814.html,335506814,Рено Флуенс,800000,2012,"бензин, 1.6 л",106.0,механика,передний,синий,135 500,3.0,левый,1 поколение,,Санкт-Петербург,
https://auto.drom.ru/votkinsk/renault/fluence/641072465.html,641072465,Рено Флуенс,580000,2013,"бензин, 1.6 л",106.0,механика,передний,белый,210 000,,левый,"1 поколение, рестайлинг",1.6 MT Confort,"Воткинск, Удмуртская Республика",
https://auto.drom.ru/sredneuralsk/renault/fluence/484109285.html,484109285,Рено Флуенс,620000,2013,"бензин, 1.6 л",106.0,механика,передний,бежевый,306 000,,левый,"1 поколение, рестайлинг",,"Среднеуральск, Свердловская область",
https://auto.drom.ru/tyumen/renault/fluence/248219342.html,248219342,Рено Флуенс,450000,2012,"бензин, 1.6 л",106.0,механика,передний,черный,229 872,3.0,левый,1 поколение,,Тюмень,
https://auto.drom.ru/tyumen/renault/fluence/879251113.html,879251113,Рено Флуенс,650000,2012,"бензин, 1.6 л",106.0,АКПП,передний,бежевый,289 000,2.0,левый,1 поколение,,Тюмень,
https://auto.drom.ru/saraktash/renault/fluence/384782038.html,384782038,Рено Флуенс,580000,2012,"бензин, 1.6 л",106.0,механика,передний,черный,185 000,,левый,1 поколение,1.6 MT Expression,"Саракташ, Оренбургская область",
https://auto.drom.ru/chelyabinsk/renault/fluence/774862654.html,774862654,Рено Флуенс,529000,2011,"бензин, 1.6 л",106.0,механика,передний,серый,280 000,,левый,1 поколение,,Челябинск,
https://auto.drom.ru/irkutsk/renault/fluence/234893231.html,234893231,Рено Флуенс,650000,2013,"бензин, 1.6 л",106.0,механика,передний,серый,193 000,2.0,левый,"1 поколение, рестайлинг",,Иркутск,
https://auto.drom.ru/balakovo/renault/megane/927083159.html,927083159,Рено Меган,390000,2007,"бензин, 1.6 л",113.0,АКПП,передний,красный,243 000,,левый,"2 поколение, рестайлинг",Extreme II 1.6 AT,"Балаково, Саратовская область",
https://auto.drom.ru/barnaul/renault/megane/566945490.html,566945490,Рено Меган,350000,2006,"бензин, 1.6 л",113.0,АКПП,передний,синий,247 000,3.0,левый,"2 поколение, рестайлинг",Confort 1.6 AT,Барнаул,
https://auto.drom.ru/noviy-urengoy/renault/megane/921053197.html,921053197,Рено Меган,430000,2008,"бензин, 1.6 л",113.0,механика,передний,черный,263 000,3.0,левый,"2 поколение, рестайлинг",Extreme II 1.6 MT,"Новый Уренгой, Ямало-Ненецкий автономный округ",
https://auto.drom.ru/lipetsk/renault/megane/941554548.html,941554548,Рено Меган,330000,2008,"бензин, 1.6 л",113.0,механика,передний,черный,310 000,3.0,левый,"2 поколение, рестайлинг",,Липецк,
https://auto.drom.ru/spb/renault/megane/147118617.html,147118617,Рено Меган,220000,2005,"бензин, 1.6 л",113.0,АКПП,передний,серый,200 000,,левый,2 поколение,,Санкт-Петербург,
https://auto.drom.ru/smolensk/renault/megane/897359430.html,897359430,Рено Меган,270000,2006,"бензин, 1.6 л",113.0,механика,передний,зеленый,230 000,3.0,левый,"2 поколение, рестайлинг",Confort 1.6 MT,Смоленск,
https://auto.drom.ru/novokuznetsk/renault/megane/211979191.html,211979191,Рено Меган,435000,2008,"бензин, 1.6 л",113.0,АКПП,передний,черный,190 000,,левый,"2 поколение, рестайлинг",Business 1.6 AT,"Новокузнецк, Кемеровская область",
https://auto.drom.ru/krasnodar/renault/megane/837659199.html,837659199,Рено Меган,250000,2003,"бензин, 1.4 л",95.0,механика,передний,бордовый,311 000,,левый,"1 поколение, рестайлинг",,Краснодар,
https://auto.drom.ru/lokot/renault/megane/810291777.html,810291777,Рено Меган,450000,2006,"бензин, 1.6 л",113.0,механика,передний,зеленый,226 000,,левый,"2 поколение, рестайлинг",Business 1.6 MT,"Локоть, Брянская область",
https://auto.drom.ru/mysky/renault/megane/941498836.html,941498836,Рено Меган,350000,2006,"бензин, 1.6 л",110.0,АКПП,передний,бордовый,250 000,3.0,левый,2 поколение,Confort 1.6 AT,"Мыски, Кемеровская область",
https://auto.drom.ru/kavkazskaya/renault/megane/757471903.html,757471903,Рено Меган,280000,2004,"бензин, 1.4 л",98.0,механика,передний,синий,377 568,,левый,2 поколение,,"Кавказская, Краснодарский край",
https://auto.drom.ru/balebey/renault/megane/745927495.html,745927495,Рено Меган,310000,2005,"бензин, 1.4 л",98.0,механика,передний,серебристый,229 750,1.0,левый,2 поколение,,"Белебей, Республика Башкортостан",
https://auto.drom.ru/khanty-mansiysk/renault/megane/768933795.html,768933795,Рено Меган,200000,2004,"бензин, 1.6 л",113.0,АКПП,передний,синий,250 000,,левый,2 поколение,,Ханты-Мансийск,
https://auto.drom.ru/surgut/renault/megane/884107859.html,884107859,Рено Меган,430000,2007,"бензин, 1.6 л",113.0,механика,передний,красный,262 000,2.0,левый,"2 поколение, рестайлинг",Extreme II 1.6 MT,"Сургут, Ханты-Мансийский автономный округ",
https://auto.drom.ru/kyren/renault/megane/177723447.html,177723447,Рено Меган,720000,2014,"бензин, 1.6 л",106.0,механика,передний,коричневый,87 109,2.0,левый,"3 поколение, рестайлинг",,"Кырен, Республика Бурятия",
https://auto.drom.ru/noyabrsk/renault/megane/687709318.html,687709318,Рено Меган,329000,2007,"бензин, 1.6 л",113.0,механика,передний,золотистый,255 609,1.0,левый,"2 поколение, рестайлинг",,"Ноябрьск, Ямало-Ненецкий автономный округ",
https://auto.drom.ru/chelyabinsk/renault/megane/678108543.html,678108543,Рено Меган,1299000,2017,"дизель, 1.5 л",90.0,механика,передний,серый,165 823,2.0,левый,4 поколение,1.5 dCi 90 MT Experience,Челябинск,
https://auto.drom.ru/ryazan/renault/megane/804521935.html,804521935,Рено Меган,650000,2012,"бензин, 1.6 л",106.0,АКПП,передний,красный,220 000,,левый,3 поколение,,Рязань,
https://auto.drom.ru/novosibirsk/renault/megane/827236587.html,827236587,Рено Меган,260000,2007,"бензин, 1.6 л",113.0,механика,передний,голубой,218 264,,левый,"2 поколение, рестайлинг",,Новосибирск,
https://auto.drom.ru/perm/renault/megane/733202081.html,733202081,Рено Меган,530000,2009,"дизель, 1.5 л",90.0,механика,передний,белый,290 000,3.0,левый,3 поколение,1.5 dCi FAP MT Expression,Пермь,
https://auto.drom.ru/leninsk-kuznetskiy/hyundai/solaris/772856557.html,772856557,Хендай Солярис,800000,2012,"бензин, 1.6 л",123.0,АКПП,передний,серебристый,170 000,3.0,левый,1 поколение,1.6 AT Optima,"Ленинск-Кузнецкий, Кемеровская область",
https://auto.drom.ru/novosibirsk/hyundai/solaris/172651681.html,172651681,Хендай Солярис,650000,2012,"бензин, 1.6 л",123.0,АКПП,передний,серебристый,240 000,2.0,левый,1 поколение,,Новосибирск,
https://auto.drom.ru/tomsk/hyundai/solaris/110549509.html,110549509,Хендай Солярис,650000,2014,"бензин, 1.4 л",107.0,АКПП,передний,фиолетовый,168 000,1.0,левый,1 поколение,1.4 AT Classic,Томск,
https://auto.drom.ru/penza/hyundai/solaris/125626952.html,125626952,Хендай Солярис,799000,2011,"бензин, 1.6 л",123.0,АКПП,передний,бежевый,116 000,,левый,1 поколение,,Пенза,
https://auto.drom.ru/shahty/hyundai/solaris/900415588.html,900415588,Хендай Солярис,1099000,2019,"бензин, 1.6 л",123.0,механика,передний,синий,127 700,2.0,левый,2 поколение,1.6 MT Comfort,"Шахты, Ростовская область",
https://auto.drom.ru/moscow/hyundai/solaris/874829068.html,874829068,Хендай Солярис,930000,2012,"бензин, 1.6 л",123.0,АКПП,передний,серебристый,131 500,2.0,левый,1 поколение,1.6 AT Family,Москва,
https://auto.drom.ru/novosibirsk/hyundai/solaris/558375250.html,558375250,Хендай Солярис,490000,2011,"бензин, 1.6 л",123.0,АКПП,передний,фиолетовый,295 000,2.0,левый,1 поколение,,Новосибирск,
https://auto.drom.ru/tyumen/hyundai/solaris/443095172.html,443095172,Хендай Солярис,629000,2011,"бензин, 1.6 л",123.0,АКПП,передний,черный,204 000,2.0,левый,1 поколение,1.6 AT Family,Тюмень,
https://auto.drom.ru/habarovsk/hyundai/solaris/279769758.html,279769758,Хендай Солярис,830000,2011,"бензин, 1.6 л",123.0,АКПП,передний,золотистый,139 000,1.0,левый,1 поколение,1.6 AT Comfort,Хабаровск,
https://auto.drom.ru/novosibirsk/hyundai/solaris/865139686.html,865139686,Хендай Солярис,730000,2019,"бензин, 1.4 л, ГБО",100.0,АКПП,передний,белый,328 000,1.0,левый,2 поколение,1.4 AT Active Plus,Новосибирск,
https://auto.drom.ru/grozniy/hyundai/solaris/390586984.html,390586984,Хендай Солярис,1070000,2017,"бензин, 1.6 л",123.0,механика,передний,белый,,,левый,2 поколение,1.6 MT Elegance,Грозный,
https://auto.drom.ru/kanash/hyundai/solaris/879099654.html,879099654,Хендай Солярис,949000,2015,"бензин, 1.6 л",123.0,АКПП,передний,серый,,,левый,"1 поколение, рестайлинг",,"Канаш, Чувашская Республика",
https://auto.drom.ru/ufa/hyundai/solaris/486203182.html,486203182,Хендай Солярис,999990,2017,"бензин, 1.4 л",100.0,механика,передний,белый,90 000,2.0,левый,2 поколение,,Уфа,
https://auto.drom.ru/sterlitamak/hyundai/solaris/302748068.html,302748068,Хендай Солярис,774000,2014,"бензин, 1.4 л",107.0,механика,передний,оранжевый,163 852,2.0,левый,"1 поколение, рестайлинг",1.4 MT Comfort,"Стерлитамак, Республика Башкортостан",
https://auto.drom.ru/surgut/hyundai/solaris/457166754.html,457166754,Хендай Солярис,1590000,2019,"бензин, 1.6 л",123.0,АКПП,передний,красный,57 681,2.0,левый,2 поколение,1.6 AT Super Series + Пакет Winter,"Сургут, Ханты-Мансийский автономный округ",
https://auto.drom.ru/kemerovo/hyundai/solaris/300692086.html,300692086,Хендай Солярис,435000,2018,"бензин, 1.4 л",100.0,механика,передний,белый,240 000,1.0,левый,2 поколение,,Кемерово,
https://auto.drom.ru/krasnoyarsk/hyundai/solaris/619256914.html,619256914,Хендай Солярис,500000,2013,"бензин, 1.4 л",107.0,механика,передний,серый,445 150,1.0,левый,1 поколение,,Красноярск,
https://auto.drom.ru/ekaterinburg/hyundai/solaris/536958664.html,536958664,Хендай Солярис,1280000,2018,"бензин, 1.6 л",123.0,механика,передний,коричневый,88 469,1.0,левый,2 поколение,1.6 MT Comfort,Екатеринбург,
https://auto.drom.ru/rostov-na-donu/hyundai/solaris/938890053.html,938890053,Хендай Солярис,780000,2015,"бензин, 1.6 л, ГБО",123.0,АКПП,передний,белый,270 000,,левый,"1 поколение, рестайлинг",1.6 AT Comfort,Ростов-на-Дону,
https://auto.drom.ru/togliatti/hyundai/solaris/821994292.html,821994292,Хендай Солярис,670000,2016,"бензин, 1.4 л",107.0,механика,передний,серый,30 000,2.0,левый,"1 поколение, рестайлинг",,"Тольятти, Самарская область",
https://auto.drom.ru/omsk/hyundai/solaris/809646331.html,809646331,Хендай Солярис,740000,2015,"бензин, 1.6 л",123.0,механика,передний,белый,245 329,3.0,левый,"1 поколение, рестайлинг",1.6 MT Special Edition,Омск,
https://auto.drom.ru/nizhnevartovsk/hyundai/solaris/585234997.html,585234997,Хендай Солярис,790000,2017,"бензин, 1.6 л",123.0,АКПП,передний,синий,370 100,,левый,2 поколение,1.6 AT Comfort,"Нижневартовск, Ханты-Мансийский автономный округ",
https://auto.drom.ru/magnitogorsk/hyundai/creta/774305324.html,774305324,Хендай Крета,1600000,2016,"бензин, 2.0 л",149.0,АКПП,передний,черный,118 000,3.0,левый,1 поколение,,"Магнитогорск, Челябинская область",
https://auto.drom.ru/kemerovo/hyundai/creta/910025656.html,910025656,Хендай Крета,2074999,2021,"бензин, 1.6 л",123.0,АКПП,передний,серый,93 298,2.0,левый,2 поколение,1.6 AT 2WD Classic,Кемерово,
https://auto.drom.ru/krasnodar/hyundai/creta/489904470.html,489904470,Хендай Крета,2290000,2021,"бензин, 2.0 л",149.0,АКПП,передний,серый,43 000,1.0,левый,"1 поколение, рестайлинг",2.0 AT 2WD Comfort,Краснодар,
https://auto.drom.ru/nyazepetrovsk/hyundai/creta/784894842.html,784894842,Хендай Крета,1800000,2020,"бензин, 1.6 л",123.0,механика,передний,черный,90 000,1.0,левый,"1 поколение, рестайлинг",1.6 MT 2WD Active,"Нязепетровск, Челябинская область",
https://auto.drom.ru/barnaul/hyundai/creta/581683963.html,581683963,Хендай Крета,1390000,2018,"бензин, 1.6 л",123.0,механика,передний,белый,152 430,2.0,левый,1 поколение,1.6 MT Active,Барнаул,
https://auto.drom.ru/kemerovo/hyundai/creta/732552978.html,732552978,Хендай Крета,1494995,2018,"бензин, 2.0 л",149.0,АКПП,4WD,синий,217 629,2.0,левый,1 поколение,2.0 AT 4WD Comfort Plus,Кемерово,
https://auto.drom.ru/omsk/hyundai/creta/893912924.html,893912924,Хендай Крета,2445000,2021,"бензин, 2.0 л",149.0,АКПП,4WD,серый,41 154,1.0,левый,2 поколение,2.0 AT 4WD Prestige,Омск,
https://auto.drom.ru/novosibirsk/hyundai/creta/797782717.html,797782717,Хендай Крета,2247000,2021,"бензин, 1.6 л",121.0,АКПП,4WD,серый,87 398,1.0,левый,,,Новосибирск,
https://auto.drom.ru/kemerovo/hyundai/creta/518701306.html,518701306,Хендай Крета,1399999,2018,"бензин, 1.6 л",123.0,АКПП,передний,белый,187 149,2.0,левый,1 поколение,1.6 AT Comfort Plus,Кемерово,
https://auto.drom.ru/kurgan/hyundai/creta/829881409.html,829881409,Хендай Крета,1850000,2021,"бензин, 1.6 л",121.0,механика,4WD,черный,91 000,3.0,левый,,,Курган,
https://auto.drom.ru/novosibirsk/hyundai/creta/935848810.html,935848810,Хендай Крета,1847000,2018,"бензин, 1.6 л",121.0,АКПП,4WD,синий,104 000,3.0,левый,1 поколение,1.6 AT 4WD Travel,Новосибирск,
https://auto.drom.ru/chelyabinsk/hyundai/creta/342261310.html,342261310,Хендай Крета,1820000,2020,"бензин, 1.6 л",123.0,АКПП,передний,серый,93 000,1.0,левый,1 поколение,1.6 AT Travel,Челябинск,
https://auto.drom.ru/omsk/hyundai/creta/794896231.html,794896231,Хендай Крета,1650000,2019,"бензин, 1.6 л",123.0,АКПП,передний,бежевый,101 000,1.0,левый,1 поколение,1.6 AT Active,Омск,
https://auto.drom.ru/kemerovo/hyundai/creta/298360141.html,298360141,Хендай Крета,1744995,2019,"бензин, 1.6 л",123.0,АКПП,передний,коричневый,46 928,3.0,левый,1 поколение,1.6 AT Active,Кемерово,
https://auto.drom.ru/tyumen/hyundai/creta/892088854.html,892088854,Хендай Крета,1650000,2021,"бензин, 1.6 л",121.0,механика,4WD,серый,142 758,1.0,левый,"1 поколение, рестайлинг",1.6 MT 4WD Active,Тюмень,
https://auto.drom.ru/kirov/hyundai/creta/899999079.html,899999079,Хендай Крета,1599000,2019,"бензин, 1.6 л",123.0,механика,передний,серый,160 000,3.0,левый,1 поколение,,Киров,
https://auto.drom.ru/novosibirsk/hyundai/creta/636779515.html,636779515,Хендай Крета,1865000,2019,"бензин, 2.0 л",149.0,АКПП,передний,серый,84 411,1.0,левый,1 поколение,2.0 AT 2WD Travel,Новосибирск,
https://auto.drom.ru/novosibirsk/hyundai/creta/463392575.html,463392575,Хендай Крета,1795000,2020,"бензин, 2.0 л",149.0,АКПП,передний,белый,80 000,1.0,левый,"1 поколение, рестайлинг",2.0 AT 2WD Comfort,Новосибирск,
https://auto.drom.ru/krasnoyarsk/hyundai/creta/545520940.html,545520940,Хендай Крета,1970000,2019,"бензин, 2.0 л",149.0,АКПП,4WD,белый,128 315,,левый,1 поколение,,Красноярск,
https://auto.drom.ru/novosibirsk/hyundai/creta/856409599.html,856409599,Хендай Крета,2117000,2020,"бензин, 2.0 л",149.0,АКПП,4WD,серый,101 574,1.0,левый,"1 поколение, рестайлинг",2.0 AT 4WD Travel,Новосибирск,
https://auto.drom.ru/kemerovo/hyundai/creta/680757336.html,680757336,Хендай Крета,1969000,2020,"бензин, 1.6 л",123.0,АКПП,передний,серый,64 647,1.0,левый,,,Кемерово,
https://auto.drom.ru/novosibirsk/hyundai/elantra/105072041.html,105072041,Хендай Элантра,1884843,2022,"бензин, 1.5 л",115.0,вариатор,передний,черный,42 416,,левый,7 поколение,,Новосибирск,
https://auto.drom.ru/vladivostok/hyundai/elantra/949224221.html,949224221,Хендай Элантра,1575000,2022,"бензин, 1.5 л",115.0,вариатор,передний,,59 939,,левый,7 поколение,,,
https://auto.drom.ru/tyumen/hyundai/elantra/409257702.html,409257702,Хендай Элантра,1790000,2021,"бензин, 1.5 л",115.0,вариатор,передний,голубой,32 000,,левый,7 поколение,1.5 CVT 2WD LUX Premium Edition,,
https://auto.drom.ru/kemerovo/hyundai/elantra/445370897.html,445370897,Хендай Элантра,569000,2007,"бензин, 1.6 л",122.0,механика,передний,фиолетовый,107 000,1.0,левый,4 поколение,,Кемерово,
https://auto.drom.ru/vladivostok/hyundai/elantra/357046344.html,357046344,Хендай Элантра,1730000,2023,"бензин, 1.5 л",115.0,вариатор,передний,зеленый,30 000,,левый,"7 поколение, рестайлинг",1.5 CVT 2WD LUX Premium Edition,,
https://auto.drom.ru/chelyabinsk/hyundai/elantra/377048027.html,377048027,Хендай Элантра,610000,2010,"бензин, 1.6 л",122.0,механика,передний,серый,180 000,2.0,левый,4 поколение,1.6 MT 2WD Comfort GLS,Челябинск,
https://auto.drom.ru/kemerovo/hyundai/elantra/562854630.html,562854630,Хендай Элантра,1899999,2021,"бензин, 1.6 л",128.0,АКПП,передний,белый,104 927,1.0,левый,7 поколение,1.6 AT 2WD Comfort Казахстан,Кемерово,
https://auto.drom.ru/vladivostok/hyundai/elantra/837330892.html,837330892,Хендай Элантра,1490440,2022,"бензин, 1.5 л",115.0,вариатор,передний,синий,32 637,,левый,7 поколение,1.5 CVT 2WD GLX Elite Edition,,
https://auto.drom.ru/surgut/hyundai/elantra/282786331.html,282786331,Хендай Элантра,1989000,2019,"бензин, 2.0 л",150.0,АКПП,передний,черный,63 010,2.0,левый,"6 поколение, рестайлинг",2.0 AT Elegance,"Сургут, Ханты-Мансийский автономный округ",
https://auto.drom.ru/syzran/hyundai/elantra/470957813.html,470957813,Хендай Элантра,180000,2005,"бензин, 1.6 л, ГБО",105.0,механика,передний,синий,350 000,,левый,"3 поколение, рестайлинг",1.6 MT GLS,"Сызрань, Самарская область",
https://auto.drom.ru/vladivostok/hyundai/elantra/778979153.html,778979153,Хендай Элантра,1480000,2023,"бензин, 1.5 л",115.0,вариатор,передний,белый,12 557,,левый,"7 поколение, рестайлинг",1.5 CVT 2WD GLX Elite Edition,,
https://auto.drom.ru/ussuriisk/hyundai/elantra/930414364.html,930414364,Хендай Элантра,1600000,2023,"бензин, 1.5 л",115.0,вариатор,передний,серый,44 000,,левый,"7 поколение, рестайлинг",1.5 CVT 2WD TOP Flagship Edition,,
https://auto.drom.ru/nizhniy-novgorod/hyundai/elantra/807871011.html,807871011,Хендай Элантра,529000,2007,"бензин, 2.0 л",143.0,АКПП,передний,серебристый,246 281,,левый,4 поколение,2.0 AT 2WD GLS (CF104205Ef),Нижний Новгород,
https://auto.drom.ru/vladivostok/hyundai/elantra/455728251.html,455728251,Хендай Элантра,1615000,2023,"бензин, 1.5 л",115.0,вариатор,передний,,35 181,,левый,"7 поколение, рестайлинг",,,
https://auto.drom.ru/vladivostok/hyundai/elantra/508951600.html,508951600,Хендай Элантра,1520000,2022,"бензин, 1.5 л",115.0,вариатор,передний,белый,34 000,,левый,7 поколение,1.5 CVT 2WD LUX Premium Edition,,
https://auto.drom.ru/krasnoyarsk/hyundai/elantra/287565846.html,287565846,Хендай Элантра,1889000,2022,"бензин, 1.6 л",128.0,АКПП,передний,белый,91 000,1.0,левый,7 поколение,1.6 AT Elegance,Красноярск,
https://auto.drom.ru/vladivostok/hyundai/elantra/113160369.html,113160369,Хендай Элантра,1440000,2023,"бензин, 1.5 л",115.0,вариатор,передний,черный,11 000,,левый,"7 поколение, рестайлинг",1.5 CVT 2WD TOP Flagship Edition,,
https://auto.drom.ru/perm/hyundai/elantra/779303317.html,779303317,Хендай Элантра,1550000,2020,"бензин, 1.6 л",128.0,АКПП,передний,белый,158 821,1.0,левый,7 поколение,,Пермь,
https://auto.drom.ru/sevastopol/hyundai/elantra/625556007.html,625556007,Хендай Элантра,1150000,2012,"бензин, 1.8 л",150.0,АКПП,передний,черный,196 000,3.0,левый,5 поколение,1.8 AT Comfort,"Севастополь, Республика Крым",
https://auto.drom.ru/eiysk/hyundai/elantra/171810634.html,171810634,Хендай Элантра,645000,2012,"бензин, 1.6 л",132.0,механика,передний,серый,240 000,,левый,5 поколение,,"Ейск, Краснодарский край",
https://auto.drom.ru/rostov-na-donu/hyundai/elantra/107607073.html,107607073,Хендай Элантра,1129000,2015,"бензин, 1.6 л",132.0,АКПП,передний,черный,201 506,2.0,левый,"5 поколение, рестайлинг",1.6 AT Base,Ростов-на-Дону,
https://auto.drom.ru/nizhnekamsk/hyundai/i30/891805335.html,891805335,Хендай Ай 30,580000,2009,"бензин, 1.6 л",122.0,АКПП,передний,черный,240 000,2.0,левый,1 поколение,1.6 AT Style,"Нижнекамск, Республика Татарстан",
https://auto.drom.ru/kaluga/hyundai/i30/904567985.html,904567985,Хендай Ай 30,420000,2010,"бензин, 1.6 л",126.0,механика,передний,красный,184 300,2.0,левый,"1 поколение, рестайлинг",1.6 MT Classic,Калуга,
https://auto.drom.ru/krasnoyarsk/hyundai/i30/785527413.html,785527413,Хендай Ай 30,750000,2013,"бензин, 1.6 л",130.0,АКПП,передний,черный,152 300,3.0,левый,2 поколение,1.6 AT Classic 5dr.,Красноярск,
https://auto.drom.ru/sosnoviy-bor/hyundai/i30/777222497.html,777222497,Хендай Ай 30,430000,2011,"бензин, 1.6 л",126.0,механика,передний,синий,219 000,1.0,левый,"1 поколение, рестайлинг",,"Сосновый Бор, Ленинградская область",
https://auto.drom.ru/tyumen/hyundai/i30/720438134.html,720438134,Хендай Ай 30,800000,2014,"бензин, 1.6 л",130.0,механика,передний,белый,170 000,1.0,левый,2 поколение,,Тюмень,
https://auto.drom.ru/stavropol/hyundai/i30/698665396.html,698665396,Хендай Ай 30,839000,2012,"бензин, 1.6 л",130.0,АКПП,передний,белый,169 162,,левый,2 поколение,1.6 AT Classic 5dr.,Ставрополь,
https://auto.drom.ru/novosibirsk/hyundai/i30/704275228.html,704275228,Хендай Ай 30,1100000,2014,"бензин, 1.6 л",130.0,АКПП,передний,коричневый,170 000,1.0,левый,2 поколение,1.6 AT Classic 5dr.,Новосибирск,
https://auto.drom.ru/yaroslavl/hyundai/i30/502950768.html,502950768,Хендай Ай 30,700000,2011,"бензин, 1.6 л",126.0,механика,передний,черный,234 000,3.0,левый,"1 поколение, рестайлинг",1.6 Comfort MT,Ярославль,
https://auto.drom.ru/volgograd/hyundai/i30/410423717.html,410423717,Хендай Ай 30,635000,2010,"бензин, 1.6 л",126.0,механика,передний,черный,194 209,2.0,левый,"1 поколение, рестайлинг",1.6 Comfort MT,Волгоград,
https://auto.drom.ru/bryansk/hyundai/i30/348395545.html,348395545,Хендай Ай 30,1500000,2018,"дизель, 1.6 л",110.0,механика,передний,красный,160 000,2.0,левый,3 поколение,,Брянск,
https://auto.drom.ru/obolensk/hyundai/i30/504512474.html,504512474,Хендай Ай 30,920000,2009,"бензин, 1.6 л",122.0,АКПП,передний,серебристый,112 000,3.0,левый,1 поколение,1.6 AT Comfort,"Оболенск, Московская область",
https://auto.drom.ru/gelendzhik/hyundai/i30/471001151.html,471001151,Хендай Ай 30,1760000,2022,"бензин, 1.5 л",159.0,робот,передний,белый,140 692,2.0,левый,"3 поколение, 2 рестайлинг",MHEV 1.5 T-GDI DCT 2WD Prime,"Геленджик, Краснодарский край",
https://auto.drom.ru/kurgan/hyundai/i30/332073790.html,332073790,Хендай Ай 30,600000,2009,"бензин, 1.4 л",109.0,механика,передний,красный,221 000,2.0,левый,1 поколение,1.4 MT Comfort,Курган,
https://auto.drom.ru/surgut/hyundai/i30/928955907.html,928955907,Хендай Ай 30,1200000,2016,"бензин, 1.6 л",130.0,АКПП,передний,белый,131 000,1.0,левый,"2 поколение, рестайлинг",1.6 AT Comfort 5dr.,"Сургут, Ханты-Мансийский автономный округ",
https://auto.drom.ru/tyumen/hyundai/i30/284657045.html,284657045,Хендай Ай 30,820000,2014,"бензин, 1.6 л",130.0,механика,передний,голубой,224 166,2.0,левый,2 поколение,,Тюмень,
https://auto.drom.ru/irkutsk/hyundai/i30/444141996.html,444141996,Хендай Ай 30,850000,2012,"бензин, 1.6 л",130.0,АКПП,передний,коричневый,65 500,3.0,левый,2 поколение,1.6 AT Classic 5dr.,Иркутск,
https://auto.drom.ru/tomsk/hyundai/i30/481587643.html,481587643,Хендай Ай 30,800000,2012,"бензин, 1.6 л",130.0,АКПП,передний,черный,294 000,3.0,левый,2 поколение,1.6 AT Optima 5dr.,Томск,
https://auto.drom.ru/sevastopol/hyundai/i30/752959294.html,752959294,Хендай Ай 30,750000,2009,"бензин, 1.6 л",122.0,механика,передний,черный,297 000,,левый,1 поколение,,"Севастополь, Республика Крым",
https://auto.drom.ru/angarsk/hyundai/i30/718223330.html,718223330,Хендай Ай 30,750000,2014,"бензин, 1.6 л",130.0,АКПП,передний,белый,220 000,1.0,левый,2 поколение,,"Ангарск, Иркутская область",
https://auto.drom.ru/izhevsk/hyundai/i30/382302156.html,382302156,Хендай Ай 30,590000,2010,"бензин, 1.4 л",109.0,механика,передний,черный,191 000,,левый,1 поколение,,Ижевск,
https://auto.drom.ru/biysk/hyundai/tucson/857848354.html,857848354,Хендай Туссан,3400000,2023,"бензин, 2.0 л",149.0,АКПП,4WD,коричневый,33 000,1.0,левый,4 поколение,2.0 AT 4WD Travel Казахстан,"Бийск, Алтайский край",
https://auto.drom.ru/krasnoyarsk/hyundai/tucson/260502537.html,260502537,Хендай Туссан,2039000,2018,"бензин, 2.0 л",150.0,АКПП,4WD,коричневый,135 443,1.0,левый,"3 поколение, рестайлинг",,Красноярск,
https://auto.drom.ru/novokuznetsk/hyundai/tucson/192288653.html,192288653,Хендай Туссан,649000,2008,"бензин, 2.0 л",140.0,АКПП,передний,серый,230 000,,левый,1 поколение,,"Новокузнецк, Кемеровская область",
https://auto.drom.ru/novokuznetsk/hyundai/tucson/302203111.html,302203111,Хендай Туссан,1999999,2019,"бензин, 2.0 л",150.0,механика,4WD,белый,123 206,1.0,левый,"3 поколение, рестайлинг",2.0 MT 4WD Family,"Новокузнецк, Кемеровская область",
https://auto.drom.ru/omsk/hyundai/tucson/844316284.html,844316284,Хендай Туссан,745000,2008,"бензин, 2.0 л",142.0,механика,передний,серебристый,160 000,1.0,левый,1 поколение,2.0 MT 2WD GLS,Омск,
https://auto.drom.ru/rostov-na-donu/hyundai/tucson/426912141.html,426912141,Хендай Туссан,1450000,2016,"бензин, 2.0 л",149.0,АКПП,передний,черный,300 000,3.0,левый,3 поколение,2.0 AT 2WD Travel,Ростов-на-Дону,
https://auto.drom.ru/kemerovo/hyundai/tucson/502367529.html,502367529,Хендай Туссан,2489000,2020,"бензин, 2.0 л",150.0,АКПП,4WD,черный,100 900,1.0,левый,"3 поколение, рестайлинг",2.0 AT 4WD Black&Brown,Кемерово,
https://auto.drom.ru/talmenka/hyundai/tucson/900303047.html,900303047,Хендай Туссан,700000,2008,"бензин, 2.0 л",142.0,механика,4WD,серый,209 697,3.0,левый,1 поколение,,"Тальменка, Алтайский край",
https://auto.drom.ru/tyumen/hyundai/tucson/685779094.html,685779094,Хендай Туссан,2235000,2019,"бензин, 2.4 л",184.0,АКПП,4WD,белый,102 003,1.0,левый,"3 поколение, рестайлинг",,Тюмень,
https://auto.drom.ru/biysk/hyundai/tucson/892427497.html,892427497,Хендай Туссан,850000,2008,"бензин, 2.0 л, ГБО",140.0,АКПП,передний,голубой,224 926,3.0,левый,1 поколение,,"Бийск, Алтайский край",
https://auto.drom.ru/novosibirsk/hyundai/tucson/900485786.html,900485786,Хендай Туссан,2150000,2022,"бензин, 1.6 л",180.0,робот,передний,черный,205 000,1.0,левый,4 поколение,1.6 GDI DCT 2WD Inspiration N Line,Новосибирск,
https://auto.drom.ru/moscow/hyundai/tucson/680973997.html,680973997,Хендай Туссан,4750000,2026,"бензин, 2.0 л",150.0,АКПП,4WD,зеленый,,,левый,"4 поколение, рестайлинг",,Москва,
https://auto.drom.ru/tomsk/hyundai/tucson/474258183.html,474258183,Хендай Туссан,810000,2007,"бензин, 2.0 л",142.0,АКПП,4WD,зеленый,140 000,2.0,левый,1 поколение,2.0 AT 4WD GLS,Томск,
https://auto.drom.ru/ekaterinburg/hyundai/tucson/526336711.html,526336711,Хендай Туссан,3700000,2023,"бензин, 2.5 л",190.0,АКПП,4WD,серый,58 000,1.0,левый,4 поколение,,Екатеринбург,
https://auto.drom.ru/kazan/hyundai/tucson/552135147.html,552135147,Хендай Туссан,3150000,2021,"дизель, 2.0 л",186.0,АКПП,передний,серый,106 000,1.0,левый,4 поколение,,Казань,
https://auto.drom.ru/omsk/hyundai/tucson/105274145.html,105274145,Хендай Туссан,1900000,2017,"бензин, 2.0 л",149.0,АКПП,передний,белый,105 858,3.0,левый,3 поколение,,Омск,
https://auto.drom.ru/novosibirsk/hyundai/tucson/551311102.html,551311102,Хендай Туссан,950000,2008,"бензин, 2.7 л",175.0,АКПП,4WD,зеленый,185 000,3.0,левый,1 поколение,2.7 AT 4WD GLS,Новосибирск,
https://auto.drom.ru/moscow/hyundai/tucson/420308105.html,420308105,Хендай Туссан,4750000,2026,"бензин, 2.0 л",150.0,АКПП,4WD,белый,,,левый,"4 поколение, рестайлинг",,Москва,
https://auto.drom.ru/krasnoyarsk/hyundai/tucson/674670446.html,674670446,Хендай Туссан,749000,2008,"бензин, 2.0 л",141.0,механика,передний,серый,252 000,,левый,1 поколение,2.0 MT 2WD GL,Красноярск,
https://auto.drom.ru/barnaul/hyundai/tucson/877146991.html,877146991,Хендай Туссан,4850000,2026,"бензин, 2.0 л",150.0,АКПП,4WD,белый,5,,левый,"4 поколение, рестайлинг",2.0 AT 4WD Prime Казахстан,Барнаул,
https://auto.drom.ru/omsk/hyundai/santa_fe/185164363.html,185164363,Хендай Санта Фе,1450000,2012,"бензин, 2.4 л",175.0,АКПП,4WD,коричневый,296 532,1.0,левый,3 поколение,2.4 AT 4WD Sport,Омск,
https://auto.drom.ru/novosibirsk/hyundai/santa_fe/304171103.html,304171103,Хендай Санта Фе,1019000,2008,"бензин, 2.7 л",189.0,АКПП,4WD,синий,346 811,1.0,левый,2 поколение,,Новосибирск,
https://auto.drom.ru/krasnoyarsk/hyundai/santa_fe/944155535.html,944155535,Хендай Санта Фе,870000,2008,"бензин, 2.7 л",189.0,АКПП,4WD,голубой,190 000,2.0,левый,2 поколение,,Красноярск,
https://auto.drom.ru/omsk/hyundai/santa_fe/755760408.html,755760408,Хендай Санта Фе,3450000,2019,"бензин, 2.0 л",238.0,АКПП,4WD,белый,85 000,1.0,левый,4 поколение,2.0 T AT 4WD Limited,Омск,
https://auto.drom.ru/korzhevskiy/hyundai/santa_fe/717122987.html,717122987,Хендай Санта Фе,4250000,2020,"дизель, 2.2 л",202.0,робот,передний,серый,23 000,,левый,"4 поколение, рестайлинг",2.2 CRDi 2WD DCT Calligraphy 5 seats,"Коржевский, Краснодарский край",
https://auto.drom.ru/ekaterinburg/hyundai/santa_fe/592517156.html,592517156,Хендай Санта Фе,2890000,2021,"дизель, 2.2 л",199.0,робот,4WD,серый,176 439,1.0,левый,"4 поколение, рестайлинг",,Екатеринбург,
https://auto.drom.ru/krasnoyarsk/hyundai/santa_fe/267417218.html,267417218,Хендай Санта Фе,1247000,2011,"бензин, 2.4 л",174.0,АКПП,4WD,бордовый,238 470,,левый,"2 поколение, рестайлинг",2.4 AT 4WD Style,Красноярск,
https://auto.drom.ru/ishim/hyundai/santa_fe/330416189.html,330416189,Хендай Санта Фе,2800000,2018,"дизель, 2.2 л",200.0,АКПП,4WD,,91 318,1.0,левый,"3 поколение, рестайлинг",,"Ишим, Тюменская область",
https://auto.drom.ru/lermontov/hyundai/santa_fe/936555311.html,936555311,Хендай Санта Фе,2000000,2017,"бензин, 2.0 л",245.0,АКПП,4WD,белый,105 000,1.0,левый,"3 поколение, рестайлинг",,"Лермонтов, Ставропольский край",
https://auto.drom.ru/moscow/hyundai/santa_fe/529180109.html,529180109,Хендай Санта Фе,3450000,2021,"бензин, 2.5 л",180.0,АКПП,4WD,черный,55 000,2.0,левый,"4 поколение, рестайлинг",2.5 AT 4WD Prestige 5 мест,Москва,
https://auto.drom.ru/krasnoyarsk/hyundai/santa_fe/644337419.html,644337419,Хендай Санта Фе,2990000,2019,"бензин, 2.0 л",235.0,АКПП,передний,белый,63 136,,левый,4 поколение,2.0 GDI 2WD AT Premium 5 seats,Красноярск,
https://auto.drom.ru/salehard/hyundai/santa_fe/114347321.html,114347321,Хендай Санта Фе,2500000,2013,"бензин, 2.4 л",175.0,АКПП,4WD,белый,65 000,3.0,левый,3 поколение,2.4 AT 4WD Comfort,Салехард,
https://auto.drom.ru/omsk/hyundai/santa_fe/829062523.html,829062523,Хендай Санта Фе,958000,2008,"дизель, 2.2 л",150.0,АКПП,4WD,серый,358 000,2.0,левый,2 поколение,2.2 CRDi AT GLS 01E,Омск,
https://auto.drom.ru/novosibirsk/hyundai/santa_fe/482071675.html,482071675,Хендай Санта Фе,2890000,2021,"бензин, 2.5 л",180.0,АКПП,4WD,коричневый,86 152,1.0,левый,"4 поколение, рестайлинг",2.5 MPI AT 4WD High-Tech 5 мест Казахстан,Новосибирск,
https://auto.drom.ru/moscow/hyundai/santa_fe/245735102.html,245735102,Хендай Санта Фе,2145000,2018,"бензин, 2.4 л",188.0,АКПП,4WD,черный,152 000,,левый,4 поколение,2.4 AT 4WD Lifestyle 5 мест,Москва,
https://auto.drom.ru/barnaul/hyundai/santa_fe/516838660.html,516838660,Хендай Санта Фе,7265000,2025,"бензин, 2.5 л",194.0,АКПП,4WD,белый,,,левый,5 поколение,2.5 GDI+MPI AT 4WD Calligraphy 5/6 мест Казахстан,Барнаул,
https://auto.drom.ru/omsk/hyundai/santa_fe/927172619.html,927172619,Хендай Санта Фе,1380000,2011,"бензин, 2.4 л",174.0,АКПП,4WD,серый,236 000,,левый,"2 поколение, рестайлинг",2.4 AT 4WD Style+Navi,Омск,
https://auto.drom.ru/iskitim/hyundai/santa_fe/528205839.html,528205839,Хендай Санта Фе,980000,2009,"дизель, 2.2 л",150.0,АКПП,4WD,серый,282 000,3.0,левый,2 поколение,2.2 CRDi AT GLS 01E,"Искитим, Новосибирская область",
https://auto.drom.ru/mayma/hyundai/santa_fe/493050107.html,493050107,Хендай Санта Фе,620000,2007,"дизель, 2.2 л",153.0,АКПП,4WD,серый,244 671,3.0,левый,2 поколение,2.2D VGT 4WD AT Base,"Майма, Республика Алтай",
https://auto.drom.ru/magnitogorsk/hyundai/santa_fe/733680287.html,733680287,Хендай Санта Фе,2100000,2016,"бензин, 2.4 л",171.0,АКПП,4WD,серебристый,145 000,2.0,левый,"3 поколение, рестайлинг",,"Магнитогорск, Челябинская область",
https://auto.drom.ru/kurgan/hyundai/ix35/522193269.html,522193269,Хендай Ай Икс 35,900000,2012,"бензин, 2.0 л",150.0,механика,передний,белый,250,3.0,левый,1 поколение,2.0 MT 2WD Start,Курган,
https://auto.drom.ru/novosibirsk/hyundai/ix35/236059401.html,236059401,Хендай Ай Икс 35,1140000,2011,"дизель, 2.0 л",184.0,АКПП,4WD,бежевый,138 000,2.0,левый,1 поколение,2.0 CRDi AT 4WD Comfort,Новосибирск,
https://auto.drom.ru/shahty/hyundai/ix35/147245155.html,147245155,Хендай Ай Икс 35,1180000,2012,"бензин, 2.0 л",150.0,АКПП,передний,синий,180 000,,левый,1 поколение,,"Шахты, Ростовская область",
https://auto.drom.ru/rostov-na-donu/hyundai/ix35/204705117.html,204705117,Хендай Ай Икс 35,1500000,2014,"бензин, 2.0 л",150.0,АКПП,4WD,коричневый,166 847,2.0,левый,"1 поколение, рестайлинг",2.0 AT 4WD Travel,Ростов-на-Дону,
https://auto.drom.ru/surgut/hyundai/ix35/423540480.html,423540480,Хендай Ай Икс 35,1300000,2012,"бензин, 2.0 л",150.0,АКПП,передний,синий,180 976,2.0,левый,1 поколение,,"Сургут, Ханты-Мансийский автономный округ",
https://auto.drom.ru/belokuriha/hyundai/ix35/947619885.html,947619885,Хендай Ай Икс 35,1800000,2014,"бензин, 2.0 л",150.0,АКПП,4WD,белый,93 000,3.0,левый,"1 поколение, рестайлинг",,"Белокуриха, Алтайский край",
https://auto.drom.ru/krasnoyarsk/hyundai/ix35/542676739.html,542676739,Хендай Ай Икс 35,1275000,2010,"бензин, 2.0 л",150.0,АКПП,4WD,коричневый,168 000,3.0,левый,1 поколение,2.0 AT 4WD Style,Красноярск,
https://auto.drom.ru/kamyshlov/hyundai/ix35/922381543.html,922381543,Хендай Ай Икс 35,750000,2011,"бензин, 2.0 л",150.0,АКПП,4WD,серебристый,282 000,,левый,1 поколение,,"Камышлов, Свердловская область",
https://auto.drom.ru/ulan-ude/hyundai/ix35/797782221.html,797782221,Хендай Ай Икс 35,935000,2011,"дизель, 2.0 л",184.0,АКПП,4WD,черный,217 500,3.0,левый,1 поколение,2.0 CRDi AT 4WD Style,Улан-Удэ,
https://auto.drom.ru/omsk/hyundai/ix35/134427391.html,134427391,Хендай Ай Икс 35,1559000,2015,"бензин, 2.0 л",150.0,АКПП,передний,синий,156 098,3.0,левый,"1 поколение, рестайлинг",2.0 AT 2WD Travel LE,Омск,
https://auto.drom.ru/ekaterinburg/hyundai/ix35/914241660.html,914241660,Хендай Ай Икс 35,1000000,2013,"бензин, 2.0 л",150.0,механика,передний,белый,215 000,3.0,левый,1 поколение,,Екатеринбург,
https://auto.drom.ru/irkutsk/hyundai/ix35/897874090.html,897874090,Хендай Ай Икс 35,1250000,2013,"бензин, 2.0 л",150.0,АКПП,передний,серебристый,281 000,2.0,левый,1 поколение,2.0 AT 2WD Classic,Иркутск,
https://auto.drom.ru/tyumen/hyundai/ix35/420089152.html,420089152,Хендай Ай Икс 35,1120000,2012,"бензин, 2.0 л",150.0,АКПП,4WD,белый,250 875,3.0,левый,1 поколение,2.0 AT 4WD Prestige,Тюмень,
https://auto.drom.ru/murom/hyundai/ix35/658546543.html,658546543,Хендай Ай Икс 35,550000,2014,"бензин, 2.0 л",150.0,АКПП,передний,коричневый,89 000,3.0,левый,"1 поколение, рестайлинг",2.0 AT 2WD Travel,"Муром, Владимирская область",
https://auto.drom.ru/volgograd/hyundai/ix35/903443238.html,903443238,Хендай Ай Икс 35,1155000,2012,"бензин, 2.0 л",150.0,АКПП,4WD,белый,138 000,,левый,1 поколение,2.0 AT 4WD Prestige,Волгоград,
https://auto.drom.ru/habarovsk/hyundai/ix35/751586153.html,751586153,Хендай Ай Икс 35,1600000,2014,"бензин, 2.0 л",150.0,АКПП,4WD,белый,111 882,2.0,левый,"1 поколение, рестайлинг",,Хабаровск,
https://auto.drom.ru/tomsk/hyundai/ix35/818822023.html,818822023,Хендай Ай Икс 35,1259000,2012,"бензин, 2.0 л",150.0,АКПП,передний,серый,156 500,,левый,1 поколение,,Томск,
https://auto.drom.ru/berezovo/hyundai/ix35/702062950.html,702062950,Хендай Ай Икс 35,1330000,2013,"бензин, 2.0 л",150.0,АКПП,4WD,серебристый,210 000,3.0,левый,1 поколение,2.0 AT 4WD Comfort+Navi,"Березово, Ханты-Мансийский автономный округ",
https://auto.drom.ru/volgograd/hyundai/ix35/690392976.html,690392976,Хендай Ай Икс 35,1260000,2014,"бензин, 2.0 л",150.0,механика,,серебристый,153 588,,левый,,,Волгоград,
https://auto.drom.ru/ekaterinburg/hyundai/ix35/394773993.html,394773993,Хендай Ай Икс 35,1400000,2015,"бензин, 2.0 л",150.0,АКПП,4WD,черный,220 000,1.0,левый,"1 поколение, рестайлинг",,Екатеринбург,
https://auto.drom.ru/vladivostok/hyundai/ix35/829020691.html,829020691,Хендай Ай Икс 35,1730000,2021,"бензин, 1.4 л",140.0,робот,передний,черный,49 212,,левый,"2 поколение, рестайлинг",1.4 GDI-T DCT 2WD 240T Leading Edition GLS,,
https://auto.drom.ru/ekaterinburg/hyundai/sonata/353249607.html,353249607,Хендай Соната,999000,2011,"бензин, 2.0 л",150.0,АКПП,передний,серебристый,234 345,2.0,левый,6 поколение,2.0 AT Comfort,Екатеринбург,
https://auto.drom.ru/uchaly/hyundai/sonata/532482478.html,532482478,Хендай Соната,1000000,2011,"бензин, 2.4 л",178.0,АКПП,передний,серый,390 000,,левый,6 поколение,2.4 AT Prestige,"Учалы, Республика Башкортостан",
https://auto.drom.ru/gelendzhik/hyundai/sonata/936784895.html,936784895,Хендай Соната,1000000,2011,"бензин, 2.0 л",144.0,автомат,передний,серый,99 376,1.0,левый,6 поколение,,"Геленджик, Краснодарский край",
https://auto.drom.ru/nizhnevartovsk/hyundai/sonata/928802082.html,928802082,Хендай Соната,400000,2005,"бензин, 2.0 л",131.0,механика,передний,черный,329 610,,левый,"4 поколение, рестайлинг",,"Нижневартовск, Ханты-Мансийский автономный округ",
https://auto.drom.ru/novovarshavka/hyundai/sonata/914295503.html,914295503,Хендай Соната,600000,2009,"бензин, 2.0 л",137.0,механика,передний,серебристый,379 381,3.0,левый,"4 поколение, рестайлинг",,"Нововаршавка, Омская область",
https://auto.drom.ru/voronezh/hyundai/sonata/749123403.html,749123403,Хендай Соната,320000,2005,"бензин, 2.0 л",131.0,механика,передний,белый,300 000,3.0,левый,"4 поколение, рестайлинг",,Воронеж,
https://auto.drom.ru/ekaterinburg/hyundai/sonata/813702625.html,813702625,Хендай Соната,2869000,2022,"бензин, 2.5 л",180.0,АКПП,передний,серый,67 412,1.0,левый,8 поколение,2.5 MPI AT Business,Екатеринбург,
https://auto.drom.ru/kemerovo/hyundai/sonata/549401864.html,549401864,Хендай Соната,2099999,2021,"бензин, 2.0 л",150.0,АКПП,передний,серый,72 490,2.0,левый,8 поколение,2.0 MPI AT Style,Кемерово,
https://auto.drom.ru/surgut/hyundai/sonata/836387554.html,836387554,Хендай Соната,550000,2008,"бензин, 2.0 л",137.0,механика,передний,серебристый,220 368,,левый,"4 поколение, рестайлинг",2.0 MT MT2,"Сургут, Ханты-Мансийский автономный округ",
https://auto.drom.ru/khanty-mansiysk/hyundai/sonata/905510754.html,905510754,Хендай Соната,1350000,2015,"бензин, 2.4 л",185.0,АКПП,передний,черный,190 000,2.0,левый,7 поколение,2.4 AT LIMITED,Ханты-Мансийск,
https://auto.drom.ru/moscow/hyundai/sonata/214611997.html,214611997,Хендай Соната,1200000,2021,"бензин, 2.0 л",150.0,АКПП,передний,белый,303 426,2.0,левый,8 поколение,,Москва,
https://auto.drom.ru/krasnodar/hyundai/sonata/785914254.html,785914254,Хендай Соната,480000,2008,"бензин, 2.7 л, ГБО",172.0,механика,передний,черный,290 000,3.0,левый,"4 поколение, рестайлинг",2.7 MT MT10,Краснодар,
https://auto.drom.ru/yevpatoriya/hyundai/sonata/620530395.html,620530395,Хендай Соната,399000,2003,"бензин, 2.4 л, ГБО",149.0,АКПП,передний,бежевый,259 463,,левый,"4 поколение, рестайлинг",2.4 AT Sonata,"Евпатория, Республика Крым",
https://auto.drom.ru/moscow/hyundai/sonata/883038819.html,883038819,Хендай Соната,2730000,2022,"бензин, 2.5 л",180.0,АКПП,передний,черный,61 598,3.0,левый,8 поколение,,Москва,
https://auto.drom.ru/ekaterinburg/hyundai/sonata/834833487.html,834833487,Хендай Соната,370000,2008,"бензин, 2.0 л",137.0,механика,передний,бежевый,432 600,2.0,левый,"4 поколение, рестайлинг",2.0 MT Comfort,Екатеринбург,
https://auto.drom.ru/tyumen/hyundai/sonata/811336164.html,811336164,Хендай Соната,1885000,2018,"бензин, 2.4 л",188.0,АКПП,передний,белый,175 000,,левый,"7 поколение, рестайлинг",2.4 AT Lifestyle,Тюмень,
https://auto.drom.ru/orenburg/hyundai/sonata/631799782.html,631799782,Хендай Соната,405000,2006,"бензин, 2.0 л",137.0,АКПП,передний,серебристый,310 912,,левый,"4 поколение, рестайлинг",2.0 AT AT7,Оренбург,
https://auto.drom.ru/omsk/hyundai/sonata/607638806.html,607638806,Хендай Соната,3285000,2023,"бензин, 2.5 л",180.0,АКПП,передний,серый,2 187,1.0,левый,8 поколение,,Омск,
https://auto.drom.ru/novoshahtinsk/hyundai/sonata/849112701.html,849112701,Хендай Соната,400000,2006,"бензин, 2.0 л",137.0,механика,передний,черный,370 000,,левый,"4 поколение, рестайлинг",,"Новошахтинск, Ростовская область",
https://auto.drom.ru/spb/hyundai/sonata/774550892.html,774550892,Хендай Соната,2900000,2022,"бензин, 2.5 л",180.0,АКПП,передний,серый,24 500,1.0,левый,8 поколение,2.5 MPI AT 2WD Prestige Казахстан,Санкт-Петербург,
https://auto.drom.ru/krasnoyarsk/hyundai/getz/202590514.html,202590514,Хендай Гетц,397000,2004,"бензин, 1.3 л",85.0,АКПП,передний,красный,158 000,2.0,левый,1 поколение,1.3 AT GLS TB15a,Красноярск,
https://auto.drom.ru/pervouralsk/hyundai/getz/883359794.html,883359794,Хендай Гетц,550000,2010,"бензин, 1.4 л",97.0,АКПП,передний,черный,152 000,,левый,"1 поколение, рестайлинг",1.4 AT Comfort 5d,"Первоуральск, Свердловская область",
https://auto.drom.ru/tomsk/hyundai/getz/909750397.html,909750397,Хендай Гетц,330000,2006,"бензин, 1.4 л",97.0,механика,передний,красный,196 000,3.0,левый,"1 поколение, рестайлинг",1.4 MT Comfort 5d,Томск,
https://auto.drom.ru/ekaterinburg/hyundai/getz/778917735.html,778917735,Хендай Гетц,325000,2005,"бензин, 1.3 л",85.0,АКПП,передний,серый,206 000,2.0,левый,1 поколение,1.3 AT GLS TB15a,Екатеринбург,
https://auto.drom.ru/izhevsk/hyundai/getz/733054996.html,733054996,Хендай Гетц,510000,2010,"бензин, 1.4 л",97.0,механика,передний,синий,152 165,,левый,"1 поколение, рестайлинг",1.4 MT Classic 5d,Ижевск,
https://auto.drom.ru/omsk/hyundai/getz/346585960.html,346585960,Хендай Гетц,500000,2007,"бензин, 1.4 л",97.0,механика,передний,красный,180 000,3.0,левый,"1 поколение, рестайлинг",,Омск,
https://auto.drom.ru/novosibirsk/hyundai/getz/860052536.html,860052536,Хендай Гетц,550000,2008,"бензин, 1.4 л",97.0,АКПП,передний,серый,135 000,,левый,"1 поколение, рестайлинг",,Новосибирск,
https://auto.drom.ru/izhevsk/hyundai/getz/753876072.html,753876072,Хендай Гетц,449000,2010,"бензин, 1.1 л",67.0,механика,передний,черный,210 146,2.0,левый,"1 поколение, рестайлинг",,Ижевск,
https://auto.drom.ru/nizhnevartovsk/hyundai/getz/271012210.html,271012210,Хендай Гетц,395000,2008,"бензин, 1.4 л",97.0,механика,передний,красный,233 000,3.0,левый,"1 поколение, рестайлинг",1.4 MT Comfort 5d,"Нижневартовск, Ханты-Мансийский автономный округ",
https://auto.drom.ru/omsk/hyundai/getz/783706962.html,783706962,Хендай Гетц,299000,2005,"бензин, 1.4 л",97.0,механика,передний,черный,185 000,,левый,"1 поколение, рестайлинг",1.4 MT GLS,Омск,
https://auto.drom.ru/volgograd/hyundai/getz/909193580.html,909193580,Хендай Гетц,509000,2007,"бензин, 1.4 л",97.0,автомат,передний,синий,285 447,,,,,Волгоград,
https://auto.drom.ru/kemerovo/hyundai/getz/809505479.html,809505479,Хендай Гетц,400000,2005,"бензин, 1.6 л",105.0,АКПП,передний,красный,219 920,,левый,1 поколение,,Кемерово,
https://auto.drom.ru/novosibirsk/hyundai/getz/773002920.html,773002920,Хендай Гетц,370000,2003,"бензин, 1.3 л",85.0,АКПП,передний,зеленый,157 610,,левый,1 поколение,1.3 AT GLS TB15a,Новосибирск,
https://auto.drom.ru/makushino/hyundai/getz/836301346.html,836301346,Хендай Гетц,370000,2009,"бензин, 1.1 л",67.0,механика,передний,синий,215 000,3.0,левый,"1 поколение, рестайлинг",1.1 MT GL,"Макушино, Курганская область",
https://auto.drom.ru/naberezhnye-chelny/hyundai/getz/884772490.html,884772490,Хендай Гетц,399000,2007,"бензин, 1.1 л",66.0,механика,передний,серый,160 000,2.0,левый,"1 поколение, рестайлинг",,"Набережные Челны, Республика Татарстан",
https://auto.drom.ru/kurgan/hyundai/getz/217601332.html,217601332,Хендай Гетц,430000,2008,"бензин, 1.4 л",97.0,механика,передний,голубой,174 171,,левый,"1 поколение, рестайлинг",,Курган,
https://auto.drom.ru/omsk/hyundai/getz/485784528.html,485784528,Хендай Гетц,450000,2005,"бензин, 1.4 л",97.0,АКПП,передний,серебристый,198 000,1.0,левый,"1 поколение, рестайлинг",1.4 AT GLS,Омск,
https://auto.drom.ru/orenburg/hyundai/getz/352412664.html,352412664,Хендай Гетц,300000,2007,"бензин, 1.1 л",67.0,механика,передний,зеленый,216 695,,левый,"1 поколение, рестайлинг",,Оренбург,
https://auto.drom.ru/barnaul/hyundai/getz/228015999.html,228015999,Хендай Гетц,494000,2007,"бензин, 1.4 л",97.0,АКПП,передний,зеленый,238 881,,левый,"1 поколение, рестайлинг",,Барнаул,
https://auto.drom.ru/starovelichkovskaya/hyundai/getz/476877272.html,476877272,Хендай Гетц,620000,2008,"бензин, 1.4 л",97.0,АКПП,передний,черный,144 000,,левый,"1 поколение, рестайлинг",1.4 AT GLS,"Старовеличковская, Краснодарский край",
https://auto.drom.ru/orenburg/hyundai/accent/823449228.html,823449228,Хендай Акцент,219000,2004,"бензин, 1.5 л",102.0,механика,передний,красный,250 023,,левый,2 поколение,,Оренбург,
https://auto.drom.ru/ekaterinburg/hyundai/accent/915905539.html,915905539,Хендай Акцент,170000,2008,"бензин, 1.5 л",102.0,механика,передний,черный,251 392,,левый,2 поколение,,Екатеринбург,
https://auto.drom.ru/temryuk/hyundai/accent/869455086.html,869455086,Хендай Акцент,410000,2009,"бензин, 1.5 л",102.0,механика,передний,,217 000,2.0,левый,2 поколение,,"Темрюк, Краснодарский край",
https://auto.drom.ru/novocherkassk/hyundai/accent/401910742.html,401910742,Хендай Акцент,325000,2005,"бензин, 1.5 л",102.0,механика,передний,черный,250 000,,левый,2 поколение,1.5 MT MT3,"Новочеркасск, Ростовская область",
https://auto.drom.ru/izhevsk/hyundai/accent/348753363.html,348753363,Хендай Акцент,379000,2008,"бензин, 1.5 л",102.0,механика,передний,черный,132 099,,левый,2 поколение,,Ижевск,
https://auto.drom.ru/kamyshlov/hyundai/accent/792543381.html,792543381,Хендай Акцент,240000,2007,"бензин, 1.5 л",102.0,механика,передний,черный,220 906,,левый,2 поколение,1.5 MT MT0,"Камышлов, Свердловская область",
https://auto.drom.ru/tomsk/hyundai/accent/933868933.html,933868933,Хендай Акцент,250000,2006,"бензин, 1.5 л",90.0,механика,передний,бежевый,235 986,,левый,2 поколение,1.5 MT MT6,Томск,
https://auto.drom.ru/orsk/hyundai/accent/805737279.html,805737279,Хендай Акцент,250000,2008,"бензин, 1.5 л, ГБО",102.0,механика,передний,синий,540 000,2.0,левый,2 поколение,,"Орск, Оренбургская область",
https://auto.drom.ru/rostov-na-donu/hyundai/accent/578001485.html,578001485,Хендай Акцент,380000,2008,"бензин, 1.5 л",102.0,механика,передний,серый,240 000,,левый,2 поколение,1.5 MT MT3,Ростов-на-Дону,
https://auto.drom.ru/kemerovo/hyundai/accent/590772202.html,590772202,Хендай Акцент,329000,2004,"бензин, 1.5 л",102.0,АКПП,передний,бежевый,200 000,,левый,2 поколение,1.5 AT AT4,Кемерово,
https://auto.drom.ru/izhevsk/hyundai/accent/405390277.html,405390277,Хендай Акцент,335000,2008,"бензин, 1.5 л",102.0,АКПП,передний,серебристый,305 178,,левый,2 поколение,1.5 AT AT5,Ижевск,
https://auto.drom.ru/beloyarskiy-sverdlovsk/hyundai/accent/945662401.html,945662401,Хендай Акцент,380000,2006,"бензин, 1.5 л",102.0,механика,передний,серебристый,292 000,,левый,2 поколение,1.5 MT MT3,"Белоярский, Свердловская область",
https://auto.drom.ru/staroshcherbinovskaya/hyundai/accent/813664649.html,813664649,Хендай Акцент,390000,2006,"бензин, 1.5 л",90.0,механика,передний,черный,228 000,3.0,левый,2 поколение,1.5 MT MT6,"Старощербиновская, Краснодарский край",
https://auto.drom.ru/rostov-na-donu/hyundai/accent/848579562.html,848579562,Хендай Акцент,770000,2009,"бензин, 1.5 л",102.0,механика,передний,бежевый,20 000,2.0,левый,2 поколение,,Ростов-на-Дону,
https://auto.drom.ru/omsk/hyundai/accent/458977589.html,458977589,Хендай Акцент,399000,2008,"бензин, 1.5 л",102.0,АКПП,передний,серый,192 612,,левый,2 поколение,1.5 AT AT4,Омск,
https://auto.drom.ru/novocherkassk/hyundai/accent/393555914.html,393555914,Хендай Акцент,460000,2007,"бензин, 1.5 л",102.0,механика,передний,бордовый,249 500,,левый,2 поколение,1.5 MT MT3,"Новочеркасск, Ростовская область",
https://auto.drom.ru/chelyabinsk/hyundai/accent/185078605.html,185078605,Хендай Акцент,390000,2007,"бензин, 1.5 л",102.0,механика,передний,синий,263 000,,левый,2 поколение,1.5 MT MT2,Челябинск,
https://auto.drom.ru/izhevsk/hyundai/accent/409935251.html,409935251,Хендай Акцент,449000,2008,"бензин, 1.5 л",102.0,АКПП,передний,серебристый,305 178,,левый,2 поколение,1.5 AT AT5,Ижевск,
https://auto.drom.ru/sokolskoe/hyundai/accent/832989455.html,832989455,Хендай Акцент,280000,2007,"бензин, 1.5 л",102.0,механика,передний,красный,165 000,,левый,2 поколение,1.5 MT MT2,"Сокольское, Нижегородская область",
https://auto.drom.ru/spb/hyundai/accent/396924080.html,396924080,Хендай Акцент,215000,2008,"бензин, 1.5 л",102.0,механика,передний,серебристый,286 000,,левый,2 поколение,1.5 MT MT1,Санкт-Петербург,
https://auto.drom.ru/izhevsk/kia/rio/817891424.html,817891424,Киа Рио,699000,2012,"бензин, 1.4 л",107.0,механика,передний,голубой,177 520,,левый,3 поколение,1.4 MT Comfort,Ижевск,
https://auto.drom.ru/ekaterinburg/kia/rio/516644248.html,516644248,Киа Рио,620000,2012,"бензин, 1.4 л",107.0,механика,передний,голубой,164 000,2.0,левый,3 поколение,1.4 MT Comfort,Екатеринбург,
https://auto.drom.ru/izhevsk/kia/rio/649157953.html,649157953,Киа Рио,899000,2015,"бензин, 1.6 л",123.0,механика,передний,серебристый,159 266,,левый,3 поколение,,Ижевск,
https://auto.drom.ru/omsk/kia/rio/329336679.html,329336679,Киа Рио,795000,2014,"бензин, 1.6 л",123.0,АКПП,передний,красный,139 000,3.0,левый,3 поколение,1.6 AT Luxe,Омск,
https://auto.drom.ru/tyumen/kia/rio/747357897.html,747357897,Киа Рио,1100000,2017,"бензин, 1.6 л",123.0,механика,передний,красный,170 000,2.0,левый,4 поколение,,Тюмень,
https://auto.drom.ru/rostov-na-donu/kia/rio/840415585.html,840415585,Киа Рио,1445000,2019,"бензин, 1.6 л",123.0,АКПП,передний,серебристый,98 900,1.0,левый,4 поколение,1.6 AT Luxe,Ростов-на-Дону,
https://auto.drom.ru/izhevsk/kia/rio/800883633.html,800883633,Киа Рио,749000,2013,"бензин, 1.4 л",107.0,механика,передний,белый,119 277,3.0,левый,3 поколение,1.4 MT Comfort,Ижевск,
https://auto.drom.ru/omsk/kia/rio/526110858.html,526110858,Киа Рио,1100000,2017,"бензин, 1.6 л",123.0,АКПП,передний,белый,120 000,3.0,левый,4 поколение,,Омск,
https://auto.drom.ru/kemerovo/kia/rio/708611942.html,708611942,Киа Рио,1099000,2019,"бензин, 1.6 л",123.0,АКПП,передний,красный,133 000,1.0,левый,4 поколение,,Кемерово,
https://auto.drom.ru/krasnoyarsk/kia/rio/196662894.html,196662894,Киа Рио,677000,2010,"бензин, 1.4 л",95.0,АКПП,передний,оранжевый,136 000,,левый,"2 поколение, рестайлинг",1.4 AT Comfort,Красноярск,
https://auto.drom.ru/tomsk/kia/rio/906744152.html,906744152,Киа Рио,732000,2012,"бензин, 1.6 л",123.0,АКПП,передний,серый,185 409,,левый,3 поколение,1.6 AT Luxe,Томск,
https://auto.drom.ru/chernomorskoe/kia/rio/513146843.html,513146843,Киа Рио,1540000,2020,"бензин, 1.6 л",123.0,АКПП,передний,серый,202 000,,левый,4 поколение,1.6 AT Luxe,"Черноморское, Республика Крым",
https://auto.drom.ru/kemerovo/kia/rio/720410856.html,720410856,Киа Рио,850000,2013,"бензин, 1.4 л",107.0,АКПП,передний,серебристый,161 000,3.0,левый,3 поколение,,Кемерово,
https://auto.drom.ru/shahty/kia/rio/667584872.html,667584872,Киа Рио,590000,2006,"бензин, 1.4 л",97.0,механика,передний,бежевый,192 000,,левый,2 поколение,,"Шахты, Ростовская область",
https://auto.drom.ru/novosibirsk/kia/rio/301866416.html,301866416,Киа Рио,1650000,2019,"бензин, 1.6 л",123.0,АКПП,передний,коричневый,60 381,2.0,левый,4 поколение,1.6 AT Luxe,Новосибирск,
https://auto.drom.ru/tyumen/kia/rio/638383377.html,638383377,Киа Рио,895000,2016,"бензин, 1.6 л",123.0,АКПП,передний,белый,231 000,3.0,левый,"3 поколение, рестайлинг",1.6 AT Luxe,Тюмень,
https://auto.drom.ru/obninsk/kia/rio/716820992.html,716820992,Киа Рио,1650000,2019,"бензин, 1.6 л",123.0,АКПП,передний,серебристый,88 000,2.0,левый,4 поколение,1.6 AT Comfort,"Обнинск, Калужская область",
https://auto.drom.ru/kazan/kia/rio/369493249.html,369493249,Киа Рио,1258200,2019,"бензин, 1.6 л",123.0,АКПП,передний,синий,182 688,2.0,левый,4 поколение,1.6 AT Prestige,Казань,
https://auto.drom.ru/moscow/kia/rio/253847335.html,253847335,Киа Рио,429000,2010,"бензин, 1.4 л",95.0,механика,передний,бежевый,139 000,1.0,левый,"2 поколение, рестайлинг",1.4 MT Luxe,Москва,
https://auto.drom.ru/novosibirsk/kia/rio/520804309.html,520804309,Киа Рио,1300000,2017,"бензин, 1.6 л",123.0,АКПП,передний,красный,57 000,1.0,левый,"3 поколение, рестайлинг",1.6 AT Luxe FCC 2017,Новосибирск,
https://auto.drom.ru/novosibirsk/kia/sportage/128038418.html,128038418,Киа Спортейдж,699000,2008,"дизель, 2.0 л",115.0,механика,4WD,серебристый,134 255,,левый,"2 поколение, рестайлинг",2.0 CRDI MT 4WD,Новосибирск,
https://auto.drom.ru/perm/kia/sportage/494085370.html,494085370,Киа Спортейдж,1595000,2016,"бензин, 2.0 л",150.0,механика,4WD,коричневый,126 702,2.0,левый,4 поколение,2.0 MT 4WD Luxe,Пермь,
https://auto.drom.ru/krasnoyarsk/kia/sportage/747467094.html,747467094,Киа Спортейдж,695000,2008,"дизель, 2.0 л",150.0,автомат,4WD,серый,170 000,3.0,левый,"2 поколение, рестайлинг",,Красноярск,
https://auto.drom.ru/tyumen/kia/sportage/795505413.html,795505413,Киа Спортейдж,2649000,2021,"бензин, 2.0 л",150.0,АКПП,4WD,черный,103 677,1.0,левый,,,Тюмень,
https://auto.drom.ru/khanty-mansiysk/kia/sportage/145086733.html,145086733,Киа Спортейдж,2300000,2018,"бензин, 2.0 л",150.0,АКПП,4WD,белый,23 000,1.0,левый,"4 поколение, рестайлинг",2.0 AT 4WD Prestige,Ханты-Мансийск,
https://auto.drom.ru/yuzhno-sakhalinsk/kia/sportage/837777067.html,837777067,Киа Спортейдж,2200000,2019,"бензин, 2.4 л",184.0,АКПП,4WD,синий,80 000,2.0,левый,4 поколение,2.4 AT 4WD LX,Южно-Сахалинск,
https://auto.drom.ru/simferopol/kia/sportage/244846390.html,244846390,Киа Спортейдж,1300000,2012,"бензин, 2.0 л, ГБО",150.0,АКПП,передний,серый,180 000,2.0,левый,3 поколение,2.0 AT 2WD Luxe,Симферополь,
https://auto.drom.ru/nizhniy-novgorod/kia/sportage/438263534.html,438263534,Киа Спортейдж,699999,2006,"дизель, 2.0 л",112.0,АКПП,4WD,серый,220 000,,левый,2 поколение,,Нижний Новгород,
https://auto.drom.ru/kurgan/kia/sportage/892466648.html,892466648,Киа Спортейдж,1000000,2008,"бензин, 2.0 л",141.0,механика,4WD,зеленый,230 000,3.0,левый,2 поколение,,Курган,
https://auto.drom.ru/tyumen/kia/sportage/700447941.html,700447941,Киа Спортейдж,2090000,2019,"бензин, 2.0 л",150.0,АКПП,передний,белый,96 461,1.0,левый,"4 поколение, рестайлинг",2.0 AT 2WD Luxe,Тюмень,
https://auto.drom.ru/krasnodar/kia/sportage/148148482.html,148148482,Киа Спортейдж,519017,2007,"бензин, 2.7 л",175.0,АКПП,4WD,серебристый,452 357,2.0,левый,2 поколение,2.7 AT 4WD EX,Краснодар,
https://auto.drom.ru/alushta/kia/sportage/660855614.html,660855614,Киа Спортейдж,2050000,2018,"дизель, 1.6 л",136.0,робот,передний,белый,100 000,2.0,левый,"4 поколение, рестайлинг",,"Алушта, Республика Крым",
https://auto.drom.ru/nizhniy-novgorod/kia/sportage/141726362.html,141726362,Киа Спортейдж,1950000,2019,"бензин, 2.0 л",150.0,АКПП,4WD,серый,170 000,3.0,левый,"4 поколение, рестайлинг",2.0 AT 4WD Luxe+,Нижний Новгород,
https://auto.drom.ru/novosibirsk/kia/sportage/210642304.html,210642304,Киа Спортейдж,1487000,2014,"бензин, 2.0 л",150.0,АКПП,4WD,коричневый,129 101,,левый,"3 поколение, рестайлинг",2.0 AT 4WD Luxe,Новосибирск,
https://auto.drom.ru/tomsk/kia/sportage/831409173.html,831409173,Киа Спортейдж,1380000,2014,"бензин, 2.0 л",150.0,АКПП,передний,синий,158 000,1.0,левый,"3 поколение, рестайлинг",,Томск,
https://auto.drom.ru/novosibirsk/kia/sportage/596220992.html,596220992,Киа Спортейдж,1287000,2012,"бензин, 2.0 л",150.0,АКПП,4WD,серебристый,220 278,,левый,3 поколение,,Новосибирск,
https://auto.drom.ru/novocherkassk/kia/sportage/379644037.html,379644037,Киа Спортейдж,1715000,2017,"бензин, 2.0 л",150.0,АКПП,4WD,серый,187 635,,левый,4 поколение,2.0 AT 4WD Prestige,"Новочеркасск, Ростовская область",
https://auto.drom.ru/kanash/kia/sportage/678440329.html,678440329,Киа Спортейдж,1099000,2011,"бензин, 2.0 л",150.0,механика,передний,,,,левый,3 поколение,,"Канаш, Чувашская Республика",
https://auto.drom.ru/kemerovo/kia/sportage/378507803.html,378507803,Киа Спортейдж,1930000,2017,"бензин, 2.0 л",150.0,АКПП,4WD,серый,155 000,,левый,4 поколение,2.0 AT 4WD Luxe,Кемерово,
https://auto.drom.ru/sochi/kia/sportage/365293738.html,365293738,Киа Спортейдж,1800000,2017,"бензин, 2.0 л",150.0,АКПП,4WD,синий,176 000,2.0,левый,4 поколение,,"Сочи, Краснодарский край",
https://auto.drom.ru/tomsk/kia/sorento/400360903.html,400360903,Киа Соренто,2465000,2018,"дизель, 2.0 л",186.0,АКПП,4WD,черный,162 615,1.0,левый,"3 поколение, рестайлинг",2.0 VGT AT 4WD Prestige 5 seats,Томск,
https://auto.drom.ru/novosibirsk/kia/sorento/816958720.html,816958720,Киа Соренто,490000,2002,"дизель, 2.5 л",145.0,АКПП,4WD,серый,192 000,3.0,левый,1 поколение,2.5 AT 4WD,Новосибирск,
https://auto.drom.ru/irkutsk/kia/sorento/855084376.html,855084376,Киа Соренто,2650000,2017,"бензин, 3.3 л",250.0,АКПП,4WD,белый,110 000,1.0,левый,3 поколение,Prime 3.3 AT GT-Line,Иркутск,
https://auto.drom.ru/kemerovo/kia/sorento/487819813.html,487819813,Киа Соренто,2795000,2020,"дизель, 2.2 л",199.0,робот,4WD,белый,125 000,2.0,левый,4 поколение,2.2 CRDi DCT 4WD Premium+,Кемерово,
https://auto.drom.ru/krasnoyarsk/kia/sorento/344049068.html,344049068,Киа Соренто,2990000,2020,"дизель, 2.2 л",202.0,автомат,передний,синий,162 900,1.0,левый,,,Красноярск,
https://auto.drom.ru/kemerovo/kia/sorento/848753629.html,848753629,Киа Соренто,1450000,2012,"бензин, 2.4 л",175.0,АКПП,4WD,серебристый,162 785,3.0,левый,2 поколение,2.4 Luxe AT,Кемерово,
https://auto.drom.ru/omsk/kia/sorento/461663246.html,461663246,Киа Соренто,1970000,2013,"бензин, 2.4 л",175.0,АКПП,4WD,зеленый,151 804,,левый,2 поколение,,Омск,
https://auto.drom.ru/tyumen/kia/sorento/889337303.html,889337303,Киа Соренто,3449000,2019,"бензин, 2.0 л",240.0,АКПП,4WD,черный,88 892,1.0,левый,"3 поколение, рестайлинг",,Тюмень,
https://auto.drom.ru/zheleznogorsk-ilimskiy/kia/sorento/763525230.html,763525230,Киа Соренто,1400000,2011,"бензин, 2.4 л",175.0,АКПП,4WD,черный,115 040,1.0,левый,2 поколение,2.4 Comfort AT,"Железногорск-Илимский, Иркутская область",
https://auto.drom.ru/kemerovo/kia/sorento/551931218.html,551931218,Киа Соренто,450000,2014,"бензин, 2.4 л",175.0,механика,4WD,черный,150 000,2.0,левый,"2 поколение, рестайлинг",,Кемерово,
https://auto.drom.ru/nizhniy-novgorod/kia/sorento/170248513.html,170248513,Киа Соренто,1149000,2009,"бензин, 2.4 л",175.0,АКПП,4WD,черный,210 000,3.0,левый,2 поколение,,Нижний Новгород,
https://auto.drom.ru/tayshet/kia/sorento/729041619.html,729041619,Киа Соренто,1500000,2012,"бензин, 2.4 л",175.0,АКПП,4WD,бордовый,137 000,2.0,левый,2 поколение,2.4 AT 4WD LX,"Тайшет, Иркутская область",
https://auto.drom.ru/magnitogorsk/kia/sorento/112167724.html,112167724,Киа Соренто,2600000,2018,"бензин, 2.4 л, ГБО",175.0,АКПП,4WD,бежевый,122 900,2.0,левый,"2 поколение, рестайлинг",,"Магнитогорск, Челябинская область",
https://auto.drom.ru/kemerovo/kia/sorento/302758037.html,302758037,Киа Соренто,3519999,2022,"бензин, 2.5 л",180.0,АКПП,4WD,белый,51 492,1.0,левый,4 поколение,2.5 MPI AT 4WD Luxe,Кемерово,
https://auto.drom.ru/simferopol/kia/sorento/887582042.html,887582042,Киа Соренто,1520000,2012,"дизель, 2.2 л",197.0,АКПП,4WD,серебристый,200 000,,левый,2 поколение,2.2D Luxe AT,Симферополь,
https://auto.drom.ru/belgorod/kia/sorento/895035032.html,895035032,Киа Соренто,609000,2006,"бензин, 3.5 л",195.0,АКПП,4WD,синий,170 000,1.0,левый,1 поколение,3.5 AT 4WD,Белгород,
https://auto.drom.ru/izhevsk/kia/sorento/818735078.html,818735078,Киа Соренто,3280000,2021,"бензин, 2.5 л",281.0,робот,4WD,белый,145 000,1.0,левый,4 поколение,,Ижевск,
https://auto.drom.ru/achinsk/kia/sorento/866259057.html,866259057,Киа Соренто,1600000,2014,"бензин, 2.4 л",175.0,механика,4WD,коричневый,156 000,3.0,левый,"2 поколение, рестайлинг",,"Ачинск, Красноярский край",
https://auto.drom.ru/kemerovo/kia/sorento/109270644.html,109270644,Киа Соренто,2525000,2019,"бензин, 3.5 л",249.0,АКПП,4WD,серый,163 928,1.0,левый,"3 поколение, рестайлинг",Prime 3.5 AT Prestige,Кемерово,
https://auto.drom.ru/krasnoyarsk/kia/sorento/275904985.html,275904985,Киа Соренто,1700000,2015,"бензин, 2.4 л",175.0,АКПП,4WD,коричневый,191 045,3.0,левый,"2 поколение, рестайлинг",2.4 AT Premium,Красноярск,
https://auto.drom.ru/surgut/kia/sorento/327399422.html,327399422,Киа Соренто,750000,2006,"дизель, 2.5 л",145.0,АКПП,4WD,серебристый,448 000,,левый,1 поколение,2.5 AT 4WD,"Сургут, Ханты-Мансийский автономный округ",
https://auto.drom.ru/sochi/kia/optima/587334151.html,587334151,Киа Оптима,1700000,2018,"бензин, 1.6 л",180.0,автомат,передний,белый,105 500,1.0,левый,"4 поколение, рестайлинг",,"Сочи, Краснодарский край",
https://auto.drom.ru/kemerovo/kia/optima/166037364.html,166037364,Киа Оптима,1250000,2012,"бензин, 2.4 л",180.0,АКПП,передний,черный,250 000,,левый,3 поколение,,Кемерово,
https://auto.drom.ru/magnitogorsk/kia/optima/117960304.html,117960304,Киа Оптима,1638000,2019,"бензин, 2.0 л",150.0,АКПП,передний,серебристый,159 413,,левый,"4 поколение, рестайлинг",,"Магнитогорск, Челябинская область",
https://auto.drom.ru/rostov-na-donu/kia/optima/659471132.html,659471132,Киа Оптима,1977000,2018,"бензин, 2.0 л",150.0,АКПП,передний,белый,98 421,1.0,левый,"4 поколение, рестайлинг",2.0 AT Prestige,Ростов-на-Дону,
https://auto.drom.ru/kemerovo/kia/optima/441361909.html,441361909,Киа Оптима,1699999,2017,"бензин, 2.0 л",150.0,АКПП,передний,коричневый,143 027,2.0,левый,4 поколение,2.0 AT Luxe 2018 FWC,Кемерово,
https://auto.drom.ru/kemerovo/kia/optima/170833608.html,170833608,Киа Оптима,1399000,2018,"бензин, 2.0 л",150.0,АКПП,передний,белый,216 000,1.0,левый,"4 поколение, рестайлинг",2.0 AT Comfort,Кемерово,
https://auto.drom.ru/bratsk/kia/optima/800263068.html,800263068,Киа Оптима,1600000,2018,"бензин, 2.0 л",150.0,АКПП,передний,белый,179 000,1.0,левый,"4 поколение, рестайлинг",2.0 AT Prestige,"Братск, Иркутская область",
https://auto.drom.ru/surgut/kia/optima/785534016.html,785534016,Киа Оптима,2000000,2016,"бензин, 2.4 л",188.0,АКПП,передний,черный,87 000,2.0,левый,4 поколение,2.4 AT GT Line,"Сургут, Ханты-Мансийский автономный округ",
https://auto.drom.ru/cheboksary/kia/optima/903565580.html,903565580,Киа Оптима,2230000,2018,"бензин, 2.0 л",245.0,АКПП,передний,белый,125 978,2.0,левый,"4 поколение, рестайлинг",2.0 AT GT,Чебоксары,
https://auto.drom.ru/saransk/kia/optima/905719340.html,905719340,Киа Оптима,1990000,2018,"бензин, 2.0 л",245.0,АКПП,передний,синий,101 979,,левый,4 поколение,,Саранск,
https://auto.drom.ru/perm/kia/optima/850946062.html,850946062,Киа Оптима,1350000,2019,"бензин, 2.4 л",188.0,АКПП,передний,серый,154 700,2.0,левый,"4 поколение, рестайлинг","2.4 AT Специальная серия ""Лига Европы""",Пермь,
https://auto.drom.ru/novosibirsk/kia/optima/939658982.html,939658982,Киа Оптима,1575000,2014,"бензин, 2.4 л",180.0,АКПП,передний,серебристый,210 000,,левый,"3 поколение, рестайлинг",2.4 AT Premium,Новосибирск,
https://auto.drom.ru/tyumen/kia/optima/604936166.html,604936166,Киа Оптима,1370000,2014,"бензин, 2.0 л, ГБО",150.0,АКПП,передний,серебристый,130 000,,левый,"3 поколение, рестайлинг",2.0 AT Prestige,Тюмень,
https://auto.drom.ru/elabuga/kia/optima/792666187.html,792666187,Киа Оптима,2200000,2019,"бензин, 2.0 л",150.0,АКПП,передний,белый,95 000,2.0,левый,"4 поколение, рестайлинг","2.0 AT Специальная серия ""Edition Plus""","Елабуга, Республика Татарстан",
https://auto.drom.ru/barnaul/kia/optima/681022698.html,681022698,Киа Оптима,1437000,2018,"бензин, 2.0 л",150.0,АКПП,передний,белый,226 300,,левый,"4 поколение, рестайлинг",2.0 AT Comfort,Барнаул,
https://auto.drom.ru/tyumen/kia/optima/209638393.html,209638393,Киа Оптима,900000,2013,"бензин, 2.0 л",150.0,АКПП,передний,серебристый,181 600,,левый,3 поколение,2.0 AT Comfort,Тюмень,
https://auto.drom.ru/novosibirsk/kia/optima/432575686.html,432575686,Киа Оптима,1400000,2020,"бензин, 2.4 л",188.0,АКПП,передний,серый,153 000,2.0,левый,"4 поколение, рестайлинг",2.4 AT Prestige,Новосибирск,
https://auto.drom.ru/kemerovo/kia/optima/118782251.html,118782251,Киа Оптима,1750000,2018,"бензин, 2.0 л",150.0,АКПП,передний,черный,156 000,3.0,левый,"4 поколение, рестайлинг",2.0 AT Premium,Кемерово,
https://auto.drom.ru/kazan/kia/optima/849095349.html,849095349,Киа Оптима,1713000,2017,"бензин, 2.0 л",150.0,АКПП,передний,синий,142 971,,левый,4 поколение,2.0 AT Luxe,Казань,
https://auto.drom.ru/kazan/kia/optima/253897096.html,253897096,Киа Оптима,1250000,2014,"бензин, 2.0 л",150.0,АКПП,передний,серый,232 500,3.0,левый,"3 поколение, рестайлинг",,Казань,
https://auto.drom.ru/sevastopol/kia/optima/861090228.html,861090228,Киа Оптима,2489000,2020,"бензин, 2.4 л",188.0,АКПП,передний,черный,22 686,2.0,левый,"4 поколение, рестайлинг","2.4 AT Специальная серия ""Edition Plus""","Севастополь, Республика Крым",
https://auto.drom.ru/ufa/kia/cerato/347973649.html,347973649,Киа Церато,1350000,2018,"бензин, 1.6 л",130.0,механика,передний,белый,165 495,2.0,левый,"3 поколение, рестайлинг",,Уфа,
https://auto.drom.ru/kazan/kia/cerato/453000985.html,453000985,Киа Церато,712000,2010,"бензин, 1.6 л",126.0,механика,передний,черный,120 000,3.0,левый,2 поколение,,Казань,
https://auto.drom.ru/tyumen/kia/cerato/673858703.html,673858703,Киа Церато,1630000,2018,"бензин, 2.0 л",150.0,АКПП,передний,серый,116 509,1.0,левый,4 поколение,2.0 AT Luxe,Тюмень,
https://auto.drom.ru/chelyabinsk/kia/cerato/335842064.html,335842064,Киа Церато,2304000,2022,"бензин, 2.0 л",150.0,АКПП,передний,серый,79 668,1.0,левый,"4 поколение, рестайлинг",2.0 AT Prestige,Челябинск,
https://auto.drom.ru/kemerovo/kia/cerato/753948103.html,753948103,Киа Церато,870000,2010,"бензин, 1.6 л",126.0,механика,передний,бордовый,49 000,1.0,левый,2 поколение,1.6 MT Comfort,Кемерово,
https://auto.drom.ru/dzerzhinsk/kia/cerato/948042311.html,948042311,Киа Церато,670000,2009,"бензин, 1.6 л",126.0,АКПП,передний,черный,229 000,,левый,2 поколение,1.6 AT Luxe+,"Дзержинск, Нижегородская область",
https://auto.drom.ru/sochi/kia/cerato/226655324.html,226655324,Киа Церато,1750000,2021,"бензин, 2.0 л",150.0,АКПП,передний,серый,215 000,1.0,левый,4 поколение,2.0 AT GT Line+,"Сочи, Краснодарский край",
https://auto.drom.ru/voronezh/kia/cerato/466585916.html,466585916,Киа Церато,850000,2013,"бензин, 1.6 л",126.0,механика,передний,красный,181 675,3.0,левый,2 поколение,1.6 MT Luxe,Воронеж,
https://auto.drom.ru/krasnoyarsk/kia/cerato/193438848.html,193438848,Киа Церато,1199000,2017,"бензин, 2.0 л",150.0,АКПП,передний,серебристый,159 100,2.0,левый,"3 поколение, рестайлинг",2.0 AT Prestige,Красноярск,
https://auto.drom.ru/krasnoyarsk/kia/cerato/541751933.html,541751933,Киа Церато,1735000,2020,"бензин, 1.6 л",128.0,АКПП,передний,белый,44 000,1.0,левый,4 поколение,"1.6 AT Специальная серия ""Edition Plus""",Красноярск,
https://auto.drom.ru/spb/kia/cerato/423884221.html,423884221,Киа Церато,1729000,2019,"бензин, 2.0 л",150.0,АКПП,передний,синий,87 581,1.0,левый,4 поколение,2.0 AT Comfort,Санкт-Петербург,
https://auto.drom.ru/nyagan/kia/cerato/188753279.html,188753279,Киа Церато,1340000,2018,"бензин, 2.0 л",150.0,АКПП,передний,белый,155 000,,левый,"3 поколение, рестайлинг",2.0 AT Premium,"Нягань, Ханты-Мансийский автономный округ",
https://auto.drom.ru/moscow/kia/cerato/237381143.html,237381143,Киа Церато,808000,2021,"бензин, 1.6 л",128.0,механика,передний,синий,303 983,1.0,левый,4 поколение,1.6 MT Comfort,Москва,
https://auto.drom.ru/kemerovo/kia/cerato/918357329.html,918357329,Киа Церато,700000,2011,"бензин, 1.6 л",126.0,механика,передний,серый,270 000,,левый,2 поколение,1.6 MT Comfort,Кемерово,
https://auto.drom.ru/noyabrsk/kia/cerato/609855449.html,609855449,Киа Церато,1690000,2019,"бензин, 2.0 л",150.0,АКПП,передний,белый,98 300,3.0,левый,4 поколение,2.0 AT Prestige,"Ноябрьск, Ямало-Ненецкий автономный округ",
https://auto.drom.ru/surgut/kia/cerato/757196883.html,757196883,Киа Церато,710000,2010,"бензин, 1.6 л",126.0,АКПП,передний,коричневый,179 500,3.0,левый,2 поколение,,"Сургут, Ханты-Мансийский автономный округ",
https://auto.drom.ru/rostov/kia/cerato/738119165.html,738119165,Киа Церато,450000,2009,"бензин, 1.6 л",126.0,механика,передний,черный,310 000,,левый,2 поколение,1.6 MT Comfort,"Ростов, Ярославская область",
https://auto.drom.ru/korolev/kia/cerato/616203308.html,616203308,Киа Церато,2320000,2022,"бензин, 2.0 л",150.0,АКПП,передний,серый,79 029,2.0,левый,"4 поколение, рестайлинг",2.0 AT GT Line,"Королёв, Московская область",
https://auto.drom.ru/kemerovo/kia/cerato/582821348.html,582821348,Киа Церато,550000,2009,"бензин, 1.6 л",126.0,механика,передний,,380 000,,левый,2 поколение,,Кемерово,
https://auto.drom.ru/kerch/kia/cerato/824801581.html,824801581,Киа Церато,2050000,2021,"бензин, 2.0 л",150.0,АКПП,передний,белый,41 000,1.0,левый,4 поколение,2.0 AT Luxe,"Керчь, Республика Крым",
https://auto.drom.ru/nefteyugansk/kia/cerato/651756965.html,651756965,Киа Церато,350000,2006,"бензин, 1.6 л",122.0,механика,передний,синий,310 000,,левый,"1 поколение, рестайлинг",1.6 MT EX/LX,"Нефтеюганск, Ханты-Мансийский автономный округ",
https://auto.drom.ru/chelyabinsk/kia/soul/779279586.html,779279586,Киа Соул,1399000,2018,"бензин, 1.6 л",124.0,АКПП,передний,белый,118 282,,левый,"2 поколение, рестайлинг",,Челябинск,
https://auto.drom.ru/novosibirsk/kia/soul/306530653.html,306530653,Киа Соул,1465000,2018,"бензин, 2.0 л",150.0,АКПП,передний,синий,99 145,2.0,левый,"2 поколение, рестайлинг",2.0 AT Premium,Новосибирск,
https://auto.drom.ru/novosibirsk/kia/soul/819758015.html,819758015,Киа Соул,850000,2010,"бензин, 1.6 л",124.0,АКПП,передний,белый,262 224,2.0,левый,1 поколение,,Новосибирск,
https://auto.drom.ru/kemerovo/kia/soul/718491993.html,718491993,Киа Соул,1400000,2018,"бензин, 1.6 л",132.0,АКПП,передний,голубой,125 000,2.0,левый,"2 поколение, рестайлинг",1.6 GDI AT Luxe,Кемерово,
https://auto.drom.ru/spb/kia/soul/849927130.html,849927130,Киа Соул,2050000,2021,"бензин, 2.0 л",150.0,АКПП,передний,зеленый,85 377,,левый,3 поколение,,Санкт-Петербург,
https://auto.drom.ru/tver/kia/soul/765862890.html,765862890,Киа Соул,1436000,2017,"бензин, 1.6 л",124.0,АКПП,передний,бежевый,123 107,2.0,левый,"2 поколение, рестайлинг",1.6 AT Classic RED Line,Тверь,
https://auto.drom.ru/ufa/kia/soul/786315307.html,786315307,Киа Соул,1630000,2019,"бензин, 2.0 л",150.0,АКПП,передний,серый,77 788,1.0,левый,,,Уфа,
https://auto.drom.ru/irkutsk/kia/soul/630339332.html,630339332,Киа Соул,1850000,2020,"бензин, 1.6 л",123.0,АКПП,передний,синий,38 200,1.0,левый,3 поколение,1.6 AT Luxe,Иркутск,
https://auto.drom.ru/ekaterinburg/kia/soul/397962161.html,397962161,Киа Соул,500000,2013,"бензин, 1.6 л",129.0,механика,передний,бежевый,229 000,,левый,"1 поколение, рестайлинг",1.6 MT Classic,Екатеринбург,
https://auto.drom.ru/moscow/kia/soul/878426029.html,878426029,Киа Соул,1690000,2019,"бензин, 1.6 л",123.0,АКПП,передний,синий,55 462,1.0,левый,3 поколение,,Москва,
https://auto.drom.ru/volgograd/kia/soul/874785717.html,874785717,Киа Соул,1598000,2019,"бензин, 2.0 л",150.0,автомат,передний,белый,161 609,,,,,Волгоград,
https://auto.drom.ru/pangody/kia/soul/327114709.html,327114709,Киа Соул,1590000,2017,"бензин, 2.0 л",150.0,АКПП,передний,белый,110 000,1.0,левый,"2 поколение, рестайлинг",2.0 AT Luxe,"Пангоды, Ямало-Ненецкий автономный округ",
https://auto.drom.ru/tyumen/kia/soul/170466271.html,170466271,Киа Соул,1649000,2020,"бензин, 1.6 л",123.0,АКПП,передний,белый,118 130,1.0,левый,3 поколение,1.6 AT Comfort,Тюмень,
https://auto.drom.ru/yaroslavl/kia/soul/756610702.html,756610702,Киа Соул,1289000,2014,"бензин, 1.6 л",124.0,АКПП,передний,черный,127 750,,левый,2 поколение,1.6 AT Comfort,Ярославль,
https://auto.drom.ru/ussuriisk/kia/soul/781474045.html,781474045,Киа Соул,1350000,2018,"бензин, 1.6 л",124.0,АКПП,передний,красный,190 000,1.0,левый,"2 поколение, рестайлинг",,"Уссурийск, Приморский край",
https://auto.drom.ru/simferopol/kia/soul/716130011.html,716130011,Киа Соул,1370000,2016,"бензин, 1.6 л",124.0,АКПП,передний,бежевый,144 000,,левый,2 поколение,1.6 AT Comfort UEFA,Симферополь,
https://auto.drom.ru/lyantor/kia/soul/740149313.html,740149313,Киа Соул,1350000,2019,"бензин, 1.6 л",124.0,механика,передний,белый,103 000,2.0,левый,"2 поколение, рестайлинг",1.6 MT Comfort,"Лянтор, Ханты-Мансийский автономный округ",
https://auto.drom.ru/salehard/kia/soul/239187605.html,239187605,Киа Соул,1600000,2016,"бензин, 1.6 л",132.0,АКПП,передний,зеленый,106 000,2.0,левый,2 поколение,1.6 GDI AT Prestige,Салехард,
https://auto.drom.ru/novosibirsk/kia/soul/272877026.html,272877026,Киа Соул,1565000,2018,"бензин, 1.6 л",132.0,АКПП,передний,белый,102 041,2.0,левый,"2 поколение, рестайлинг",1.6 GDI AT Luxe,Новосибирск,
https://auto.drom.ru/ekaterinburg/kia/soul/756224528.html,756224528,Киа Соул,1850000,2018,"бензин, 2.0 л",150.0,АКПП,передний,серый,104 808,1.0,левый,"2 поколение, рестайлинг",2.0 AT Luxe,Екатеринбург,
https://auto.drom.ru/kemerovo/kia/picanto/142315056.html,142315056,Киа Пиканто,499995,2010,"бензин, 1.0 л",62.0,механика,передний,красный,109 005,2.0,левый,1 поколение,,Кемерово,
https://auto.drom.ru/ekaterinburg/kia/picanto/628156088.html,628156088,Киа Пиканто,380000,2006,"бензин, 1.1 л",65.0,АКПП,передний,черный,104 341,2.0,левый,1 поколение,1.1 AT EX,Екатеринбург,
https://auto.drom.ru/ekaterinburg/kia/picanto/286712286.html,286712286,Киа Пиканто,325000,2006,"бензин, 1.0 л",62.0,механика,передний,серый,170 000,,левый,1 поколение,1.0 MT Base,Екатеринбург,
https://auto.drom.ru/yevpatoriya/kia/picanto/397613321.html,397613321,Киа Пиканто,1700000,2021,"бензин, 1.2 л",84.0,АКПП,передний,зеленый,24 977,2.0,левый,"3 поколение, рестайлинг",1.2 AT Style,"Евпатория, Республика Крым",
https://auto.drom.ru/barnaul/kia/picanto/371869125.html,371869125,Киа Пиканто,850000,2012,"бензин, 1.2 л",85.0,АКПП,передний,черный,109 000,2.0,левый,2 поколение,1.2 AT Comfort 5dr.,Барнаул,
https://auto.drom.ru/habarovsk/kia/picanto/581107090.html,581107090,Киа Пиканто,749000,2012,"бензин, 1.2 л",85.0,АКПП,передний,коричневый,80 645,3.0,левый,2 поколение,1.2 AT Prestige 3dr.,Хабаровск,
https://auto.drom.ru/novosibirsk/kia/picanto/607560111.html,607560111,Киа Пиканто,460000,2010,"бензин, 1.1 л",65.0,АКПП,передний,голубой,141 000,,левый,"1 поколение, рестайлинг",1.1 AT Стандарт,Новосибирск,
https://auto.drom.ru/ekaterinburg/kia/picanto/302645245.html,302645245,Киа Пиканто,479000,2011,"бензин, 1.0 л",69.0,механика,передний,белый,148 185,3.0,левый,2 поколение,1.0 MT Comfort 5dr.,Екатеринбург,
https://auto.drom.ru/novosibirsk/kia/picanto/262031387.html,262031387,Киа Пиканто,1450000,2019,"бензин, 1.2 л",84.0,АКПП,передний,белый,71 700,1.0,левый,3 поколение,"1.2 AT Специальная серия ""Лига Европы""",Новосибирск,
https://auto.drom.ru/barnaul/kia/picanto/755672760.html,755672760,Киа Пиканто,1150000,2016,"бензин, 1.2 л",85.0,АКПП,передний,бежевый,43 000,3.0,левый,"2 поколение, рестайлинг",1.2 AT Prestige 5dr.,Барнаул,
https://auto.drom.ru/mayna-ul/kia/picanto/211945535.html,211945535,Киа Пиканто,800000,2014,"бензин, 1.2 л",85.0,АКПП,передний,серый,154 000,3.0,левый,2 поколение,,"Майна, Ульяновская область",
https://auto.drom.ru/volgograd/kia/picanto/295278271.html,295278271,Киа Пиканто,399000,2007,"бензин, 1.1 л",64.0,автомат,передний,оранжевый,215 206,,,,,Волгоград,
https://auto.drom.ru/abakan/kia/picanto/381384736.html,381384736,Киа Пиканто,770000,2011,"бензин, 1.2 л",85.0,АКПП,передний,серый,140 000,2.0,левый,2 поколение,1.2 AT Comfort 5dr.,Абакан,
https://auto.drom.ru/ekaterinburg/kia/picanto/572405245.html,572405245,Киа Пиканто,379000,2007,"бензин, 1.1 л",65.0,АКПП,передний,оранжевый,161 948,3.0,левый,1 поколение,1.1 AT Base,Екатеринбург,
https://auto.drom.ru/krasnoyarsk/kia/picanto/347121641.html,347121641,Киа Пиканто,365000,2010,"бензин, 1.0 л",62.0,механика,передний,черный,218 643,3.0,левый,"1 поколение, рестайлинг",1.0 MT Стандарт,Красноярск,
https://auto.drom.ru/zarechniy-sverd/kia/picanto/394855940.html,394855940,Киа Пиканто,1150000,2020,"бензин, 1.2 л",84.0,АКПП,передний,черный,103 500,1.0,левый,3 поколение,,"Заречный, Свердловская область",
https://auto.drom.ru/rostov-na-donu/kia/picanto/378563676.html,378563676,Киа Пиканто,930000,2017,"бензин, 1.2 л",84.0,АКПП,передний,,168 000,,левый,3 поколение,,Ростов-на-Дону,
https://auto.drom.ru/spb/kia/picanto/328836248.html,328836248,Киа Пиканто,220000,2006,"бензин, 1.0 л",62.0,механика,передний,серебристый,159 600,,левый,1 поколение,1.0 MT Base,Санкт-Петербург,
https://auto.drom.ru/azov/kia/picanto/171400694.html,171400694,Киа Пиканто,950000,2014,"бензин, 1.2 л",85.0,АКПП,передний,серебристый,130 000,,левый,2 поколение,1.2 AT Luxe 5dr.,"Азов, Ростовская область",
https://auto.drom.ru/vengerovo/kia/picanto/854939077.html,854939077,Киа Пиканто,300000,2009,"бензин, 1.0 л",62.0,механика,передний,голубой,155 300,,левый,"1 поколение, рестайлинг",,"Венгерово, Новосибирская область",
https://auto.drom.ru/irkutsk/kia/mohave/917973784.html,917973784,Киа Мохав,4000000,2020,"дизель, 3.0 л",260.0,АКПП,4WD,белый,61 900,1.0,левый,"1 поколение, 2 рестайлинг",3.0D AT 4WD Masters 7 seats,Иркутск,
https://auto.drom.ru/beloyarskiy-hmao/kia/mohave/441963217.html,441963217,Киа Мохав,3600000,2018,"дизель, 3.0 л",250.0,АКПП,4WD,коричневый,100 000,1.0,левый,"1 поколение, рестайлинг",3.0 AT 4WD Premium,"Белоярский, Ханты-Мансийский автономный округ",
https://auto.drom.ru/novokuznetsk/kia/mohave/561241028.html,561241028,Киа Мохав,4280000,2021,"дизель, 3.0 л",249.0,АКПП,4WD,коричневый,99 000,1.0,левый,"1 поколение, 2 рестайлинг",3.0 AT 4WD Premium+,"Новокузнецк, Кемеровская область",
https://auto.drom.ru/spb/kia/mohave/457031700.html,457031700,Киа Мохав,4290000,2021,"дизель, 3.0 л",249.0,АКПП,4WD,белый,74 000,3.0,левый,"1 поколение, 2 рестайлинг",3.0 AT 4WD Premium Black Edition Казахстан,Санкт-Петербург,
https://auto.drom.ru/tarko-sale/kia/mohave/500847251.html,500847251,Киа Мохав,3150000,2017,"дизель, 3.0 л",250.0,АКПП,4WD,серый,62 000,1.0,левый,"1 поколение, рестайлинг",3.0 AT 4WD Comfort,"Тарко-Сале, Ямало-Ненецкий автономный округ",
https://auto.drom.ru/yuzhno-sakhalinsk/kia/mohave/119062387.html,119062387,Киа Мохав,4700000,2020,"дизель, 3.0 л",249.0,АКПП,4WD,белый,95 000,2.0,левый,"1 поколение, 2 рестайлинг",3.0 AT 4WD Prestige,Южно-Сахалинск,
https://auto.drom.ru/krasnoyarsk/kia/mohave/314316765.html,314316765,Киа Мохав,4427000,2020,"дизель, 3.0 л",260.0,АКПП,4WD,черный,82 000,1.0,левый,"1 поколение, 2 рестайлинг",,Красноярск,
https://auto.drom.ru/novosibirsk/kia/mohave/945163670.html,945163670,Киа Мохав,4300000,2020,"дизель, 3.0 л",260.0,АКПП,4WD,белый,72 750,2.0,левый,"1 поколение, 2 рестайлинг",3.0D AT 4WD Masters 6 seats,Новосибирск,
https://auto.drom.ru/odintsovo/kia/mohave/646162245.html,646162245,Киа Мохав,1795000,2010,"дизель, 3.0 л",250.0,АКПП,4WD,коричневый,208 700,,левый,1 поколение,,"Одинцово, Московская область",
https://auto.drom.ru/habarovsk/kia/mohave/767623221.html,767623221,Киа Мохав,1600000,2013,"дизель, 3.0 л",250.0,АКПП,4WD,серебристый,283 964,2.0,левый,1 поколение,3.0 CRDi AT 4WD Premium,Хабаровск,
https://auto.drom.ru/novoaltaysk/kia/mohave/788997088.html,788997088,Киа Мохав,1700000,2011,"дизель, 3.0 л",250.0,АКПП,4WD,серебристый,320 000,2.0,левый,1 поколение,3.0 CRDi AT 4WD Premium,"Новоалтайск, Алтайский край",
https://auto.drom.ru/yuzhno-sakhalinsk/kia/mohave/507835768.html,507835768,Киа Мохав,2700000,2016,"дизель, 3.0 л",250.0,АКПП,4WD,белый,92 000,,левый,1 поколение,,Южно-Сахалинск,
https://auto.drom.ru/orenburg/kia/mohave/656297820.html,656297820,Киа Мохав,4500000,2021,"дизель, 3.0 л",249.0,АКПП,4WD,черный,90 124,1.0,левый,"1 поколение, 2 рестайлинг",,Оренбург,
https://auto.drom.ru/irkutsk/kia/mohave/209351636.html,209351636,Киа Мохав,5100000,2021,"дизель, 3.0 л",260.0,АКПП,4WD,черный,66 700,1.0,левый,"1 поколение, 2 рестайлинг",3.0D AT 4WD Masters Gravity Edition 5 seats,Иркутск,
https://auto.drom.ru/novokuznetsk/kia/mohave/291603170.html,291603170,Киа Мохав,3929000,2020,"дизель, 3.0 л",249.0,АКПП,4WD,черный,112 000,1.0,левый,"1 поколение, 2 рестайлинг",,"Новокузнецк, Кемеровская область",
https://auto.drom.ru/omsk/kia/mohave/868468956.html,868468956,Киа Мохав,4840000,2020,"дизель, 3.0 л",260.0,АКПП,4WD,черный,118 000,1.0,левый,"1 поколение, 2 рестайлинг",3.0D AT 4WD Platinum 5 seats,Омск,
https://auto.drom.ru/samara/kia/mohave/181994984.html,181994984,Киа Мохав,4300000,2021,"дизель, 3.0 л",249.0,АКПП,4WD,белый,169 000,1.0,левый,"1 поколение, 2 рестайлинг",3.0 AT 4WD Premium+,Самара,
https://auto.drom.ru/moscow/kia/mohave/689572905.html,689572905,Киа Мохав,4299000,2020,"дизель, 3.0 л",260.0,АКПП,4WD,черный,92 685,1.0,левый,"1 поколение, 2 рестайлинг",,Москва,
https://auto.drom.ru/kazan/kia/mohave/583613897.html,583613897,Киа Мохав,4850000,2022,"дизель, 3.0 л",257.0,АКПП,4WD,черный,84 273,3.0,левый,"1 поколение, 2 рестайлинг",3.0D AT 4WD Platinum Gravity 5 seats,Казань,
https://auto.drom.ru/izhevsk/kia/spectra/243884488.html,243884488,Киа Спектра,285000,2006,"бензин, 1.6 л",101.0,механика,передний,красный,212 500,,левый,"1 поколение, рестайлинг",1.6 MT Комфорт+,Ижевск,
https://auto.drom.ru/spb/kia/spectra/715159757.html,715159757,Киа Спектра,120000,2008,"бензин, 1.6 л",101.0,АКПП,передний,черный,233 325,,левый,"1 поколение, рестайлинг",1.6 AT Люкс,Санкт-Петербург,
https://auto.drom.ru/ekaterinburg/kia/spectra/290740320.html,290740320,Киа Спектра,350000,2005,"бензин, 1.6 л",101.0,механика,передний,серебристый,217 000,3.0,левый,"1 поколение, рестайлинг",1.6 MT Комфорт+,Екатеринбург,
https://auto.drom.ru/vladimir/kia/spectra/698116913.html,698116913,Киа Спектра,290000,2006,"бензин, 1.6 л",101.0,механика,передний,красный,301 000,,левый,"1 поколение, рестайлинг",1.6 MT Комфорт,Владимир,
https://auto.drom.ru/chelyabinsk/kia/spectra/903689706.html,903689706,Киа Спектра,260000,2006,"бензин, 1.6 л, ГБО",101.0,АКПП,передний,серебристый,380 000,,левый,"1 поколение, рестайлинг",1.6 AT Люкс,Челябинск,
https://auto.drom.ru/ekaterinburg/kia/spectra/530979645.html,530979645,Киа Спектра,350000,2011,"бензин, 1.6 л",101.0,механика,передний,синий,280 000,2.0,левый,"1 поколение, рестайлинг",,Екатеринбург,
https://auto.drom.ru/kemerovo/kia/spectra/694825740.html,694825740,Киа Спектра,260000,2006,"бензин, 1.6 л",101.0,механика,передний,серебристый,200 000,3.0,левый,"1 поколение, рестайлинг",1.6 MT Комфорт+,Кемерово,
https://auto.drom.ru/novokuznetsk/kia/spectra/127937808.html,127937808,Киа Спектра,315000,2008,"бензин, 1.6 л",101.0,механика,передний,черный,292 000,3.0,левый,"1 поколение, рестайлинг",1.6 MT Комфорт+,"Новокузнецк, Кемеровская область",
https://auto.drom.ru/tyumen/kia/spectra/777447264.html,777447264,Киа Спектра,320000,2008,"бензин, 1.6 л, ГБО",101.0,механика,передний,бордовый,227 000,3.0,левый,"1 поколение, рестайлинг",1.6 MT Комфорт+,Тюмень,
https://auto.drom.ru/khanty-mansiysk/kia/spectra/601860387.html,601860387,Киа Спектра,230000,2009,"бензин, 1.6 л",101.0,механика,передний,красный,153 000,3.0,левый,"1 поколение, рестайлинг",,Ханты-Мансийск,
https://auto.drom.ru/barnaul/kia/spectra/898780297.html,898780297,Киа Спектра,205000,2007,"бензин, 1.6 л",101.0,АКПП,передний,бежевый,257 000,,левый,"1 поколение, рестайлинг",1.6 AT Стандарт,Барнаул,
https://auto.drom.ru/sevastopol/kia/spectra/846263196.html,846263196,Киа Спектра,330000,2006,"бензин, 1.6 л",101.0,механика,передний,белый,253 000,,левый,"1 поколение, рестайлинг",1.6 MT Стандарт,"Севастополь, Республика Крым",
https://auto.drom.ru/ilskiy/kia/spectra/470472018.html,470472018,Киа Спектра,390000,2008,"бензин, 1.6 л",101.0,АКПП,передний,серебристый,250 000,,левый,"1 поколение, рестайлинг",,"Ильский, Краснодарский край",
https://auto.drom.ru/kolomna/kia/spectra/679281146.html,679281146,Киа Спектра,385000,2008,"бензин, 1.6 л",101.0,механика,передний,золотистый,280 000,,левый,"1 поколение, рестайлинг",,"Коломна, Московская область",
https://auto.drom.ru/moscow/kia/spectra/701006769.html,701006769,Киа Спектра,170000,2006,"бензин, 1.6 л",101.0,АКПП,передний,белый,297 000,,левый,"1 поколение, рестайлинг",1.6 AT Люкс,Москва,
https://auto.drom.ru/roslavl/kia/spectra/724632531.html,724632531,Киа Спектра,305000,2007,"бензин, 1.6 л",101.0,механика,передний,серебристый,285 000,,левый,"1 поколение, рестайлинг",,"Рославль, Смоленская область",
https://auto.drom.ru/krasnoyarsk/kia/spectra/228341049.html,228341049,Киа Спектра,345000,2006,"бензин, 1.6 л",101.0,АКПП,передний,серый,190 000,,левый,"1 поколение, рестайлинг",1.6 AT Люкс,Красноярск,
https://auto.drom.ru/novoaltaysk/kia/spectra/674366666.html,674366666,Киа Спектра,130000,1999,"бензин, 1.8 л",110.0,автомат,передний,черный,21 000,1.0,левый,,,"Новоалтайск, Алтайский край",
https://auto.drom.ru/penza/kia/spectra/937717018.html,937717018,Киа Спектра,460000,2008,"бензин, 1.6 л",101.0,механика,передний,серый,185 000,3.0,левый,"1 поколение, рестайлинг",1.6 MT Комфорт,Пенза,
https://auto.drom.ru/uvat/kia/spectra/176556518.html,176556518,Киа Спектра,345000,2007,"бензин, 1.6 л",101.0,механика,передний,синий,126 000,,левый,"1 поколение, рестайлинг",1.6 MT Стандарт,"Уват, Тюменская область",
https://auto.drom.ru/yoshkar-ola/nissan/almera/696991316.html,696991316,Ниссан Альмера,150000,2002,"бензин, 1.5 л",90.0,механика,передний,серебристый,280 000,,левый,2 поколение,1.5 MT Комфорт,Йошкар-Ола,
https://auto.drom.ru/sochi/nissan/almera/949408752.html,949408752,Ниссан Альмера,250000,2000,"бензин, 1.6 л",99.0,АКПП,передний,серебристый,320 000,,левый,"1 поколение, рестайлинг",,"Сочи, Краснодарский край",
https://auto.drom.ru/omsk/nissan/almera/146089260.html,146089260,Ниссан Альмера,370000,2005,"бензин, 1.5 л",98.0,механика,передний,серебристый,258 650,,левый,"2 поколение, рестайлинг",1.5 MT Комфорт,Омск,
https://auto.drom.ru/tomsk/nissan/almera/671972382.html,671972382,Ниссан Альмера,699000,2014,"бензин, 1.6 л",102.0,АКПП,передний,серебристый,145 403,2.0,левый,3 поколение,1.6 AT Comfort AC,Томск,
https://auto.drom.ru/krasnodar/nissan/almera/724390506.html,724390506,Ниссан Альмера,480000,2004,"бензин, 1.5 л",98.0,механика,передний,серебристый,320 000,3.0,левый,"2 поколение, рестайлинг",1.5 MT Комфорт,Краснодар,
https://auto.drom.ru/chita/nissan/almera/117146037.html,117146037,Ниссан Альмера,1117000,2018,"бензин, 1.6 л",102.0,механика,передний,серебристый,14 000,1.0,левый,3 поколение,1.6 MT Comfort AC,Чита,
https://auto.drom.ru/novosibirsk/nissan/almera/748769754.html,748769754,Ниссан Альмера,330000,1999,"бензин, 1.4 л",87.0,механика,передний,серебристый,385 000,,левый,"1 поколение, рестайлинг",1.4 MT GX,Новосибирск,
https://auto.drom.ru/habarovsk/nissan/almera/712060271.html,712060271,Ниссан Альмера,710000,2014,"бензин, 1.6 л",102.0,АКПП,передний,белый,135 000,3.0,левый,3 поколение,1.6 AT Tekna,Хабаровск,
https://auto.drom.ru/novaya-lyalya/nissan/almera/257264770.html,257264770,Ниссан Альмера,350000,2004,"бензин, 1.5 л",98.0,механика,передний,золотистый,359 263,,левый,"2 поколение, рестайлинг",,"Новая Ляля, Свердловская область",
https://auto.drom.ru/ekaterinburg/nissan/almera/738372097.html,738372097,Ниссан Альмера,530000,2018,"бензин, 1.6 л, ГБО",102.0,механика,передний,белый,152 000,,левый,3 поколение,,Екатеринбург,
https://auto.drom.ru/dzhankoy/nissan/almera/104249385.html,104249385,Ниссан Альмера,150000,1997,"бензин, 1.6 л",99.0,механика,передний,зеленый,331 598,2.0,левый,1 поколение,,"Джанкой, Республика Крым",
https://auto.drom.ru/kurgan/nissan/almera/728293709.html,728293709,Ниссан Альмера,490000,2017,"бензин, 1.6 л, ГБО",102.0,механика,передний,бежевый,553 387,2.0,левый,3 поколение,,Курган,
https://auto.drom.ru/alushta/nissan/almera/723363344.html,723363344,Ниссан Альмера,490000,2015,"бензин, 1.6 л",102.0,механика,передний,белый,250 000,,левый,3 поколение,1.6 MT Comfort,"Алушта, Республика Крым",
https://auto.drom.ru/bryansk/nissan/almera/946879319.html,946879319,Ниссан Альмера,690000,2015,"бензин, 1.6 л",102.0,АКПП,передний,,95 050,3.0,левый,3 поколение,,Брянск,
https://auto.drom.ru/spasskoe/nissan/almera/874855000.html,874855000,Ниссан Альмера,280000,2006,"бензин, 1.5 л",98.0,механика,передний,бежевый,182 544,,левый,"2 поколение, рестайлинг",1.5 MT Комфорт,"Спасское, Нижегородская область",
https://auto.drom.ru/vladivostok/nissan/almera/116706602.html,116706602,Ниссан Альмера,280000,2014,"бензин, 1.6 л",102.0,механика,передний,желтый,250 000,3.0,левый,3 поколение,1.6 MT Welcome,Владивосток,
https://auto.drom.ru/kemerovo/nissan/almera/538587179.html,538587179,Ниссан Альмера,535000,2017,"бензин, 1.6 л",102.0,механика,передний,белый,289 000,3.0,левый,3 поколение,1.6 MT Comfort Plus,Кемерово,
https://auto.drom.ru/moscow/nissan/almera/698485150.html,698485150,Ниссан Альмера,270000,2014,"бензин, 1.6 л",102.0,механика,передний,белый,472 000,,левый,3 поколение,,Москва,
https://auto.drom.ru/volzhskiy/nissan/almera/908172210.html,908172210,Ниссан Альмера,650000,2015,"бензин, 1.6 л, ГБО",102.0,механика,передний,белый,240 000,,левый,3 поколение,1.6 MT Comfort,"Волжский, Волгоградская область",
https://auto.drom.ru/surgut/nissan/almera/941453147.html,941453147,Ниссан Альмера,350000,2014,"бензин, 1.6 л, ГБО",102.0,механика,передний,серебристый,219 000,2.0,левый,3 поколение,1.6 MT Comfort,"Сургут, Ханты-Мансийский автономный округ",
https://auto.drom.ru/tomsk/nissan/note/815666757.html,815666757,Ниссан Ноут,1065000,2018,"бензин, 1.2 л",79.0,вариатор,4WD,белый,116 508,1.0,правый,"2 поколение, рестайлинг",,Томск,
https://auto.drom.ru/krasnoyarsk/nissan/note/684795401.html,684795401,Ниссан Ноут,600000,2013,"бензин, 1.2 л",79.0,вариатор,передний,серый,243 600,,правый,2 поколение,1.2 S,Красноярск,
https://auto.drom.ru/slavgorod/nissan/note/699715860.html,699715860,Ниссан Ноут,390000,2005,"бензин, 1.5 л",109.0,вариатор,передний,бордовый,315 000,,правый,1 поколение,1.5 15E,"Славгород, Алтайский край",
https://auto.drom.ru/kemerovo/nissan/note/948626705.html,948626705,Ниссан Ноут,480000,2005,"бензин, 1.5 л",109.0,вариатор,передний,черный,200 000,3.0,правый,1 поколение,1.5 15S,Кемерово,
https://auto.drom.ru/talakan/nissan/note/495323882.html,495323882,Ниссан Ноут,740000,2014,"бензин, 1.2 л",79.0,вариатор,передний,серый,161 322,2.0,правый,2 поколение,1.2 X V Selection + Safety,"Талакан, Амурская область",
https://auto.drom.ru/ulan-ude/nissan/note/549540319.html,549540319,Ниссан Ноут,778000,2016,"бензин, 1.2 л",79.0,вариатор,передний,серебристый,199,1.0,правый,2 поколение,1.2 Medalist X V Selection + Safety II,Улан-Удэ,
https://auto.drom.ru/vladivostok/nissan/note/788008464.html,788008464,Ниссан Ноут,890000,2015,"бензин, 1.2 л",79.0,вариатор,передний,коричневый,58 600,1.0,правый,2 поколение,1.2 X,Владивосток,
https://auto.drom.ru/ekaterinburg/nissan/note/653405599.html,653405599,Ниссан Ноут,540000,2010,"бензин, 1.4 л",88.0,механика,передний,коричневый,217 000,1.0,левый,"1 поколение, рестайлинг",,Екатеринбург,
https://auto.drom.ru/chelyabinsk/nissan/note/694889043.html,694889043,Ниссан Ноут,1355000,2019,"бензин, 1.2 л, гибрид",79.0,АКПП,передний,серый,88 000,1.0,правый,"2 поколение, рестайлинг",1.2 e-POWER X Black Arrow,Челябинск,
https://auto.drom.ru/omsk/nissan/note/466880114.html,466880114,Ниссан Ноут,960000,2016,"бензин, 1.2 л",79.0,вариатор,4WD,серый,95 469,1.0,правый,2 поколение,,Омск,
https://auto.drom.ru/tomsk/nissan/note/534702803.html,534702803,Ниссан Ноут,840000,2015,"бензин, 1.2 л",98.0,вариатор,передний,белый,177 000,,правый,2 поколение,1.2 X DIG-S Brun-nature Interior,Томск,
https://auto.drom.ru/blagoveshchensk/nissan/note/135555077.html,135555077,Ниссан Ноут,580000,2015,"бензин, 1.2 л",98.0,вариатор,передний,бордовый,200 000,2.0,правый,2 поколение,1.2 Medalist,Благовещенск,
https://auto.drom.ru/tver/nissan/note/738245728.html,738245728,Ниссан Ноут,997000,2013,"бензин, 1.6 л",110.0,АКПП,передний,белый,106 955,1.0,левый,"1 поколение, рестайлинг",1.6 AT Luxury,Тверь,
https://auto.drom.ru/simferopol/nissan/note/814748243.html,814748243,Ниссан Ноут,690000,2011,"бензин, 1.4 л",88.0,механика,передний,белый,201 000,,левый,"1 поколение, рестайлинг",1.4 MT Luxury,Симферополь,
https://auto.drom.ru/spb/nissan/note/366384661.html,366384661,Ниссан Ноут,1050000,2017,"бензин, 1.2 л, гибрид",79.0,АКПП,передний,серый,77 315,1.0,правый,"2 поколение, рестайлинг",1.2 e-POWER X,Санкт-Петербург,
https://auto.drom.ru/komsomolsk/nissan/note/118657666.html,118657666,Ниссан Ноут,1100000,2016,"бензин, 1.2 л",79.0,вариатор,передний,черный,184 000,1.0,правый,"2 поколение, рестайлинг",,"Комсомольск-на-Амуре, Хабаровский край",
https://auto.drom.ru/vladivostok/nissan/note/924001776.html,924001776,Ниссан Ноут,1490000,2022,"бензин, 1.2 л, гибрид",82.0,АКПП,передний,серый,76 000,,правый,3 поколение,1.2 e-POWER S,Владивосток,
https://auto.drom.ru/novosibirsk/nissan/note/423719133.html,423719133,Ниссан Ноут,665000,2015,"бензин, 1.2 л",98.0,вариатор,передний,серый,125 000,3.0,правый,2 поколение,1.2 Medalist,Новосибирск,
https://auto.drom.ru/sevastopol/nissan/note/329433435.html,329433435,Ниссан Ноут,500000,2005,"бензин, 1.5 л",109.0,вариатор,передний,синий,210 000,1.0,правый,1 поколение,1.5 15E,"Севастополь, Республика Крым",
https://auto.drom.ru/zeya/nissan/note/189726334.html,189726334,Ниссан Ноут,770000,2015,"бензин, 1.2 л",98.0,вариатор,передний,серебристый,190 000,3.0,правый,2 поколение,1.2 X DIG-S,"Зея, Амурская область",
https://auto.drom.ru/barnaul/nissan/tiida/320149782.html,320149782,Ниссан Тиида,500000,2004,"бензин, 1.5 л",109.0,АКПП,передний,красный,252 000,3.0,правый,1 поколение,1.5 15S,Барнаул,
https://auto.drom.ru/barnaul/nissan/tiida/157010714.html,157010714,Ниссан Тиида,920000,2013,"бензин, 1.6 л",110.0,АКПП,передний,красный,94 626,2.0,левый,"1 поколение, рестайлинг",,Барнаул,
https://auto.drom.ru/blagoveshchensk/nissan/tiida/904240071.html,904240071,Ниссан Тиида,549000,2009,"бензин, 1.5 л",109.0,АКПП,передний,черный,298 803,3.0,правый,"1 поколение, рестайлинг",1.5 15S enchante slide up passenger seat,Благовещенск,
https://auto.drom.ru/novosibirsk/nissan/tiida/901206204.html,901206204,Ниссан Тиида,667000,2010,"бензин, 1.6 л",110.0,АКПП,передний,серый,182 027,,левый,"1 поколение, рестайлинг",1.6 AT Tekna,Новосибирск,
https://auto.drom.ru/chita/nissan/tiida/114180639.html,114180639,Ниссан Тиида,500000,2010,"бензин, 1.5 л",109.0,АКПП,передний,серый,220 000,2.0,правый,"1 поколение, рестайлинг",1.5 15S,Чита,
https://auto.drom.ru/yaroslavl/nissan/tiida/619813298.html,619813298,Ниссан Тиида,700000,2010,"бензин, 1.6 л",110.0,АКПП,передний,коричневый,246 757,2.0,левый,"1 поколение, рестайлинг",1.6 AT Tekna,Ярославль,
https://auto.drom.ru/habarovsk/nissan/tiida/373955312.html,373955312,Ниссан Тиида,450000,2005,"бензин, 1.5 л",109.0,АКПП,передний,красный,225 125,,правый,1 поколение,,Хабаровск,
https://auto.drom.ru/izhevsk/nissan/tiida/683702702.html,683702702,Ниссан Тиида,899000,2010,"бензин, 1.6 л",110.0,механика,передний,черный,63 890,2.0,левый,"1 поколение, рестайлинг",1.6 MT Tekna,Ижевск,
https://auto.drom.ru/habarovsk/nissan/tiida/609667523.html,609667523,Ниссан Тиида,500000,2005,"бензин, 1.5 л",109.0,вариатор,передний,серый,250 000,3.0,правый,1 поколение,1.5 15G,Хабаровск,
https://auto.drom.ru/raychihinsk/nissan/tiida/510288919.html,510288919,Ниссан Тиида,585000,2009,"бензин, 1.5 л",109.0,вариатор,передний,красный,165 000,2.0,правый,"1 поколение, рестайлинг",1.5 15G,"Райчихинск, Амурская область",
https://auto.drom.ru/krasnoyarsk/nissan/tiida/756044527.html,756044527,Ниссан Тиида,679000,2011,"бензин, 1.6 л",110.0,АКПП,передний,серый,162 300,,левый,"1 поколение, рестайлинг",1.6 АТ Tekna,Красноярск,
https://auto.drom.ru/berdsk/nissan/tiida/497076199.html,497076199,Ниссан Тиида,750000,2010,"бензин, 1.6 л",110.0,АКПП,передний,синий,180 000,2.0,левый,1 поколение,1.6 AT Tekna,"Бердск, Новосибирская область",
https://auto.drom.ru/irkutsk/nissan/tiida/329558528.html,329558528,Ниссан Тиида,815000,2011,"бензин, 1.5 л",109.0,вариатор,передний,черный,129 000,2.0,правый,"1 поколение, рестайлинг",1.5 Axis performance spec,Иркутск,
https://auto.drom.ru/novosibirsk/nissan/tiida/807943504.html,807943504,Ниссан Тиида,790000,2012,"бензин, 1.6 л",110.0,АКПП,передний,красный,214 000,3.0,левый,"1 поколение, рестайлинг",,Новосибирск,
https://auto.drom.ru/ulan-ude/nissan/tiida/758583260.html,758583260,Ниссан Тиида,670000,2010,"бензин, 1.5 л",109.0,АКПП,передний,серый,180 000,3.0,правый,"1 поколение, рестайлинг",1.5 15S,Улан-Удэ,
https://auto.drom.ru/omsk/nissan/tiida/199985966.html,199985966,Ниссан Тиида,595000,2008,"бензин, 1.6 л",110.0,АКПП,передний,синий,260 307,,левый,1 поколение,1.6 AT Elegance,Омск,
https://auto.drom.ru/belogorsk/nissan/tiida/298029549.html,298029549,Ниссан Тиида,750000,2010,"бензин, 1.5 л",109.0,вариатор,передний,белый,116 000,1.0,правый,"1 поколение, рестайлинг",1.5 Axis plus NAVI HDD,"Белогорск, Амурская область",
https://auto.drom.ru/tomsk/nissan/tiida/459851810.html,459851810,Ниссан Тиида,550000,2010,"бензин, 1.6 л",110.0,АКПП,передний,черный,270 000,3.0,левый,1 поколение,1.6 AT Elegance,Томск,
https://auto.drom.ru/habarovsk/nissan/tiida/623850410.html,623850410,Ниссан Тиида,538000,2010,"бензин, 1.5 л",109.0,вариатор,передний,золотистый,160 000,2.0,правый,"1 поколение, рестайлинг",1.5 15M,Хабаровск,
https://auto.drom.ru/barnaul/nissan/tiida/857450404.html,857450404,Ниссан Тиида,699000,2007,"бензин, 1.6 л",110.0,АКПП,передний,черный,176 777,,левый,1 поколение,1.6 AT Tekna,Барнаул,
https://auto.drom.ru/krasnoyarsk/nissan/juke/793350091.html,793350091,Ниссан Жук,1097000,2012,"бензин, 1.6 л",117.0,вариатор,передний,белый,131 200,,левый,1 поколение,1.6 CVT 2WD SHIRO,Красноярск,
https://auto.drom.ru/omsk/nissan/juke/798376642.html,798376642,Ниссан Жук,945000,2011,"бензин, 1.6 л",117.0,вариатор,передний,красный,183 180,3.0,левый,1 поколение,,Омск,
https://auto.drom.ru/chita/nissan/juke/325200730.html,325200730,Ниссан Жук,665000,2012,"бензин, 1.5 л",114.0,вариатор,передний,белый,99 000,1.0,правый,1 поколение,,Чита,
https://auto.drom.ru/habarovsk/nissan/juke/162133328.html,162133328,Ниссан Жук,800000,2013,"бензин, 1.5 л",114.0,вариатор,передний,белый,162 000,3.0,правый,1 поколение,1.5 15RX Urban Selection Premium White Package,Хабаровск,
https://auto.drom.ru/novosibirsk/nissan/juke/248457342.html,248457342,Ниссан Жук,900000,2012,"бензин, 1.6 л",190.0,вариатор,4WD,серебристый,231 311,,левый,1 поколение,1.6T CVT 4WD SE Sport,Новосибирск,
https://auto.drom.ru/barnaul/nissan/juke/760901611.html,760901611,Ниссан Жук,961000,2012,"бензин, 1.6 л",117.0,вариатор,передний,серебристый,259 756,,левый,1 поколение,1.6 CVT 2WD SE+ Sport,Барнаул,
https://auto.drom.ru/novosibirsk/nissan/juke/898880241.html,898880241,Ниссан Жук,810000,2011,"бензин, 1.6 л",190.0,вариатор,4WD,белый,214 135,3.0,левый,1 поколение,,Новосибирск,
https://auto.drom.ru/vladivostok/nissan/juke/940053658.html,940053658,Ниссан Жук,863000,2015,"бензин, 1.5 л",114.0,вариатор,передний,черный,82 000,1.0,правый,"1 поколение, рестайлинг",,Владивосток,
https://auto.drom.ru/barnaul/nissan/juke/759505679.html,759505679,Ниссан Жук,999000,2012,"бензин, 1.6 л",117.0,вариатор,передний,черный,188 422,3.0,левый,1 поколение,1.6 CVT 2WD SE Sport,Барнаул,
https://auto.drom.ru/vladivostok/nissan/juke/181565002.html,181565002,Ниссан Жук,495000,2013,"бензин, 1.5 л",114.0,вариатор,передний,красный,215 000,1.0,правый,1 поколение,1.5 15RX type V,Владивосток,
https://auto.drom.ru/izhevsk/nissan/juke/455392897.html,455392897,Ниссан Жук,894600,2012,"бензин, 1.6 л",117.0,вариатор,передний,белый,145 355,,левый,1 поколение,1.6 CVT 2WD SE+,Ижевск,
https://auto.drom.ru/novosibirsk/nissan/juke/167559947.html,167559947,Ниссан Жук,1350000,2013,"бензин, 1.6 л",200.0,вариатор,4WD,белый,140 000,3.0,левый,1 поколение,1.6 DIG-T M-CVT 4WD NISMO,Новосибирск,
https://auto.drom.ru/yakutsk/nissan/juke/835533647.html,835533647,Ниссан Жук,1500000,2017,"бензин, 1.5 л",114.0,вариатор,передний,красный,68 600,1.0,правый,"1 поколение, рестайлинг",,Якутск,
https://auto.drom.ru/kerch/nissan/juke/228005117.html,228005117,Ниссан Жук,1200000,2013,"бензин, 1.6 л",117.0,вариатор,передний,белый,94 000,2.0,левый,1 поколение,1.6 CVT 2WD SE+,"Керчь, Республика Крым",
https://auto.drom.ru/krasnoyarsk/nissan/juke/499092267.html,499092267,Ниссан Жук,1200000,2016,"бензин, 1.5 л",114.0,вариатор,передний,серый,67 000,1.0,правый,"1 поколение, рестайлинг",1.5 15RX,Красноярск,
https://auto.drom.ru/barnaul/nissan/juke/238366736.html,238366736,Ниссан Жук,640000,2011,"бензин, 1.6 л",117.0,механика,передний,белый,350 780,2.0,левый,1 поколение,,Барнаул,
https://auto.drom.ru/berdsk/nissan/juke/708321781.html,708321781,Ниссан Жук,1590000,2018,"бензин, 1.6 л",190.0,вариатор,4WD,серый,41 000,1.0,правый,"1 поколение, рестайлинг",1.6 16GT FOUR Personalization 4WD,"Бердск, Новосибирская область",
https://auto.drom.ru/irkutsk/nissan/juke/694795602.html,694795602,Ниссан Жук,830000,2012,"бензин, 1.6 л",117.0,вариатор,передний,красный,177 000,3.0,левый,1 поколение,,Иркутск,
https://auto.drom.ru/chita/nissan/juke/586490900.html,586490900,Ниссан Жук,900000,2012,"бензин, 1.5 л",110.0,автомат,передний,черный,127 000,1.0,правый,1 поколение,,Чита,
https://auto.drom.ru/sevastopol/nissan/juke/643178565.html,643178565,Ниссан Жук,1097000,2011,"бензин, 1.6 л",117.0,вариатор,передний,красный,199 174,3.0,левый,1 поколение,1.6 CVT 2WD SE,"Севастополь, Республика Крым",
https://auto.drom.ru/megion/nissan/qashqai/582219866.html,582219866,Ниссан Кашкай,880000,2010,"бензин, 1.6 л",114.0,механика,передний,черный,180 100,2.0,левый,"1 поколение, рестайлинг",,"Мегион, Ханты-Мансийский автономный округ",
https://auto.drom.ru/moscow/nissan/qashqai/773176387.html,773176387,Ниссан Кашкай,1750000,2016,"бензин, 2.0 л",144.0,вариатор,4WD,серебристый,96 103,,левый,2 поколение,,Москва,
https://auto.drom.ru/izhevsk/nissan/qashqai/712657827.html,712657827,Ниссан Кашкай,699000,2007,"бензин, 2.0 л",141.0,вариатор,передний,серый,203 989,,левый,1 поколение,,Ижевск,
https://auto.drom.ru/moscow/nissan/qashqai/595587372.html,595587372,Ниссан Кашкай,1530000,2019,"бензин, 2.0 л",144.0,механика,передний,черный,98 000,2.0,левый,"2 поколение, рестайлинг",2.0 MT SE,Москва,
https://auto.drom.ru/omsk/nissan/qashqai/560934727.html,560934727,Ниссан Кашкай,1130000,2012,"бензин, 1.6 л",117.0,вариатор,передний,белый,191 687,2.0,левый,"1 поколение, рестайлинг",,Омск,
https://auto.drom.ru/rostov-na-donu/nissan/qashqai/421366407.html,421366407,Ниссан Кашкай,1750000,2021,"бензин, 2.0 л",144.0,вариатор,передний,черный,54 550,3.0,левый,"2 поколение, рестайлинг",2.0 CVT LE+,Ростов-на-Дону,
https://auto.drom.ru/omsk/nissan/qashqai/466246104.html,466246104,Ниссан Кашкай,1030000,2013,"бензин, 2.0 л",141.0,вариатор,передний,фиолетовый,212 900,2.0,левый,"1 поколение, рестайлинг",,Омск,
https://auto.drom.ru/simferopol/nissan/qashqai/271363781.html,271363781,Ниссан Кашкай,1050000,2008,"бензин, 2.0 л",141.0,вариатор,4WD,серый,123 000,3.0,левый,1 поколение,2.0 CVT SE+ 4x4,Симферополь,
https://auto.drom.ru/krasnoyarsk/nissan/qashqai/655473721.html,655473721,Ниссан Кашкай,2490000,2023,"бензин, 1.3 л",158.0,вариатор,передний,белый,37 000,1.0,левый,3 поколение,,Красноярск,
https://auto.drom.ru/vladivostok/nissan/qashqai/613044958.html,613044958,Ниссан Кашкай,1840000,2023,"бензин, 2.0 л",151.0,вариатор,передний,черный,20 566,,левый,"2 поколение, рестайлинг",Classic 2.0 CVT XV+ Leading,,
https://auto.drom.ru/ufa/nissan/qashqai/752639414.html,752639414,Ниссан Кашкай,1435000,2015,"бензин, 2.0 л",144.0,вариатор,передний,белый,149 276,2.0,левый,2 поколение,2.0 CVT LE,Уфа,
https://auto.drom.ru/omsk/nissan/qashqai/353215152.html,353215152,Ниссан Кашкай,850000,2013,"бензин, 1.6 л",117.0,вариатор,передний,черный,223 695,2.0,левый,"1 поколение, рестайлинг",,Омск,
https://auto.drom.ru/vladivostok/nissan/qashqai/573468027.html,573468027,Ниссан Кашкай,1975000,2022,"бензин, 2.0 л",151.0,вариатор,передний,белый,42 000,,левый,"2 поколение, рестайлинг",2.0 CVT XV Prem.Pro Luxury,,
https://auto.drom.ru/murmansk/nissan/qashqai/864468996.html,864468996,Ниссан Кашкай,499000,2007,"бензин, 2.0 л",141.0,вариатор,4WD,черный,296 000,,левый,1 поколение,,Мурманск,
https://auto.drom.ru/novokuznetsk/nissan/qashqai/567522685.html,567522685,Ниссан Кашкай,1749000,2018,"бензин, 2.0 л",144.0,вариатор,4WD,черный,128 000,2.0,левый,2 поколение,2.0 CVT 4WD SE+,"Новокузнецк, Кемеровская область",
https://auto.drom.ru/novosibirsk/nissan/qashqai/566314184.html,566314184,Ниссан Кашкай,1070000,2012,"бензин, 2.0 л",141.0,вариатор,передний,бордовый,209 066,2.0,левый,"1 поколение, рестайлинг",2.0 CVT SE+,Новосибирск,
https://auto.drom.ru/vladivostok/nissan/qashqai/558893547.html,558893547,Ниссан Кашкай,770000,2013,"бензин, 2.0 л",141.0,вариатор,4WD,серый,240 000,3.0,левый,"1 поколение, рестайлинг",2.0 CVT 4WD LE+,Владивосток,
https://auto.drom.ru/chelyabinsk/nissan/qashqai/465652747.html,465652747,Ниссан Кашкай,1900000,2018,"бензин, 2.0 л",144.0,вариатор,4WD,черный,91 000,1.0,левый,2 поколение,,Челябинск,
https://auto.drom.ru/moscow/nissan/qashqai/311372919.html,311372919,Ниссан Кашкай,1798000,2019,"бензин, 2.0 л",144.0,вариатор,передний,серый,70 662,2.0,левый,"2 поколение, рестайлинг",2.0 CVT SE,Москва,
https://auto.drom.ru/barnaul/nissan/qashqai/328312953.html,328312953,Ниссан Кашкай,2350000,2019,"бензин, 2.0 л",144.0,вариатор,4WD,синий,49 800,1.0,левый,2 поколение,,Барнаул,
https://auto.drom.ru/irkutsk/nissan/qashqai/597877350.html,597877350,Ниссан Кашкай,2690000,2022,"бензин, 2.0 л",144.0,вариатор,4WD,белый,30 700,1.0,левый,"2 поколение, рестайлинг",,Иркутск,
https://auto.drom.ru/spb/nissan/terrano/352867693.html,352867693,Ниссан Террано,855000,2015,"бензин, 2.0 л",135.0,АКПП,передний,черный,180 822,1.0,левый,3 поколение,,Санкт-Петербург,
https://auto.drom.ru/novokuznetsk/nissan/terrano/152162690.html,152162690,Ниссан Террано,950000,2019,"бензин, 2.0 л",143.0,механика,4WD,белый,211 570,1.0,левый,3 поколение,,"Новокузнецк, Кемеровская область",
https://auto.drom.ru/gorno-altaysk/nissan/terrano/924300014.html,924300014,Ниссан Террано,2400000,2021,"бензин, 2.0 л",143.0,АКПП,4WD,серый,44 796,2.0,левый,3 поколение,2.0 AT 4WD Tekna,Горно-Алтайск,
https://auto.drom.ru/birobidzhan/nissan/terrano/371470374.html,371470374,Ниссан Террано,600000,1996,"дизель, 2.7 л",130.0,АКПП,4WD,черный,208 420,3.0,правый,2 поколение,2.7DT R3m-R limited,Биробиджан,
https://auto.drom.ru/krasnoyarsk/nissan/terrano/132153404.html,132153404,Ниссан Террано,1590000,2018,"бензин, 2.0 л",143.0,АКПП,4WD,белый,156 361,2.0,левый,3 поколение,2.0 AT 4WD Elegance,Красноярск,
https://auto.drom.ru/ulan-ude/nissan/terrano/884405656.html,884405656,Ниссан Террано,380000,1988,"дизель, 2.7 л",100.0,АКПП,4WD,красный,380 000,,правый,1 поколение,,Улан-Удэ,
https://auto.drom.ru/artem/nissan/terrano/944398488.html,944398488,Ниссан Террано,490000,1998,"дизель, 3.2 л",150.0,АКПП,4WD,белый,320 000,3.0,правый,2 поколение,,"Артём, Приморский край",
https://auto.drom.ru/habarovsk/nissan/terrano/825734874.html,825734874,Ниссан Террано,850000,1989,"дизель, 2.7 л",100.0,механика,4WD,серый,270 000,3.0,правый,1 поколение,2.7DT R3m,Хабаровск,
https://auto.drom.ru/perm/nissan/terrano/180827966.html,180827966,Ниссан Террано,575000,2020,"бензин, 1.6 л, ГБО",114.0,механика,передний,серый,150 000,1.0,левый,3 поколение,,Пермь,
https://auto.drom.ru/zhukovskiy/nissan/terrano/363006933.html,363006933,Ниссан Террано,1550000,2019,"бензин, 2.0 л",143.0,АКПП,4WD,черный,74 000,3.0,левый,3 поколение,2.0 AT 4WD Elegance Plus,"Жуковский, Московская область",
https://auto.drom.ru/novosibirsk/nissan/terrano/753649157.html,753649157,Ниссан Террано,490000,1994,"дизель, 2.7 л",99.0,механика,4WD,синий,300 000,,левый,1 поколение,2.7 TD MT,Новосибирск,
https://auto.drom.ru/belogorsk/nissan/terrano/414516646.html,414516646,Ниссан Террано,900000,2017,"бензин, 2.0 л",143.0,АКПП,4WD,синий,200 000,1.0,левый,3 поколение,,"Белогорск, Амурская область",
https://auto.drom.ru/sterlitamak/nissan/terrano/506185341.html,506185341,Ниссан Террано,1295000,2015,"бензин, 1.6 л",102.0,механика,передний,серый,90 661,1.0,левый,3 поколение,1.6 MT Comfort,"Стерлитамак, Республика Башкортостан",
https://auto.drom.ru/krasnoyarsk/nissan/terrano/315551100.html,315551100,Ниссан Террано,1597000,2018,"бензин, 2.0 л",143.0,механика,4WD,серый,86 318,,левый,3 поколение,2.0 MT 4WD Elegance Plus,Красноярск,
https://auto.drom.ru/petropavlovsk-kamchatskiy/nissan/terrano/243783642.html,243783642,Ниссан Террано,180000,1995,"дизель, 3.0 л",170.0,автомат,4WD,белый,222 000,,правый,2 поколение,,Петропавловск-Камчатский,
https://auto.drom.ru/artem/nissan/terrano/711968363.html,711968363,Ниссан Террано,1700000,2020,"бензин, 2.0 л",143.0,АКПП,4WD,коричневый,41 000,1.0,левый,3 поколение,2.0 AT 4WD Elegance Plus,"Артём, Приморский край",
https://auto.drom.ru/barnaul/nissan/terrano/720215924.html,720215924,Ниссан Террано,1597000,2017,"бензин, 2.0 л",143.0,АКПП,4WD,белый,96 224,2.0,левый,3 поколение,2.0 AT 4WD Tekna,Барнаул,
https://auto.drom.ru/magadan/nissan/terrano/717018168.html,717018168,Ниссан Террано,600000,1991,"дизель, 2.7 л",100.0,АКПП,4WD,черный,450 000,3.0,правый,1 поколение,,Магадан,
https://auto.drom.ru/yagul/nissan/terrano/307947897.html,307947897,Ниссан Террано,1400000,2019,"бензин, 1.6 л",114.0,механика,передний,коричневый,75 200,1.0,левый,3 поколение,1.6 MT Comfort,"Ягул, Удмуртская Республика",
https://auto.drom.ru/simferopol/nissan/terrano/947843762.html,947843762,Ниссан Террано,999000,2015,"бензин, 2.0 л",135.0,АКПП,передний,серебристый,170 000,3.0,левый,3 поколение,2.0 AT Comfort,Симферополь,
https://auto.drom.ru/krasnoyarsk/nissan/murano/239125403.html,239125403,Ниссан Мурано,1045000,2008,"бензин, 3.5 л",249.0,вариатор,4WD,черный,163 400,,левый,2 поколение,3.5 CVT SE+,Красноярск,
https://auto.drom.ru/novosibirsk/nissan/murano/196943212.html,196943212,Ниссан Мурано,1500000,2012,"бензин, 3.5 л",249.0,вариатор,4WD,коричневый,207 300,3.0,левый,"2 поколение, рестайлинг",3.5 CVT SE,Новосибирск,
https://auto.drom.ru/kemerovo/nissan/murano/749174235.html,749174235,Ниссан Мурано,1149000,2011,"бензин, 3.5 л",249.0,вариатор,4WD,черный,266 260,,левый,"2 поколение, рестайлинг",,Кемерово,
https://auto.drom.ru/spb/nissan/murano/642945151.html,642945151,Ниссан Мурано,3090000,2019,"бензин, 3.5 л",249.0,вариатор,4WD,белый,53 700,1.0,левый,3 поколение,3.5 CVT 4WD Top,Санкт-Петербург,
https://auto.drom.ru/bratsk/nissan/murano/826427459.html,826427459,Ниссан Мурано,340000,2003,"бензин, 3.5 л",245.0,вариатор,4WD,серебристый,92 000,,левый,1 поколение,3.5 CVT AWD,"Братск, Иркутская область",
https://auto.drom.ru/habarovsk/nissan/murano/726243655.html,726243655,Ниссан Мурано,1050000,2012,"бензин, 3.5 л",249.0,вариатор,4WD,бежевый,219 000,,левый,"2 поколение, рестайлинг",3.5 CVT LE-R,Хабаровск,
https://auto.drom.ru/irkutsk/nissan/murano/715157652.html,715157652,Ниссан Мурано,690000,2004,"бензин, 2.5 л",163.0,АКПП,передний,черный,280 000,,правый,1 поколение,2.5 250XL,Иркутск,
https://auto.drom.ru/barnaul/nissan/murano/924598171.html,924598171,Ниссан Мурано,1185000,2010,"бензин, 3.5 л",249.0,вариатор,4WD,красный,243 000,2.0,левый,2 поколение,3.5 CVT LE,Барнаул,
https://auto.drom.ru/yaroslavl/nissan/murano/526209148.html,526209148,Ниссан Мурано,2649000,2018,"бензин, 3.5 л",249.0,вариатор,4WD,синий,133 000,2.0,левый,3 поколение,3.5 CVT 4WD Top+,Ярославль,
https://auto.drom.ru/langepas/nissan/murano/483798592.html,483798592,Ниссан Мурано,570000,2007,"бензин, 3.5 л, ГБО",234.0,вариатор,4WD,черный,210 000,3.0,левый,1 поколение,3.5 CVT SE,"Лангепас, Ханты-Мансийский автономный округ",
https://auto.drom.ru/barnaul/nissan/murano/265199964.html,265199964,Ниссан Мурано,2600000,2016,"бензин, 2.5 л, гибрид",234.0,вариатор,4WD,белый,140 000,3.0,левый,3 поколение,2.5 HEV CVT 4WD Top,Барнаул,
https://auto.drom.ru/novosibirsk/nissan/murano/745047975.html,745047975,Ниссан Мурано,1196000,2012,"бензин, 3.5 л",249.0,вариатор,4WD,бордовый,223 201,3.0,левый,"2 поколение, рестайлинг",3.5 CVT LE+,Новосибирск,
https://auto.drom.ru/kemerovo/nissan/murano/942952022.html,942952022,Ниссан Мурано,1280000,2010,"бензин, 3.5 л",249.0,вариатор,4WD,красный,164 000,3.0,левый,2 поколение,3.5 CVT LE+,Кемерово,
https://auto.drom.ru/krasnoyarsk/nissan/murano/861921479.html,861921479,Ниссан Мурано,1099000,2011,"бензин, 3.5 л",249.0,вариатор,4WD,серебристый,186 035,3.0,левый,"2 поколение, рестайлинг",3.5 CVT SE,Красноярск,
https://auto.drom.ru/samara/nissan/murano/246720302.html,246720302,Ниссан Мурано,2950000,2021,"бензин, 3.5 л",249.0,вариатор,4WD,черный,69 000,2.0,левый,3 поколение,3.5 CVT 4WD Top,Самара,
https://auto.drom.ru/susuman/nissan/murano/270164709.html,270164709,Ниссан Мурано,700000,2006,,,,,красный,180,,левый,1 поколение,,"Сусуман, Магаданская область",
https://auto.drom.ru/oktyabrsk/nissan/murano/261693880.html,261693880,Ниссан Мурано,1330000,2014,"бензин, 3.5 л",249.0,вариатор,4WD,белый,218 000,,левый,"2 поколение, рестайлинг",3.5 CVT LE,"Октябрьский, Республика Башкортостан",
https://auto.drom.ru/novosibirsk/nissan/murano/129247497.html,129247497,Ниссан Мурано,1145000,2010,"бензин, 3.5 л",249.0,вариатор,4WD,белый,211 000,,левый,2 поколение,3.5 CVT LE+,Новосибирск,
https://auto.drom.ru/moscow/nissan/murano/398419176.html,398419176,Ниссан Мурано,3449000,2020,"бензин, 3.5 л",249.0,вариатор,4WD,синий,31 523,1.0,левый,3 поколение,3.5 CVT 4WD High,Москва,
https://auto.drom.ru/habarovsk/nissan/murano/907093458.html,907093458,Ниссан Мурано,550000,2004,"бензин, 3.5 л",245.0,вариатор,4WD,бежевый,248 631,3.0,левый,1 поколение,3.5 CVT AWD,Хабаровск,
https://auto.drom.ru/vladivostok/nissan/murano/447315109.html,447315109,Ниссан Мурано,1120000,2011,"бензин, 3.5 л",249.0,вариатор,4WD,черный,259 000,,левый,"2 поколение, рестайлинг",3.5 CVT SE,Владивосток,
https://auto.drom.ru/blagoveshchensk/nissan/pathfinder/690081651.html,690081651,Ниссан Патфайндер,1700000,2011,"дизель, 2.5 л",190.0,механика,4WD,серый,150 000,2.0,левый,"3 поколение, рестайлинг",2.5 dCi MT SE,Благовещенск,
https://auto.drom.ru/moscow/nissan/pathfinder/439884100.html,439884100,Ниссан Патфайндер,1150000,2006,"бензин, 4.0 л",269.0,АКПП,4WD,серебристый,185 985,1.0,левый,3 поколение,4.0 AT Premium,Москва,
https://auto.drom.ru/novosibirsk/nissan/pathfinder/265903944.html,265903944,Ниссан Патфайндер,1250000,2006,"бензин, 4.0 л",269.0,АКПП,4WD,серебристый,255 000,3.0,левый,3 поколение,,Новосибирск,
https://auto.drom.ru/ekaterinburg/nissan/pathfinder/172236433.html,172236433,Ниссан Патфайндер,1995000,2014,"бензин, 3.5 л",249.0,вариатор,4WD,серый,162 000,2.0,левый,4 поколение,3.5 V6 Mid,Екатеринбург,
https://auto.drom.ru/astrahan/nissan/pathfinder/270719525.html,270719525,Ниссан Патфайндер,1645000,2016,"бензин, 3.5 л",249.0,вариатор,4WD,коричневый,200 000,3.0,левый,4 поколение,3.5 V6 Top,Астрахань,
https://auto.drom.ru/omsk/nissan/pathfinder/764825354.html,764825354,Ниссан Патфайндер,4750000,2021,"бензин, 3.5 л",284.0,АКПП,4WD,серый,70 000,1.0,левый,5 поколение,3.5 AT S,Омск,
https://auto.drom.ru/krasnoyarsk/nissan/pathfinder/460264419.html,460264419,Ниссан Патфайндер,1100000,2007,"дизель, 2.5 л",174.0,АКПП,4WD,черный,400 000,,левый,3 поколение,,Красноярск,
https://auto.drom.ru/ufa/nissan/pathfinder/287488584.html,287488584,Ниссан Патфайндер,830000,2006,"бензин, 4.0 л",269.0,АКПП,4WD,серый,386 000,,левый,3 поколение,4.0 AT LE+,Уфа,
https://auto.drom.ru/habarovsk/nissan/pathfinder/855363084.html,855363084,Ниссан Патфайндер,1099000,2007,"дизель, 2.5 л",174.0,АКПП,4WD,черный,143 000,2.0,левый,3 поколение,2.5 Cdi AT LE+,Хабаровск,
https://auto.drom.ru/sevastopol/nissan/pathfinder/645018809.html,645018809,Ниссан Патфайндер,2197000,2012,"дизель, 2.5 л",190.0,АКПП,4WD,черный,127 183,1.0,левый,"3 поколение, рестайлинг",2.5 dCi AT LE,"Севастополь, Республика Крым",
https://auto.drom.ru/ekaterinburg/nissan/pathfinder/793480690.html,793480690,Ниссан Патфайндер,1800000,2013,"дизель, 2.5 л",190.0,АКПП,4WD,серый,189 000,3.0,левый,"3 поколение, рестайлинг",2.5 dCi AT SE,Екатеринбург,
https://auto.drom.ru/sochi/nissan/pathfinder/836421885.html,836421885,Ниссан Патфайндер,1150000,2007,"дизель, 2.5 л",174.0,АКПП,4WD,серебристый,290 000,,левый,3 поколение,2.5 Cdi AT LE,"Сочи, Краснодарский край",
https://auto.drom.ru/omsk/nissan/pathfinder/862348747.html,862348747,Ниссан Патфайндер,1000000,2007,"дизель, 2.5 л",171.0,АКПП,4WD,черный,264 000,3.0,левый,3 поколение,,Омск,
https://auto.drom.ru/ekaterinburg/nissan/pathfinder/526398158.html,526398158,Ниссан Патфайндер,1990000,2015,"бензин, 3.5 л",249.0,вариатор,4WD,коричневый,250 000,2.0,левый,4 поколение,3.5 V6 High,Екатеринбург,
https://auto.drom.ru/volzhsk/nissan/pathfinder/466532613.html,466532613,Ниссан Патфайндер,1900000,1999,"бензин, 3.3 л",170.0,механика,4WD,серый,27 500,1.0,левый,2 поколение,3.3 MT SE,"Волжск, Республика Марий Эл",
https://auto.drom.ru/ufa/nissan/pathfinder/233784871.html,233784871,Ниссан Патфайндер,1029000,2007,"дизель, 2.5 л",174.0,автомат,4WD,черный,170 335,,,,,Уфа,
https://auto.drom.ru/kazan/nissan/pathfinder/607761543.html,607761543,Ниссан Патфайндер,1560000,2015,"бензин, 3.5 л",249.0,вариатор,4WD,синий,201 770,2.0,левый,4 поколение,3.5 V6 High +,Казань,
https://auto.drom.ru/nakhodka/nissan/pathfinder/432844427.html,432844427,Ниссан Патфайндер,1250000,2010,"дизель, 3.0 л",231.0,автомат,4WD,красный,177 000,2.0,левый,"3 поколение, рестайлинг",,"Находка, Приморский край",
https://auto.drom.ru/novosibirsk/nissan/pathfinder/492691555.html,492691555,Ниссан Патфайндер,660000,2006,"бензин, 4.0 л",269.0,АКПП,4WD,черный,230 000,,левый,3 поколение,4.0 AT LE+,Новосибирск,
https://auto.drom.ru/yakutsk/nissan/pathfinder/256771865.html,256771865,Ниссан Патфайндер,1150000,2007,"дизель, 2.5 л",174.0,механика,4WD,серебристый,268 710,3.0,левый,3 поколение,2.5 Cdi MT LE+,Якутск,
https://auto.drom.ru/minusinsk/nissan/sunny/208857238.html,208857238,Ниссан Санни,105000,2000,"бензин, 1.5 л",105.0,АКПП,передний,белый,300 000,2.0,правый,9 поколение,1.5 Super saloon,"Минусинск, Красноярский край",
https://auto.drom.ru/krasnoyarsk/nissan/sunny/757764790.html,757764790,Ниссан Санни,220000,2000,"бензин, 1.5 л",105.0,АКПП,передний,серый,378 000,,правый,9 поколение,,Красноярск,
https://auto.drom.ru/tomsk/nissan/sunny/487122780.html,487122780,Ниссан Санни,190000,2001,"бензин, 1.5 л",105.0,АКПП,передний,белый,211 000,,правый,9 поколение,1.5 super saloon SV NAVI edition,Томск,
https://auto.drom.ru/chita/nissan/sunny/220341498.html,220341498,Ниссан Санни,280000,1999,"бензин, 1.5 л",105.0,АКПП,передний,белый,500 000,,правый,9 поколение,,Чита,
https://auto.drom.ru/novosibirsk/nissan/sunny/169232983.html,169232983,Ниссан Санни,150000,1996,"бензин, 1.5 л",105.0,АКПП,передний,серый,36 000,,правый,8 поколение,1.5 AT,Новосибирск,
https://auto.drom.ru/homutovo-irk/nissan/sunny/624777524.html,624777524,Ниссан Санни,255000,2001,"бензин, 1.5 л",105.0,механика,передний,золотистый,177 270,2.0,правый,9 поколение,,"Хомутово, Иркутская область",
https://auto.drom.ru/iskitim/nissan/sunny/920961092.html,920961092,Ниссан Санни,185000,2000,"бензин, 1.5 л",105.0,АКПП,передний,синий,365 826,3.0,правый,9 поколение,1.5 Super saloon G package,"Искитим, Новосибирская область",
https://auto.drom.ru/linyovo/nissan/sunny/422853662.html,422853662,Ниссан Санни,45000,1998,"бензин, 1.5 л",105.0,АКПП,передний,,300 000,3.0,правый,"8 поколение, 2 рестайлинг",,"Линёво, Новосибирская область",
https://auto.drom.ru/omsk/nissan/sunny/324217999.html,324217999,Ниссан Санни,280000,1999,"бензин, 1.5 л",105.0,АКПП,передний,серый,358 962,,правый,9 поколение,,Омск,
https://auto.drom.ru/nizhneudinsk/nissan/sunny/226059852.html,226059852,Ниссан Санни,450000,2003,"бензин, 1.5 л",109.0,АКПП,4WD,белый,295 482,,правый,"9 поколение, рестайлинг",1.5 Super saloon,"Нижнеудинск, Иркутская область",
https://auto.drom.ru/dzerzhinsk/nissan/sunny/521085892.html,521085892,Ниссан Санни,150000,2001,"бензин, 1.5 л",105.0,АКПП,передний,фиолетовый,250 000,3.0,правый,9 поколение,1.5 Super saloon,"Дзержинск, Нижегородская область",
https://auto.drom.ru/prokopyevsk/nissan/sunny/475425995.html,475425995,Ниссан Санни,100000,1998,"бензин, 1.5 л",105.0,АКПП,передний,серый,440 000,3.0,правый,"8 поколение, 2 рестайлинг",,"Прокопьевск, Кемеровская область",
https://auto.drom.ru/krasnoyarsk/nissan/sunny/361687390.html,361687390,Ниссан Санни,288000,2001,"бензин, 1.5 л",105.0,АКПП,передний,белый,300 000,,правый,9 поколение,1.5 EX saloon SV limited,Красноярск,
https://auto.drom.ru/rubtsovsk/nissan/sunny/785357678.html,785357678,Ниссан Санни,280000,1999,"бензин, 1.5 л, ГБО",105.0,АКПП,4WD,синий,283 000,3.0,правый,9 поколение,1.5 EX saloon,"Рубцовск, Алтайский край",
https://auto.drom.ru/barnaul/nissan/sunny/878947722.html,878947722,Ниссан Санни,370000,2001,"бензин, 1.5 л",105.0,АКПП,передний,белый,400 000,3.0,правый,9 поколение,1.5 EX saloon SV,Барнаул,
https://auto.drom.ru/minusinsk/nissan/sunny/416204288.html,416204288,Ниссан Санни,400000,2000,"бензин, 1.5 л",105.0,АКПП,передний,серый,344 553,3.0,правый,9 поколение,1.5 EX saloon,"Минусинск, Красноярский край",
https://auto.drom.ru/tomsk/nissan/sunny/326445017.html,326445017,Ниссан Санни,275000,2001,"бензин, 1.5 л",105.0,АКПП,4WD,серый,240 000,2.0,правый,9 поколение,,Томск,
https://auto.drom.ru/rubtsovsk/nissan/sunny/317740271.html,317740271,Ниссан Санни,370000,2002,"бензин, 1.5 л, ГБО",109.0,АКПП,передний,белый,460 000,,правый,"9 поколение, рестайлинг",1.5 FE,"Рубцовск, Алтайский край",
https://auto.drom.ru/kalga/nissan/sunny/214471139.html,214471139,Ниссан Санни,210000,1998,"бензин, 1.8 л",130.0,вариатор,передний,синий,260 000,,правый,9 поколение,1.8 Super saloon G package,"Калга, Забайкальский край",
https://auto.drom.ru/mysky/nissan/sunny/510435655.html,510435655,Ниссан Санни,195000,1999,"бензин, 1.5 л",105.0,АКПП,передний,синий,509 000,,правый,9 поколение,1.5 Super saloon,"Мыски, Кемеровская область",
https://auto.drom.ru/habarovsk/nissan/leaf/249513098.html,249513098,Ниссан Лиф,1640000,2019,электро,150.0,АКПП,передний,белый,65 000,1.0,правый,2 поколение,40kWh G,Хабаровск,
https://auto.drom.ru/irkutsk/nissan/leaf/188042843.html,188042843,Ниссан Лиф,1125000,2015,электро,109.0,АКПП,передний,белый,98 000,1.0,правый,1 поколение,G,Иркутск,
https://auto.drom.ru/tyumen/nissan/leaf/433982176.html,433982176,Ниссан Лиф,1620000,2012,электро,109.0,АКПП,передний,голубой,128 000,3.0,правый,1 поколение,G,Тюмень,
https://auto.drom.ru/losino-petrovskiy/nissan/leaf/901744609.html,901744609,Ниссан Лиф,850000,2014,электро,109.0,АКПП,передний,белый,69 000,1.0,правый,1 поколение,,"Лосино-Петровский, Московская область",
https://auto.drom.ru/armavir/nissan/leaf/171277180.html,171277180,Ниссан Лиф,1230000,2013,электро,109.0,АКПП,передний,белый,92 000,3.0,правый,1 поколение,G side/curtain airbag system less,"Армавир, Краснодарский край",
https://auto.drom.ru/vladivostok/nissan/leaf/860593211.html,860593211,Ниссан Лиф,1430000,2017,электро,150.0,АКПП,передний,белый,128 417,1.0,правый,2 поколение,40kWh G,Владивосток,
https://auto.drom.ru/barnaul/nissan/leaf/657159424.html,657159424,Ниссан Лиф,1250000,2017,электро,109.0,АКПП,передний,голубой,73 000,1.0,правый,1 поколение,30kWh G Aero Style Thanks Edition,Барнаул,
https://auto.drom.ru/tyumen/nissan/leaf/889021056.html,889021056,Ниссан Лиф,580000,2011,электро,109.0,АКПП,передний,голубой,124 556,1.0,правый,1 поколение,G,Тюмень,
https://auto.drom.ru/barnaul/nissan/leaf/844764963.html,844764963,Ниссан Лиф,1300000,2015,электро,109.0,АКПП,передний,черный,135 000,1.0,правый,1 поколение,S Aero Style,Барнаул,
https://auto.drom.ru/chita/nissan/leaf/796442829.html,796442829,Ниссан Лиф,470000,2011,электро,109.0,АКПП,передний,серый,200 000,1.0,правый,1 поколение,X,Чита,
https://auto.drom.ru/blagoveshchensk/nissan/leaf/366595433.html,366595433,Ниссан Лиф,850000,2017,электро,109.0,АКПП,передний,серый,95 000,1.0,правый,1 поколение,30kWh G,Благовещенск,
https://auto.drom.ru/yakutsk/nissan/leaf/573936940.html,573936940,Ниссан Лиф,470000,2012,электро,109.0,АКПП,передний,черный,146 000,1.0,правый,1 поколение,G,Якутск,
https://auto.drom.ru/chernogorsk/nissan/leaf/469901697.html,469901697,Ниссан Лиф,1200000,2016,электро,109.0,АКПП,передний,белый,144 600,1.0,правый,1 поколение,30kWh X Aero Style Thanks Edition,"Черногорск, Республика Хакасия",
https://auto.drom.ru/tyumen/nissan/leaf/481445381.html,481445381,Ниссан Лиф,830000,2015,электро,109.0,АКПП,передний,красный,165 000,3.0,правый,1 поколение,24kWh S,Тюмень,
https://auto.drom.ru/ussuriisk/nissan/leaf/288433287.html,288433287,Ниссан Лиф,880000,2015,электро,109.0,АКПП,передний,голубой,157 000,1.0,правый,1 поколение,30kWh G side/curtain airbag system less,"Уссурийск, Приморский край",
https://auto.drom.ru/tomsk/nissan/leaf/902354943.html,902354943,Ниссан Лиф,850000,2014,электро,109.0,АКПП,передний,белый,,2.0,правый,1 поколение,X Aero Style,Томск,
https://auto.drom.ru/barnaul/nissan/leaf/335792419.html,335792419,Ниссан Лиф,790000,2013,электро,109.0,АКПП,передний,бордовый,170 000,3.0,правый,1 поколение,,Барнаул,
https://auto.drom.ru/novosibirsk/nissan/leaf/151332815.html,151332815,Ниссан Лиф,699999,2012,электро,109.0,АКПП,передний,синий,80 000,2.0,правый,1 поколение,G,Новосибирск,
https://auto.drom.ru/chita/nissan/leaf/719819608.html,719819608,Ниссан Лиф,720000,2012,электро,109.0,АКПП,передний,голубой,98 000,,правый,1 поколение,G,Чита,
https://auto.drom.ru/simferopol/nissan/leaf/878826200.html,878826200,Ниссан Лиф,2500000,2020,электро,150.0,АКПП,передний,белый,25 000,1.0,правый,2 поколение,40kWh G,Симферополь,
https://auto.drom.ru/ulan-ude/toyota/camry/170759947.html,170759947,Тойота Камри,770000,2003,"бензин, 2.4 л",152.0,АКПП,передний,коричневый,320 000,3.0,левый,6 поколение,2.4 AT R2,Улан-Удэ,
https://auto.drom.ru/chemal/toyota/camry/558360433.html,558360433,Тойота Камри,380000,1999,"бензин, 2.2 л",131.0,АКПП,передний,серый,383 000,,левый,5 поколение,2.2 AT,"Чемал, Республика Алтай",
https://auto.drom.ru/krasniy-sulin/toyota/camry/287408914.html,287408914,Тойота Камри,2750000,2015,"бензин, 2.0 л",150.0,АКПП,передний,черный,83 000,2.0,левый,"8 поколение, рестайлинг",2.0 AT Стандарт Плюс,"Красный Сулин, Ростовская область",
https://auto.drom.ru/novoshahtinskiy/toyota/camry/491010275.html,491010275,Тойота Камри,215000,1994,"бензин, 1.8 л",125.0,АКПП,передний,белый,261 000,3.0,правый,4 поколение,1.8 Lumiere,"Новошахтинский, Приморский край",
https://auto.drom.ru/omsk/toyota/camry/406682086.html,406682086,Тойота Камри,1720000,2014,"бензин, 2.5 л",181.0,АКПП,передний,серый,212 000,,левый,8 поколение,2.5 6AT Elegance,Омск,
https://auto.drom.ru/gorno-altaysk/toyota/camry/584613150.html,584613150,Тойота Камри,1200000,2007,"бензин, 2.4 л",167.0,АКПП,передний,серебристый,295 000,3.0,левый,7 поколение,2.4 AT Prestige,Горно-Алтайск,
https://auto.drom.ru/kazan/toyota/camry/459888562.html,459888562,Тойота Камри,3799000,2024,"бензин, 2.0 л",173.0,вариатор,передний,белый,20 496,1.0,левый,10 поколение,2.0GVP CVT Deluxe,Казань,
https://auto.drom.ru/krasnoyarsk/toyota/camry/358549556.html,358549556,Тойота Камри,3250000,2020,"бензин, 3.5 л",249.0,АКПП,передний,белый,133 000,,левый,9 поколение,3.5 AT Executive Safety,Красноярск,
https://auto.drom.ru/moscow/toyota/camry/333677569.html,333677569,Тойота Камри,3250000,2023,"бензин, 2.5 л",204.0,АКПП,передний,черный,110 000,2.0,левый,"9 поколение, рестайлинг",,Москва,
https://auto.drom.ru/novokuznetsk/toyota/camry/622969458.html,622969458,Тойота Камри,600000,2003,"бензин, 2.0 л",150.0,АКПП,передний,серый,100 000,,правый,6 поколение,2.0G AT,"Новокузнецк, Кемеровская область",
https://auto.drom.ru/surgut/toyota/camry/276632015.html,276632015,Тойота Камри,1089000,2008,"бензин, 2.4 л",167.0,АКПП,передний,черный,228 000,,левый,7 поколение,2.4 AT Prestige,"Сургут, Ханты-Мансийский автономный округ",
https://auto.drom.ru/luchegorsk/toyota/camry/376287871.html,376287871,Тойота Камри,250000,1996,"бензин, 2.0 л",140.0,АКПП,передний,серый,300 000,3.0,правый,"4 поколение, рестайлинг",,"Лучегорск, Приморский край",
https://auto.drom.ru/omsk/toyota/camry/149500221.html,149500221,Тойота Камри,2335000,2017,"бензин, 2.5 л",181.0,АКПП,передний,белый,215 006,2.0,левый,"8 поколение, рестайлинг",2.5 AT Престиж,Омск,
https://auto.drom.ru/vladivostok/toyota/camry/594511623.html,594511623,Тойота Камри,1660000,2014,"бензин, 2.5 л, гибрид",160.0,вариатор,передний,белый,200 000,2.0,правый,"8 поколение, рестайлинг",2.5 G Package,Владивосток,
https://auto.drom.ru/moscow/toyota/camry/616952799.html,616952799,Тойота Камри,1690000,2014,"бензин, 2.5 л",181.0,АКПП,передний,серый,134 000,,левый,"8 поколение, рестайлинг",2.5 AT Престиж,Москва,
https://auto.drom.ru/barnaul/toyota/camry/640540929.html,640540929,Тойота Камри,1450000,2011,"бензин, 2.4 л",167.0,АКПП,передний,черный,270 000,3.0,левый,"7 поколение, рестайлинг",,Барнаул,
https://auto.drom.ru/ulan-ude/toyota/camry/559773497.html,559773497,Тойота Камри,850000,2004,"бензин, 2.4 л",152.0,АКПП,передний,бежевый,200 000,,левый,6 поколение,2.4 AT,Улан-Удэ,
https://auto.drom.ru/surgut/toyota/camry/575635587.html,575635587,Тойота Камри,899000,2006,"бензин, 2.4 л",167.0,механика,передний,серебристый,160 000,,левый,7 поколение,2.4 MT Comfort,"Сургут, Ханты-Мансийский автономный округ",
https://auto.drom.ru/moscow/toyota/camry/248836425.html,248836425,Тойота Камри,570000,2003,"бензин, 2.4 л",157.0,АКПП,передний,золотистый,345 000,3.0,левый,6 поколение,2.4 AT XLE,Москва,
https://auto.drom.ru/krasnoyarsk/toyota/camry/723621187.html,723621187,Тойота Камри,2100000,2016,"бензин, 2.5 л",181.0,АКПП,передний,белый,142 340,,левый,"8 поколение, рестайлинг",2.5 AT Престиж,Красноярск,
https://auto.drom.ru/ekaterinburg/toyota/camry/538416840.html,538416840,Тойота Камри,3800000,2024,"бензин, 2.0 л",173.0,вариатор,передний,белый,200,1.0,левый,10 поколение,2.0S CVT Sport,Екатеринбург,
https://auto.drom.ru/spb/toyota/camry/313604851.html,313604851,Тойота Камри,5580000,2026,"2.0 л, гибрид",231.0,автомат,передний,черный,,,левый,,,Санкт-Петербург,
https://auto.drom.ru/moscow/toyota/corolla/562115134.html,562115134,Тойота Королла,1515000,2017,"бензин, 1.6 л",122.0,вариатор,передний,черный,118 233,3.0,левый,"11 поколение, рестайлинг",1.6 CVT Комфорт,Москва,
https://auto.drom.ru/habarovsk/toyota/corolla/661324462.html,661324462,Тойота Королла,100000,1988,"бензин, 1.3 л",73.0,АКПП,передний,белый,250 000,1.0,правый,6 поколение,,Хабаровск,
https://auto.drom.ru/novosibirsk/toyota/corolla/453027029.html,453027029,Тойота Королла,190000,1995,"бензин, 1.5 л",100.0,АКПП,передний,серый,348 985,,правый,8 поколение,1.5 SE saloon G package,Новосибирск,
https://auto.drom.ru/omsk/toyota/corolla/195896938.html,195896938,Тойота Королла,480000,2004,"бензин, 1.6 л, ГБО",110.0,АКПП,передний,серебристый,398 915,,левый,9 поколение,,Омск,
https://auto.drom.ru/tyumen/toyota/corolla/772680603.html,772680603,Тойота Королла,600000,2007,"бензин, 1.6 л",124.0,робот,передний,черный,192 000,3.0,левый,10 поколение,1.6 MultiMode Престиж,Тюмень,
https://auto.drom.ru/irkutsk/toyota/corolla/556222702.html,556222702,Тойота Королла,1000000,2014,"бензин, 1.6 л",122.0,вариатор,передний,черный,154 500,,левый,11 поколение,1.6 CVT Классик Плюс,Иркутск,
https://auto.drom.ru/sevastopol/toyota/corolla/853272328.html,853272328,Тойота Королла,1300000,2013,"бензин, 1.6 л",122.0,вариатор,передний,бежевый,221 257,2.0,левый,11 поколение,1.6 CVT Классик Плюс,"Севастополь, Республика Крым",
https://auto.drom.ru/vladivostok/toyota/corolla/53193775.html,53193775,Тойота Королла,1900000,2020,"бензин, 1.8 л, гибрид",98.0,вариатор,передний,,30 000,,правый,12 поколение,,Владивосток,
https://auto.drom.ru/irkutsk/toyota/corolla/781443605.html,781443605,Тойота Королла,540000,2002,"бензин, 1.6 л",110.0,АКПП,передний,серый,260 000,1.0,левый,9 поколение,1.6 AT Sol,Иркутск,
https://auto.drom.ru/novosibirsk/toyota/corolla/117176469.html,117176469,Тойота Королла,955000,2011,"бензин, 1.6 л",124.0,АКПП,передний,белый,249 000,2.0,левый,"10 поколение, рестайлинг",1.6 AT Comfort Plus,Новосибирск,
https://auto.drom.ru/tyumen/toyota/corolla/896803714.html,896803714,Тойота Королла,1050000,2013,"бензин, 1.8 л",140.0,вариатор,передний,белый,170 000,,левый,11 поколение,1.8 CVT Комфорт Плюс,Тюмень,
https://auto.drom.ru/ivanovo/toyota/corolla/522302039.html,522302039,Тойота Королла,1220000,2014,"бензин, 1.6 л",122.0,механика,передний,коричневый,132 584,,левый,11 поколение,1.6 MT Комфорт,Иваново,
https://auto.drom.ru/chita/toyota/corolla/171433605.html,171433605,Тойота Королла,650000,2005,"бензин, 1.3 л",87.0,АКПП,передний,белый,291 000,2.0,правый,"9 поколение, 2 рестайлинг",,Чита,
https://auto.drom.ru/nizhnevartovsk/toyota/corolla/735073262.html,735073262,Тойота Королла,700000,2005,"бензин, 1.6 л",110.0,АКПП,передний,голубой,155 000,3.0,левый,"9 поколение, рестайлинг",1.6 AT Luna,"Нижневартовск, Ханты-Мансийский автономный округ",
https://auto.drom.ru/krasnoyarsk/toyota/corolla/890360716.html,890360716,Тойота Королла,288888,1997,"бензин, 1.6 л",115.0,автомат,передний,красный,350 000,2.0,левый,8 поколение,,Красноярск,
https://auto.drom.ru/tomsk/toyota/corolla/202636404.html,202636404,Тойота Королла,555000,2000,"бензин, 1.8 л",136.0,АКПП,передний,коричневый,417 000,,правый,9 поколение,1.8 LUXEL,Томск,
https://auto.drom.ru/krasnoyarsk/toyota/corolla/200504283.html,200504283,Тойота Королла,1870000,2019,"бензин, 1.8 л",140.0,вариатор,передний,белый,43 000,2.0,правый,12 поколение,Touring 1.8 WxB,Красноярск,
https://auto.drom.ru/novosibirsk/toyota/corolla/179295871.html,179295871,Тойота Королла,360000,2001,"бензин, 1.8 л",125.0,АКПП,передний,зеленый,129 995,,левый,"8 поколение, рестайлинг",1.8 AT CE,Новосибирск,
https://auto.drom.ru/chita/toyota/corolla/553102426.html,553102426,Тойота Королла,100000,2000,"дизель, 2.2 л",79.0,механика,передний,белый,210 000,,правый,7 поколение,,Чита,
https://auto.drom.ru/tomsk/toyota/corolla/488975103.html,488975103,Тойота Королла,1800000,2020,"бензин, 1.8 л",140.0,вариатор,передний,белый,101 000,1.0,правый,12 поколение,Touring 1.8 WxB,Томск,
https://auto.drom.ru/habarovsk/toyota/corolla/827757445.html,827757445,Тойота Королла,480000,2002,"бензин, 1.8 л",136.0,АКПП,передний,серый,294 000,,правый,9 поколение,1.8 LUXEL,Хабаровск,
https://auto.drom.ru/ussuriisk/toyota/corolla/635071767.html,635071767,Тойота Королла,1400000,2021,"бензин, 1.2 л",116.0,автомат,передний,белый,72 000,1.0,левый,12 поколение,,"Уссурийск, Приморский край",
https://auto.drom.ru/moscow/toyota/rav4/935554771.html,935554771,Тойота РАВ4,4150000,2026,"бензин, 2.0 л",171.0,вариатор,4WD,белый,,,левый,6 поколение,2.0 CVT 4WD Luxury,Москва,
https://auto.drom.ru/chebarkul/toyota/rav4/116597741.html,116597741,Тойота РАВ4,2950000,2021,"бензин, 2.0 л",149.0,вариатор,4WD,коричневый,69 000,2.0,левый,5 поколение,2.0 CVT 4WD Престиж Safety,"Чебаркуль, Челябинская область",
https://auto.drom.ru/moscow/toyota/rav4/189989666.html,189989666,Тойота РАВ4,4250000,2026,"бензин, 2.0 л",171.0,вариатор,4WD,серый,,,левый,6 поколение,,Москва,
https://auto.drom.ru/ufa/toyota/rav4/705514539.html,705514539,Тойота РАВ4,3799000,2021,"бензин, 2.5 л",199.0,АКПП,4WD,черный,97 159,3.0,левый,5 поколение,2.5 AT 4WD Престиж Safety,Уфа,
https://auto.drom.ru/kazan/toyota/rav4/529932620.html,529932620,Тойота РАВ4,2100000,2015,"бензин, 2.5 л",180.0,АКПП,4WD,белый,152 101,,левый,4 поколение,2.5 AT 4WD Престиж Плюс,Казань,
https://auto.drom.ru/omsk/toyota/rav4/193799850.html,193799850,Тойота РАВ4,349000,1996,"бензин, 2.0 л",128.0,АКПП,4WD,синий,156 000,3.0,левый,1 поколение,,Омск,
https://auto.drom.ru/novorossiysk/toyota/rav4/404885743.html,404885743,Тойота РАВ4,2999000,2020,"бензин, 2.0 л",149.0,вариатор,передний,белый,157 208,2.0,левый,5 поколение,2.0 CVT Комфорт,"Новороссийск, Краснодарский край",
https://auto.drom.ru/spb/toyota/rav4/456682476.html,456682476,Тойота РАВ4,4290000,2026,"бензин, 2.0 л",171.0,вариатор,4WD,белый,20,1.0,левый,6 поколение,2.0 CVT 4WD Luxury,Санкт-Петербург,
https://auto.drom.ru/samara/toyota/rav4/847471927.html,847471927,Тойота РАВ4,3990000,2026,"бензин, 2.0 л",171.0,вариатор,4WD,,,,левый,6 поколение,2.0 CVT 4WD Luxury,Самара,
https://auto.drom.ru/yuzhno-sakhalinsk/toyota/rav4/736468432.html,736468432,Тойота РАВ4,1350000,2010,"бензин, 2.0 л",158.0,вариатор,4WD,серый,177 000,1.0,левый,"3 поколение, 2 рестайлинг",,Южно-Сахалинск,
https://auto.drom.ru/petropavlovsk-kamchatskiy/toyota/rav4/870627368.html,870627368,Тойота РАВ4,520000,1997,"бензин, 2.0 л",165.0,АКПП,4WD,серый,300 500,,правый,1 поколение,,Петропавловск-Камчатский,
https://auto.drom.ru/kaliningrad/toyota/rav4/809981954.html,809981954,Тойота РАВ4,1790000,2015,"бензин, 2.0 л",146.0,вариатор,4WD,белый,215 373,2.0,левый,4 поколение,2.0 CVT 4WD Элеганс Плюс,Калининград,
https://auto.drom.ru/samara/toyota/rav4/902239719.html,902239719,Тойота РАВ4,3990000,2026,"бензин, 2.0 л",171.0,вариатор,4WD,,,,левый,6 поколение,2.0 CVT 4WD Luxury,Самара,
https://auto.drom.ru/ulan-ude/toyota/rav4/619441594.html,619441594,Тойота РАВ4,820000,2004,"бензин, 2.0 л",150.0,АКПП,4WD,зеленый,350 000,3.0,левый,"2 поколение, рестайлинг",,Улан-Удэ,
https://auto.drom.ru/moscow/toyota/rav4/485822715.html,485822715,Тойота РАВ4,4150000,2026,"бензин, 2.0 л",171.0,вариатор,4WD,черный,,,левый,6 поколение,2.0 CVT 4WD Люкс Казахстан,Москва,
https://auto.drom.ru/vladivostok/toyota/rav4/897435573.html,897435573,Тойота РАВ4,595000,2005,"бензин, 1.8 л",125.0,АКПП,передний,белый,292 000,2.0,правый,"2 поколение, рестайлинг",1.8 J X G package,Владивосток,
https://auto.drom.ru/moscow/toyota/rav4/307782317.html,307782317,Тойота РАВ4,4000000,2025,"бензин, 2.0 л",171.0,вариатор,4WD,белый,,,левый,6 поколение,2.0 CVT 4WD Luxury,Москва,
https://auto.drom.ru/moscow/toyota/rav4/438260753.html,438260753,Тойота РАВ4,4100000,2026,"бензин, 2.0 л",171.0,вариатор,4WD,черный,,,левый,6 поколение,,Москва,
https://auto.drom.ru/samara/toyota/rav4/143081275.html,143081275,Тойота РАВ4,3990000,2026,"бензин, 2.0 л",171.0,вариатор,4WD,белый,,,левый,6 поколение,2.0 CVT 4WD Luxury,Самара,
https://auto.drom.ru/samara/toyota/rav4/464304779.html,464304779,Тойота РАВ4,3990000,2026,"бензин, 2.0 л",171.0,вариатор,4WD,,,,левый,6 поколение,2.0 CVT 4WD Luxury,Самара,
https://auto.drom.ru/temryuk/toyota/rav4/313382191.html,313382191,Тойота РАВ4,1030000,2004,"бензин, 2.4 л",152.0,автомат,4WD,серебристый,111 761,2.0,левый,"2 поколение, рестайлинг",,"Темрюк, Краснодарский край",
https://auto.drom.ru/moscow/toyota/land_cruiser/704580922.html,704580922,Тойота Ленд Крузер,5250000,2014,"бензин, 4.6 л",309.0,АКПП,4WD,черный,165 000,2.0,левый,"11 поколение, рестайлинг",4.6 AT Люкс (5 мест),Москва,
https://auto.drom.ru/perm/toyota/land_cruiser/675158906.html,675158906,Тойота Ленд Крузер,11750000,2024,"бензин, 3.4 л",415.0,АКПП,4WD,черный,28 406,2.0,левый,12 поколение,3.4 AT GR Sport Казахстан,Пермь,
https://auto.drom.ru/moscow/toyota/land_cruiser/690009052.html,690009052,Тойота Ленд Крузер,14600000,2026,"бензин, 3.4 л",415.0,АКПП,4WD,черный,,,левый,12 поколение,,Москва,
https://auto.drom.ru/krasnoyarsk/toyota/land_cruiser/401364407.html,401364407,Тойота Ленд Крузер,2997000,2014,"дизель, 4.5 л",235.0,АКПП,4WD,черный,287 157,2.0,левый,"11 поколение, рестайлинг",4.5 TD AT Люкс (7 мест),Красноярск,
https://auto.drom.ru/barnaul/toyota/land_cruiser/559582879.html,559582879,Тойота Ленд Крузер,1800000,2002,"бензин, 4.7 л",238.0,АКПП,4WD,серебристый,258 000,,левый,"10 поколение, рестайлинг",4.7 AT VX,Барнаул,
https://auto.drom.ru/irkutsk/toyota/land_cruiser/768704625.html,768704625,Тойота Ленд Крузер,3250000,2011,"дизель, 4.5 л",235.0,АКПП,4WD,серый,281 000,,левый,11 поколение,4.5 TD AT Люкс,Иркутск,
https://auto.drom.ru/tyumen/toyota/land_cruiser/636461107.html,636461107,Тойота Ленд Крузер,2900000,2009,"бензин, 4.7 л, ГБО",288.0,АКПП,4WD,черный,398 572,3.0,левый,11 поколение,4.7 AT Люкс,Тюмень,
https://auto.drom.ru/yakutsk/toyota/land_cruiser/620887522.html,620887522,Тойота Ленд Крузер,4800000,2013,"бензин, 4.6 л, ГБО",309.0,АКПП,4WD,белый,190 000,3.0,левый,"11 поколение, рестайлинг",4.6 AT Люкс (7 мест),Якутск,
https://auto.drom.ru/novosibirsk/toyota/land_cruiser/932276056.html,932276056,Тойота Ленд Крузер,11500000,2022,"бензин, 3.4 л",415.0,АКПП,4WD,белый,25 000,1.0,левый,12 поколение,3.4 AT Престиж Казахстан,Новосибирск,
https://auto.drom.ru/yakutsk/toyota/land_cruiser/622005935.html,622005935,Тойота Ленд Крузер,3700000,2011,"бензин, 4.7 л, ГБО",288.0,АКПП,4WD,белый,240 000,3.0,левый,11 поколение,4.7 AT Люкс,Якутск,
https://auto.drom.ru/moscow/toyota/land_cruiser/217113155.html,217113155,Тойота Ленд Крузер,4250000,2013,"бензин, 4.0 л",271.0,АКПП,4WD,белый,146 000,1.0,левый,"11 поколение, рестайлинг",4.0 AT GL,Москва,
https://auto.drom.ru/habarovsk/toyota/land_cruiser/798796742.html,798796742,Тойота Ленд Крузер,3600000,2008,"дизель, 4.5 л",235.0,АКПП,4WD,черный,220 000,,левый,11 поколение,4.5 TD AT Люкс,Хабаровск,
https://auto.drom.ru/irkutsk/toyota/land_cruiser/294551341.html,294551341,Тойота Ленд Крузер,4800000,2011,"дизель, 4.2 л",130.0,механика,4WD,серый,92 000,1.0,левый,"8 поколение, 3 рестайлинг",4.2 MT 5dr.,Иркутск,
https://auto.drom.ru/habarovsk/toyota/land_cruiser/733315856.html,733315856,Тойота Ленд Крузер,7600000,2019,"бензин, 4.6 л",309.0,АКПП,4WD,черный,150 000,3.0,левый,"11 поколение, 2 рестайлинг",4.6 AT Executive Lounge,Хабаровск,
https://auto.drom.ru/yuzhno-sakhalinsk/toyota/land_cruiser/416043450.html,416043450,Тойота Ленд Крузер,5900000,2017,"бензин, 4.6 л",309.0,АКПП,4WD,серый,174 000,1.0,левый,"11 поколение, 2 рестайлинг",4.6 AT Executive,Южно-Сахалинск,
https://auto.drom.ru/kemerovo/toyota/land_cruiser/534764126.html,534764126,Тойота Ленд Крузер,11199999,2021,"дизель, 3.3 л",299.0,АКПП,4WD,черный,164 213,2.0,левый,12 поколение,3.3D AT 70th Anniversary,Кемерово,
https://auto.drom.ru/petropavlovsk-kamchatskiy/toyota/land_cruiser/634321774.html,634321774,Тойота Ленд Крузер,2000000,2001,"бензин, 4.7 л",235.0,АКПП,4WD,белый,335 285,1.0,правый,10 поколение,4.7 100 VX limited 4WD,Петропавловск-Камчатский,
https://auto.drom.ru/novosibirsk/toyota/land_cruiser/768141754.html,768141754,Тойота Ленд Крузер,2170000,2004,"бензин, 4.7 л, ГБО",238.0,АКПП,4WD,черный,468 000,3.0,левый,"10 поколение, рестайлинг",4.7 AT VX-R,Новосибирск,
https://auto.drom.ru/barnaul/toyota/land_cruiser/134231944.html,134231944,Тойота Ленд Крузер,8150000,2020,"бензин, 4.6 л",309.0,АКПП,4WD,черный,226 500,1.0,левый,"11 поколение, 2 рестайлинг",4.6 AT Люкс Safety (5 мест),Барнаул,
https://auto.drom.ru/petropavlovsk-kamchatskiy/toyota/land_cruiser/905630786.html,905630786,Тойота Ленд Крузер,4870000,2014,"бензин, 4.6 л",309.0,АКПП,4WD,золотистый,165 000,3.0,левый,"11 поколение, рестайлинг",4.6 AT Люкс (7 мест),Петропавловск-Камчатский,
https://auto.drom.ru/yakutsk/toyota/land_cruiser/448527053.html,448527053,Тойота Ленд Крузер,10710000,2021,"бензин, 3.4 л",415.0,АКПП,4WD,белый,58 775,2.0,левый,12 поколение,3.4 AT 70th Anniversary Белоруссия,Якутск,
https://auto.drom.ru/moscow/toyota/land_cruiser_prado/460386913.html,460386913,Тойота Ленд Крузер Прадо,4980000,2019,"бензин, 4.0 л",249.0,АКПП,4WD,коричневый,99 700,2.0,левый,"4 поколение, 2 рестайлинг",4.0 AT Престиж,Москва,
https://auto.drom.ru/tynda/toyota/land_cruiser_prado/252455000.html,252455000,Тойота Ленд Крузер Прадо,2000000,2008,"бензин, 2.7 л",163.0,АКПП,4WD,серый,279 135,3.0,правый,3 поколение,2.7 Prado TX limited,"Тында, Амурская область",
https://auto.drom.ru/moscow/toyota/land_cruiser_prado/935110910.html,935110910,Тойота Ленд Крузер Прадо,4300000,2016,"бензин, 4.0 л",282.0,АКПП,4WD,белый,42 000,2.0,левый,"4 поколение, рестайлинг",,Москва,
https://auto.drom.ru/sterlitamak/toyota/land_cruiser_prado/116508449.html,116508449,Тойота Ленд Крузер Прадо,4500000,2019,"дизель, 2.8 л",177.0,АКПП,4WD,черный,250 000,1.0,левый,"4 поколение, 2 рестайлинг",2.8D AT Комфорт,"Стерлитамак, Республика Башкортостан",
https://auto.drom.ru/angarsk/toyota/land_cruiser_prado/467954161.html,467954161,Тойота Ленд Крузер Прадо,835000,2001,"дизель, 3.0 л",163.0,механика,4WD,серый,310 000,1.0,левый,"2 поколение, рестайлинг",3.0 MT Special 5dr.,"Ангарск, Иркутская область",
https://auto.drom.ru/vladivostok/toyota/land_cruiser_prado/571664100.html,571664100,Тойота Ленд Крузер Прадо,4195000,2018,"бензин, 2.7 л",163.0,АКПП,4WD,белый,89 000,1.0,правый,"4 поколение, 2 рестайлинг",2.7 TX 7 seat 4WD,Владивосток,
https://auto.drom.ru/habarovsk/toyota/land_cruiser_prado/422396910.html,422396910,Тойота Ленд Крузер Прадо,4670000,2018,"бензин, 2.7 л",163.0,АКПП,4WD,белый,85 000,2.0,правый,"4 поколение, 2 рестайлинг",2.7 TX L Package 7 seat 4WD,Хабаровск,
https://auto.drom.ru/ekaterinburg/toyota/land_cruiser_prado/294737349.html,294737349,Тойота Ленд Крузер Прадо,11800000,2026,"дизель, 2.8 л",204.0,АКПП,4WD,черный,,,левый,5 поколение,,Екатеринбург,
https://auto.drom.ru/elizavetinskaya/toyota/land_cruiser_prado/209902753.html,209902753,Тойота Ленд Крузер Прадо,5300000,2016,"дизель, 2.8 л",177.0,АКПП,4WD,белый,171 000,1.0,левый,"4 поколение, рестайлинг",,"Елизаветинская, Краснодарский край",
https://auto.drom.ru/moscow/toyota/land_cruiser_prado/915386554.html,915386554,Тойота Ленд Крузер Прадо,5200000,2021,"дизель, 2.8 л",200.0,АКПП,4WD,коричневый,105 000,1.0,левый,"4 поколение, 2 рестайлинг",,Москва,
https://auto.drom.ru/vladivostok/toyota/land_cruiser_prado/477035739.html,477035739,Тойота Ленд Крузер Прадо,3300000,2016,"бензин, 2.7 л",163.0,АКПП,4WD,белый,110 000,2.0,правый,"4 поколение, рестайлинг",,Владивосток,
https://auto.drom.ru/petropavlovsk-kamchatskiy/toyota/land_cruiser_prado/856578553.html,856578553,Тойота Ленд Крузер Прадо,4740000,2018,"бензин, 2.7 л",163.0,АКПП,4WD,черный,55 000,2.0,правый,"4 поколение, 2 рестайлинг",2.7 TX L Package 5 seat 4WD,Петропавловск-Камчатский,
https://auto.drom.ru/susuman/toyota/land_cruiser_prado/235213720.html,235213720,Тойота Ленд Крузер Прадо,1550000,1994,"дизель, 3.0 л",130.0,АКПП,4WD,зеленый,341 000,3.0,правый,"1 поколение, рестайлинг",,"Сусуман, Магаданская область",
https://auto.drom.ru/omsk/toyota/land_cruiser_prado/592634162.html,592634162,Тойота Ленд Крузер Прадо,2080000,2012,"дизель, 3.0 л",173.0,АКПП,4WD,серебристый,169 348,,левый,4 поколение,,Омск,
https://auto.drom.ru/vladivostok/toyota/land_cruiser_prado/229409596.html,229409596,Тойота Ленд Крузер Прадо,4800000,2019,"дизель, 2.8 л",177.0,АКПП,4WD,черный,206 000,1.0,левый,"4 поколение, 2 рестайлинг",2.8D AT Престиж,Владивосток,
https://auto.drom.ru/habarovsk/toyota/land_cruiser_prado/274226615.html,274226615,Тойота Ленд Крузер Прадо,2900000,2012,"бензин, 2.7 л",163.0,АКПП,4WD,серый,120 000,1.0,левый,4 поколение,,Хабаровск,
https://auto.drom.ru/kemerovo/toyota/land_cruiser_prado/875424173.html,875424173,Тойота Ленд Крузер Прадо,4099999,2016,"бензин, 4.0 л",282.0,АКПП,4WD,бежевый,204 597,2.0,левый,"4 поколение, рестайлинг",4.0 AT Престиж,Кемерово,
https://auto.drom.ru/ufa/toyota/land_cruiser_prado/281854537.html,281854537,Тойота Ленд Крузер Прадо,4250000,2017,"дизель, 2.8 л",177.0,АКПП,4WD,белый,152 000,2.0,левый,"4 поколение, 2 рестайлинг",2.8D AT Престиж,Уфа,
https://auto.drom.ru/vladivostok/toyota/land_cruiser_prado/712957173.html,712957173,Тойота Ленд Крузер Прадо,5000000,2020,"дизель, 2.8 л",204.0,АКПП,4WD,белый,66 000,2.0,правый,"4 поколение, 2 рестайлинг",2.8 TZ-G Diesel Turbo 4WD,Владивосток,
https://auto.drom.ru/krasnodar/toyota/land_cruiser_prado/609232743.html,609232743,Тойота Ленд Крузер Прадо,6000000,2018,"бензин, 4.0 л",249.0,АКПП,4WD,черный,159 000,1.0,левый,"4 поколение, 2 рестайлинг",4.0 AT Люкс Safety (5 мест) Белоруссия,Краснодар,
https://auto.drom.ru/yakutsk/toyota/land_cruiser_prado/312145359.html,312145359,Тойота Ленд Крузер Прадо,1300000,1999,"бензин, 2.7 л",150.0,АКПП,4WD,серебристый,315 000,,правый,2 поколение,2.7 TX limited,Якутск,
https://auto.drom.ru/surgut/toyota/land_cruiser_prado/282319019.html,282319019,Тойота Ленд Крузер Прадо,2599000,2010,"дизель, 3.0 л",173.0,АКПП,4WD,белый,266 424,,левый,4 поколение,,"Сургут, Ханты-Мансийский автономный округ",
https://auto.drom.ru/biysk/toyota/land_cruiser_prado/362996873.html,362996873,Тойота Ленд Крузер Прадо,2850000,2010,"дизель, 3.0 л",173.0,АКПП,4WD,белый,263 000,,левый,4 поколение,,"Бийск, Алтайский край",
https://auto.drom.ru/ulan-ude/toyota/highlander/897535302.html,897535302,Тойота Хайлендер,1700000,2012,"бензин, 3.5 л, ГБО",273.0,АКПП,4WD,белый,270 000,3.0,левый,"2 поколение, рестайлинг",3.5 AT Luxe (7 мест),Улан-Удэ,
https://auto.drom.ru/petropavlovsk-kamchatskiy/toyota/highlander/571754929.html,571754929,Тойота Хайлендер,2450000,2012,"бензин, 3.5 л",273.0,АКПП,4WD,белый,111 595,2.0,левый,"2 поколение, рестайлинг",,Петропавловск-Камчатский,
https://auto.drom.ru/krasnodar/toyota/highlander/194599079.html,194599079,Тойота Хайлендер,1930000,2011,"бензин, 3.5 л",273.0,АКПП,4WD,серый,270 000,2.0,левый,"2 поколение, рестайлинг",3.5 AT Luxe (7 мест),Краснодар,
https://auto.drom.ru/krasnoyarsk/toyota/highlander/692091140.html,692091140,Тойота Хайлендер,1999000,2011,"бензин, 3.5 л",273.0,АКПП,4WD,черный,169 080,,левый,"2 поколение, рестайлинг",3.5 AT Luxe (7 мест),Красноярск,
https://auto.drom.ru/surgut/toyota/highlander/563042990.html,563042990,Тойота Хайлендер,2169000,2012,"бензин, 3.5 л",273.0,АКПП,4WD,синий,170 400,3.0,левый,"2 поколение, рестайлинг",,"Сургут, Ханты-Мансийский автономный округ",
https://auto.drom.ru/novosibirsk/toyota/highlander/352968513.html,352968513,Тойота Хайлендер,4300000,2021,"бензин, 2.0 л",220.0,АКПП,4WD,черный,70 000,1.0,левый,"3 поколение, рестайлинг",2.0 AT Luxury,Новосибирск,
https://auto.drom.ru/chita/toyota/highlander/509941294.html,509941294,Тойота Хайлендер,2000000,2011,"бензин, 3.5 л",273.0,АКПП,4WD,белый,212 628,2.0,левый,"2 поколение, рестайлинг",3.5 AT Luxe (7 мест),Чита,
https://auto.drom.ru/nizhnevartovsk/toyota/highlander/675898867.html,675898867,Тойота Хайлендер,3487000,2014,"бензин, 3.5 л",249.0,АКПП,4WD,белый,83 000,2.0,левый,3 поколение,3.5 AT 4WD Люкс,"Нижневартовск, Ханты-Мансийский автономный округ",
https://auto.drom.ru/chelyabinsk/toyota/highlander/842401469.html,842401469,Тойота Хайлендер,5350000,2026,"бензин, 2.0 л",248.0,АКПП,4WD,белый,2,,левый,4 поколение,2.0 AT Premium,Челябинск,
https://auto.drom.ru/moscow/toyota/highlander/437383881.html,437383881,Тойота Хайлендер,5100000,2026,"бензин, 2.0 л",248.0,АКПП,4WD,черный,,,левый,4 поколение,2.0 AT Premium,Москва,
https://auto.drom.ru/tomsk/toyota/highlander/433873557.html,433873557,Тойота Хайлендер,1450000,2008,"бензин, 3.5 л",270.0,АКПП,4WD,серый,395 000,1.0,левый,2 поколение,3.5 AT Sport 7 seats,Томск,
https://auto.drom.ru/krasnoyarsk/toyota/highlander/233471519.html,233471519,Тойота Хайлендер,5245000,2026,"бензин, 2.0 л",248.0,АКПП,4WD,белый,,,левый,4 поколение,2.0 AT Premium,Красноярск,
https://auto.drom.ru/habarovsk/toyota/highlander/785350756.html,785350756,Тойота Хайлендер,985000,2007,"бензин, 2.4 л",155.0,АКПП,передний,серебристый,180 500,,левый,"1 поколение, рестайлинг",2.4 AT,Хабаровск,
https://auto.drom.ru/krasnodar/toyota/highlander/165836177.html,165836177,Тойота Хайлендер,2850000,2016,"бензин, 3.5 л",249.0,АКПП,4WD,черный,357 500,2.0,левый,3 поколение,,Краснодар,
https://auto.drom.ru/novosibirsk/toyota/highlander/867277259.html,867277259,Тойота Хайлендер,5030000,2026,"бензин, 2.0 л",248.0,АКПП,4WD,черный,,,левый,4 поколение,2.0 AT Premium,Новосибирск,
https://auto.drom.ru/tomsk/toyota/highlander/210825530.html,210825530,Тойота Хайлендер,2450000,2014,"бензин, 3.5 л",249.0,АКПП,4WD,серый,360 000,3.0,левый,3 поколение,3.5 AT 4WD Люкс,Томск,
https://auto.drom.ru/moscow/toyota/highlander/264600114.html,264600114,Тойота Хайлендер,5000000,2025,"бензин, 2.0 л",248.0,АКПП,4WD,черный,6 000,1.0,левый,4 поколение,2.0 AT Premium,Москва,
https://auto.drom.ru/moscow/toyota/highlander/675034871.html,675034871,Тойота Хайлендер,5100000,2026,"бензин, 2.0 л",248.0,АКПП,4WD,белый,,,левый,4 поколение,2.0 AT Premium,Москва,
https://auto.drom.ru/krasnoyarsk/toyota/highlander/428058978.html,428058978,Тойота Хайлендер,3390000,2014,"бензин, 3.5 л",249.0,АКПП,4WD,красный,274 000,,левый,3 поколение,3.5 AT 4WD Люкс,Красноярск,
https://auto.drom.ru/salsk/toyota/highlander/209130583.html,209130583,Тойота Хайлендер,5300000,2026,"бензин, 2.0 л",248.0,АКПП,4WD,белый,,,левый,4 поколение,2.0 AT Premium,"Сальск, Ростовская область",
https://auto.drom.ru/ust-ordynskiy/toyota/avensis/562808005.html,562808005,Тойота Авенсис,650000,2005,"бензин, 1.8 л",129.0,механика,передний,серебристый,356 404,,левый,2 поколение,,"Усть-Ордынский, Иркутская область",
https://auto.drom.ru/kemerovo/toyota/avensis/853082193.html,853082193,Тойота Авенсис,850000,2007,"бензин, 1.8 л",129.0,механика,передний,черный,216 000,3.0,левый,"2 поколение, рестайлинг",,Кемерово,
https://auto.drom.ru/kursk/toyota/avensis/242923189.html,242923189,Тойота Авенсис,875000,2008,"бензин, 1.8 л",129.0,АКПП,передний,серебристый,229 746,2.0,левый,"2 поколение, рестайлинг",,Курск,
https://auto.drom.ru/chelyabinsk/toyota/avensis/741085539.html,741085539,Тойота Авенсис,600000,2005,"бензин, 1.8 л",129.0,механика,передний,зеленый,242 002,3.0,левый,2 поколение,,Челябинск,
https://auto.drom.ru/ust-ilimsk/toyota/avensis/517794768.html,517794768,Тойота Авенсис,730000,2007,"бензин, 1.8 л",129.0,механика,передний,серый,220 000,,левый,"2 поколение, рестайлинг",1.8 MT Executive,"Усть-Илимск, Иркутская область",
https://auto.drom.ru/omsk/toyota/avensis/675034509.html,675034509,Тойота Авенсис,795000,2007,"бензин, 1.8 л",129.0,механика,передний,серебристый,256 000,1.0,левый,"2 поколение, рестайлинг",,Омск,
https://auto.drom.ru/ekaterinburg/toyota/avensis/632480501.html,632480501,Тойота Авенсис,750000,2006,"бензин, 1.8 л",129.0,АКПП,передний,серебристый,220 375,1.0,левый,"2 поколение, рестайлинг",1.8 АТ Сол,Екатеринбург,
https://auto.drom.ru/dinskaya/toyota/avensis/533727770.html,533727770,Тойота Авенсис,880000,2008,"бензин, 1.8 л",129.0,механика,передний,серебристый,268 000,3.0,левый,"2 поколение, рестайлинг",,"Динская, Краснодарский край",
https://auto.drom.ru/barnaul/toyota/avensis/781347864.html,781347864,Тойота Авенсис,850000,2007,"бензин, 1.8 л",129.0,механика,передний,бордовый,267 000,,левый,"2 поколение, рестайлинг",,Барнаул,
https://auto.drom.ru/kansk/toyota/avensis/447926709.html,447926709,Тойота Авенсис,730000,2006,"бензин, 2.0 л",147.0,АКПП,передний,зеленый,100 000,,левый,2 поколение,,"Канск, Красноярский край",
https://auto.drom.ru/krasnoyarsk/toyota/avensis/807465254.html,807465254,Тойота Авенсис,835000,2008,"бензин, 1.8 л",129.0,механика,передний,черный,296 000,1.0,левый,"2 поколение, рестайлинг",,Красноярск,
https://auto.drom.ru/izhevsk/toyota/avensis/873225905.html,873225905,Тойота Авенсис,749000,2006,"бензин, 1.8 л",129.0,АКПП,передний,черный,384 785,,левый,2 поколение,,Ижевск,
https://auto.drom.ru/penza/toyota/avensis/312455280.html,312455280,Тойота Авенсис,850000,2011,"бензин, 1.8 л",147.0,вариатор,передний,черный,270 000,1.0,левый,3 поколение,,Пенза,
https://auto.drom.ru/kohma/toyota/avensis/373571900.html,373571900,Тойота Авенсис,680000,2006,"бензин, 2.0 л",147.0,АКПП,передний,серебристый,299 000,,левый,"2 поколение, рестайлинг",2.0 АТ Люкс,"Кохма, Ивановская область",
https://auto.drom.ru/kamensk-uralskiy/toyota/avensis/108766842.html,108766842,Тойота Авенсис,680000,2004,"бензин, 1.8 л",129.0,АКПП,передний,синий,260 000,3.0,левый,2 поколение,,"Каменск-Уральский, Свердловская область",
https://auto.drom.ru/kemerovo/toyota/avensis/125533362.html,125533362,Тойота Авенсис,749999,2007,"бензин, 1.8 л",129.0,механика,передний,зеленый,351 284,,левый,"2 поколение, рестайлинг",1.8 MT Сол,Кемерово,
https://auto.drom.ru/novokuznetsk/toyota/avensis/567895980.html,567895980,Тойота Авенсис,800000,2008,"бензин, 1.8 л",129.0,механика,передний,серый,275 000,,левый,"2 поколение, рестайлинг",1.8 MT Executive,"Новокузнецк, Кемеровская область",
https://auto.drom.ru/tomsk/toyota/avensis/406858392.html,406858392,Тойота Авенсис,330000,2001,"бензин, 1.6 л",110.0,механика,передний,серебристый,355 000,,левый,"1 поколение, рестайлинг",1.6 MT Linea Terra,Томск,
https://auto.drom.ru/omsk/toyota/avensis/100124958.html,100124958,Тойота Авенсис,409000,2004,"бензин, 2.0 л",147.0,механика,передний,серебристый,398 974,,левый,2 поколение,2.0 MT Sol,Омск,
https://auto.drom.ru/kemerovo/toyota/avensis/512916968.html,512916968,Тойота Авенсис,819999,2006,"бензин, 2.0 л",147.0,АКПП,передний,бежевый,212 108,,левый,"2 поколение, рестайлинг",2.0 AТ Сол,Кемерово,
https://auto.drom.ru/ussuriisk/toyota/yaris/308937473.html,308937473,Тойота Ярис,950000,2023,"бензин, 1.0 л",69.0,вариатор,передний,серый,18 000,1.0,правый,4 поколение,1.0 X,"Уссурийск, Приморский край",
https://auto.drom.ru/tyumen/toyota/yaris/800029117.html,800029117,Тойота Ярис,700000,2007,"бензин, 1.3 л",87.0,робот,передний,серебристый,334 000,,левый,2 поколение,,Тюмень,
https://auto.drom.ru/vladivostok/toyota/yaris/427182495.html,427182495,Тойота Ярис,1070000,2020,"бензин, 1.0 л",69.0,вариатор,передний,голубой,23 000,1.0,правый,4 поколение,1.0 G,Владивосток,
https://auto.drom.ru/neviyansk/toyota/yaris/404041852.html,404041852,Тойота Ярис,500000,2006,"бензин, 1.5 л",105.0,автомат,передний,белый,160 111,,левый,2 поколение,,"Невьянск, Свердловская область",
https://auto.drom.ru/vladivostok/toyota/yaris/793247718.html,793247718,Тойота Ярис,865000,2020,"бензин, 1.0 л",69.0,вариатор,передний,серебристый,124 000,,правый,4 поколение,1.0 X,Владивосток,
https://auto.drom.ru/kemerovo/toyota/yaris/702810043.html,702810043,Тойота Ярис,1565995,2020,"бензин, 1.5 л",120.0,вариатор,передний,белый,54 573,1.0,правый,4 поколение,1.5 Z,Кемерово,
https://auto.drom.ru/yakutsk/toyota/yaris/193654172.html,193654172,Тойота Ярис,1180000,2020,"бензин, 1.5 л",120.0,вариатор,4WD,серый,139 000,2.0,правый,4 поколение,1.5 G 4WD,Якутск,
https://auto.drom.ru/vladivostok/toyota/yaris/211197814.html,211197814,Тойота Ярис,865000,2020,"бензин, 1.0 л",69.0,вариатор,передний,серебристый,131 000,,правый,4 поколение,1.0 X,Владивосток,
https://auto.drom.ru/kemerovo/toyota/yaris/416201914.html,416201914,Тойота Ярис,515995,2008,"бензин, 1.3 л",87.0,механика,передний,серый,204 006,,левый,2 поколение,1.3 MT Терра 5дв.,Кемерово,
https://auto.drom.ru/karasuk/toyota/yaris/667157782.html,667157782,Тойота Ярис,1050000,2020,"бензин, 1.0 л",69.0,вариатор,передний,белый,118 000,1.0,правый,4 поколение,1.0 X,"Карасук, Новосибирская область",
https://auto.drom.ru/prokopyevsk/toyota/yaris/935374872.html,935374872,Тойота Ярис,1270000,2021,"бензин, 1.5 л",120.0,вариатор,4WD,белый,78,1.0,правый,4 поколение,1.5 X 4WD,"Прокопьевск, Кемеровская область",
https://auto.drom.ru/kurgan/toyota/yaris/260878159.html,260878159,Тойота Ярис,650000,2008,"бензин, 1.3 л",87.0,робот,передний,серый,250 000,,левый,2 поколение,,Курган,
https://auto.drom.ru/irkutsk/toyota/yaris/330608060.html,330608060,Тойота Ярис,1220000,2021,"бензин, 1.0 л",69.0,вариатор,передний,серый,58 000,,правый,4 поколение,1.0 G,Иркутск,
https://auto.drom.ru/nizhnevartovsk/toyota/yaris/827052979.html,827052979,Тойота Ярис,750000,2008,"бензин, 1.3 л",87.0,автомат,передний,серый,95 532,3.0,левый,,,"Нижневартовск, Ханты-Мансийский автономный округ",
https://auto.drom.ru/kemerovo/toyota/yaris/567138567.html,567138567,Тойота Ярис,699000,2009,"бензин, 1.5 л",106.0,АКПП,передний,черный,149 000,2.0,левый,"2 поколение, рестайлинг",1.5 AT 4dr.,Кемерово,
https://auto.drom.ru/zheleznogorsk-krasnoyarsk/toyota/yaris/873622896.html,873622896,Тойота Ярис,1100000,2021,"бензин, 1.0 л",69.0,вариатор,передний,серебристый,112 000,,правый,4 поколение,1.0 G,"Железногорск, Красноярский край",
https://auto.drom.ru/novosibirsk/toyota/yaris/860000506.html,860000506,Тойота Ярис,1050000,2021,"бензин, 1.0 л",69.0,вариатор,передний,серый,91 000,1.0,правый,4 поколение,1.0 G,Новосибирск,
https://auto.drom.ru/irkutsk/toyota/yaris/113887444.html,113887444,Тойота Ярис,398000,2007,"бензин, 1.5 л",108.0,АКПП,передний,синий,251 000,3.0,левый,2 поколение,1.5 AT 4dr.,Иркутск,
https://auto.drom.ru/novosibirsk/toyota/yaris/222930540.html,222930540,Тойота Ярис,700000,2022,"бензин, 1.0 л",69.0,вариатор,передний,серебристый,69 000,1.0,правый,4 поколение,1.0 X B Package,Новосибирск,
https://auto.drom.ru/vladivostok/toyota/yaris/249233793.html,249233793,Тойота Ярис,950000,2020,"бензин, 1.0 л",69.0,вариатор,передний,белый,50 000,,правый,4 поколение,1.0 X,Владивосток,
https://auto.drom.ru/novokuznetsk/toyota/auris/817770652.html,817770652,Тойота Аурис,749000,2012,"бензин, 1.6 л",132.0,механика,передний,черный,338 000,2.0,левый,,,"Новокузнецк, Кемеровская область",
https://auto.drom.ru/gurievsk-kemer/toyota/auris/185675770.html,185675770,Тойота Аурис,580000,2008,"бензин, 1.6 л",124.0,робот,передний,красный,247 313,,левый,1 поколение,1.6 MultiMode Престиж,"Гурьевск, Кемеровская область",
https://auto.drom.ru/ekaterinburg/toyota/auris/869756339.html,869756339,Тойота Аурис,910000,2013,"бензин, 1.6 л",132.0,вариатор,передний,белый,202 000,,левый,2 поколение,,Екатеринбург,
https://auto.drom.ru/krasnoyarsk/toyota/auris/899148882.html,899148882,Тойота Аурис,909000,2010,"бензин, 1.5 л",110.0,вариатор,передний,серый,161 613,2.0,правый,"1 поколение, рестайлинг",,Красноярск,
https://auto.drom.ru/chita/toyota/auris/763558929.html,763558929,Тойота Аурис,710000,2007,"бензин, 1.8 л",136.0,вариатор,передний,белый,218 220,,правый,1 поколение,1.8 180G S package,Чита,
https://auto.drom.ru/yakutsk/toyota/auris/877069236.html,877069236,Тойота Аурис,540000,2007,"бензин, 1.8 л",136.0,вариатор,передний,черный,208 000,,правый,1 поколение,,Якутск,
https://auto.drom.ru/tyumen/toyota/auris/711258448.html,711258448,Тойота Аурис,580000,2008,"бензин, 1.4 л",97.0,механика,передний,черный,254 680,,левый,1 поколение,,Тюмень,
https://auto.drom.ru/komsomolsk/toyota/auris/672384272.html,672384272,Тойота Аурис,700000,2009,"бензин, 1.5 л",110.0,вариатор,передний,синий,154 428,,правый,1 поколение,1.5 150X,"Комсомольск-на-Амуре, Хабаровский край",
https://auto.drom.ru/irkutsk/toyota/auris/554066072.html,554066072,Тойота Аурис,1018000,2015,"бензин, 1.5 л",108.0,вариатор,передний,черный,51 000,,правый,"2 поколение, рестайлинг",1.5 150X,,
https://auto.drom.ru/artem/toyota/auris/926821959.html,926821959,Тойота Аурис,650000,2006,"бензин, 1.8 л",136.0,вариатор,передний,серый,260 000,2.0,правый,1 поколение,1.8 180G,"Артём, Приморский край",
https://auto.drom.ru/habarovsk/toyota/auris/104154889.html,104154889,Тойота Аурис,1239000,2015,"бензин, 1.5 л",108.0,вариатор,передний,серый,40 152,1.0,правый,"2 поколение, рестайлинг",,Хабаровск,
https://auto.drom.ru/chernigovka/toyota/auris/133244561.html,133244561,Тойота Аурис,1290000,2017,"бензин, 1.2 л",116.0,вариатор,передний,оранжевый,102 000,1.0,правый,"2 поколение, рестайлинг",1.2 120T RS Package,"Черниговка, Приморский край",
https://auto.drom.ru/tomsk/toyota/auris/866294230.html,866294230,Тойота Аурис,1599000,2016,"бензин, 1.8 л",108.0,автомат,передний,белый,20 000,,правый,,,Томск,
https://auto.drom.ru/nakhodka/toyota/auris/206780790.html,206780790,Тойота Аурис,875000,2016,"бензин, 1.8 л, гибрид",99.0,вариатор,передний,белый,71 000,2.0,правый,"2 поколение, рестайлинг",1.8 Hybrid G Package,"Находка, Приморский край",
https://auto.drom.ru/tomsk/toyota/auris/922429671.html,922429671,Тойота Аурис,1450000,2016,"бензин, 1.2 л",116.0,вариатор,передний,оранжевый,85 000,2.0,правый,"2 поколение, рестайлинг",1.2 120T RS Package,Томск,
https://auto.drom.ru/habarovsk/toyota/auris/706052140.html,706052140,Тойота Аурис,990000,2016,"бензин, 1.5 л",108.0,вариатор,передний,белый,143 000,2.0,правый,"2 поколение, рестайлинг",1.5 150X S Package,Хабаровск,
https://auto.drom.ru/vladivostok/toyota/auris/562764186.html,562764186,Тойота Аурис,570000,2007,"бензин, 1.8 л",136.0,вариатор,передний,серый,330 000,2.0,правый,1 поколение,1.8 180G S package,Владивосток,
https://auto.drom.ru/habarovsk/toyota/auris/747556037.html,747556037,Тойота Аурис,1249000,2016,"бензин, 1.5 л",108.0,вариатор,передний,черный,26 227,,правый,"2 поколение, рестайлинг",1.5 150X,Хабаровск,
https://auto.drom.ru/omsk/toyota/auris/289045319.html,289045319,Тойота Аурис,1150000,2011,"бензин, 1.6 л",124.0,АКПП,передний,черный,155 200,,левый,"1 поколение, рестайлинг",1.6 AT Комфорт+,Омск,
https://auto.drom.ru/khanty-mansiysk/toyota/auris/515946989.html,515946989,Тойота Аурис,570000,2008,"бензин, 1.6 л",124.0,робот,передний,красный,151 000,3.0,левый,1 поколение,,Ханты-Мансийск,
https://auto.drom.ru/krasnoyarsk/toyota/prius/238427479.html,238427479,Тойота Приус,560000,2005,"бензин, 1.5 л, гибрид",77.0,вариатор,передний,красный,320 000,2.0,правый,2 поколение,,Красноярск,
https://auto.drom.ru/ussuriisk/toyota/prius/236561436.html,236561436,Тойота Приус,620000,2010,"бензин, 1.5 л, гибрид",99.0,автомат,передний,белый,130 000,2.0,правый,3 поколение,,"Уссурийск, Приморский край",
https://auto.drom.ru/krasnoyarsk/toyota/prius/212228958.html,212228958,Тойота Приус,1195000,2013,"бензин, 1.8 л, гибрид",99.0,вариатор,передний,белый,140 300,,правый,"3 поколение, рестайлинг",1.8 G,Красноярск,
https://auto.drom.ru/novosibirsk/toyota/prius/511251552.html,511251552,Тойота Приус,590000,2007,"бензин, 1.5 л, гибрид",76.0,вариатор,передний,серый,379 000,,левый,"2 поколение, рестайлинг",1.5h,Новосибирск,
https://auto.drom.ru/blagoveshchensk/toyota/prius/593770954.html,593770954,Тойота Приус,990000,2014,"бензин, 1.8 л, гибрид",99.0,вариатор,передний,фиолетовый,250 000,1.0,правый,"3 поколение, рестайлинг",1.8 S,Благовещенск,
https://auto.drom.ru/habarovsk/toyota/prius/643538560.html,643538560,Тойота Приус,685000,2012,"бензин, 1.8 л, гибрид",99.0,вариатор,передний,серый,380 000,3.0,правый,"3 поколение, рестайлинг",1.8 G,Хабаровск,
https://auto.drom.ru/krasnoyarsk/toyota/prius/147492997.html,147492997,Тойота Приус,680000,2011,"бензин, 1.5 л, гибрид",76.0,вариатор,передний,серый,275 000,2.0,правый,"2 поколение, рестайлинг",1.5 EX,Красноярск,
https://auto.drom.ru/arsenyev/toyota/prius/381706602.html,381706602,Тойота Приус,1410000,2010,"бензин, 1.8 л, гибрид",99.0,вариатор,передний,серебристый,165 700,3.0,правый,3 поколение,1.8 G touring selection leather package,"Арсеньев, Приморский край",
https://auto.drom.ru/nakhodka/toyota/prius/475471098.html,475471098,Тойота Приус,810000,2009,"бензин, 1.8 л, гибрид",99.0,вариатор,передний,белый,208 000,3.0,правый,3 поколение,1.8 S,"Находка, Приморский край",
https://auto.drom.ru/komsomolsk/toyota/prius/120468180.html,120468180,Тойота Приус,830000,2010,"бензин, 1.8 л, гибрид",99.0,вариатор,передний,белый,200 000,1.0,правый,3 поколение,,"Комсомольск-на-Амуре, Хабаровский край",
https://auto.drom.ru/abakan/toyota/prius/929741735.html,929741735,Тойота Приус,899999,2008,"бензин, 1.5 л, гибрид",76.0,вариатор,передний,голубой,234 000,3.0,правый,"2 поколение, рестайлинг",1.5 G,Абакан,
https://auto.drom.ru/kyzyl/toyota/prius/234604375.html,234604375,Тойота Приус,1750000,2017,"бензин, 1.8 л, гибрид",98.0,вариатор,передний,белый,70 000,2.0,правый,4 поколение,,Кызыл,
https://auto.drom.ru/habarovsk/toyota/prius/879012319.html,879012319,Тойота Приус,580000,2008,"бензин, 1.5 л, гибрид",76.0,вариатор,передний,черный,250 000,,правый,"2 поколение, рестайлинг",1.5 G,Хабаровск,
https://auto.drom.ru/tyumen/toyota/prius/402002461.html,402002461,Тойота Приус,1050000,2010,"бензин, 1.8 л, гибрид",99.0,вариатор,передний,серый,237,3.0,левый,3 поколение,,Тюмень,
https://auto.drom.ru/tomsk/toyota/prius/236436861.html,236436861,Тойота Приус,1700000,2016,"бензин, 1.8 л, гибрид",98.0,вариатор,4WD,серебристый,253 000,2.0,правый,4 поколение,1.8 S Safety Plus E-Four 4WD,Томск,
https://auto.drom.ru/habarovsk/toyota/prius/148882142.html,148882142,Тойота Приус,2150000,2021,"бензин, 1.8 л, гибрид",98.0,вариатор,4WD,белый,116 081,1.0,правый,"4 поколение, рестайлинг",1.8 S 4WD,Хабаровск,
https://auto.drom.ru/novosibirsk/toyota/prius/639556037.html,639556037,Тойота Приус,1199000,2014,"бензин, 1.8 л, гибрид",99.0,вариатор,передний,белый,202 652,2.0,правый,"3 поколение, рестайлинг",1.8 S,Новосибирск,
https://auto.drom.ru/vladivostok/toyota/prius/578222033.html,578222033,Тойота Приус,849000,2009,"бензин, 1.8 л, гибрид",99.0,вариатор,передний,черный,266 000,2.0,правый,3 поколение,,Владивосток,
https://auto.drom.ru/partizansk/toyota/prius/647355650.html,647355650,Тойота Приус,680000,2010,"бензин, 1.8 л, гибрид",99.0,вариатор,передний,серый,316 612,2.0,правый,3 поколение,1.8 S touring selection,"Партизанск, Приморский край",
https://auto.drom.ru/chita/toyota/prius/453044573.html,453044573,Тойота Приус,550000,2008,"бензин, 1.5 л, гибрид",76.0,вариатор,передний,белый,270 000,3.0,правый,"2 поколение, рестайлинг",,Чита,
https://auto.drom.ru/vladivostok/toyota/alphard/498745259.html,498745259,Тойота Альфард,4500000,2019,"бензин, 2.5 л, гибрид",152.0,вариатор,4WD,белый,50 000,1.0,правый,"3 поколение, рестайлинг",Hybrid 2.5 SR 4WD,Владивосток,
https://auto.drom.ru/vladivostok/toyota/alphard/527118863.html,527118863,Тойота Альфард,4950000,2020,"бензин, 2.5 л, гибрид",152.0,вариатор,4WD,белый,135 000,1.0,правый,"3 поколение, рестайлинг",Hybrid 2.5 Executive Lounge 4WD,Владивосток,
https://auto.drom.ru/novokuznetsk/toyota/alphard/604311430.html,604311430,Тойота Альфард,2200000,2005,"бензин, 3.0 л, ГБО",220.0,автомат,4WD,серый,194 000,1.0,левый,,,"Новокузнецк, Кемеровская область",
https://auto.drom.ru/ussuriisk/toyota/alphard/171479874.html,171479874,Тойота Альфард,6400001,2021,"бензин, 2.5 л, гибрид",152.0,вариатор,4WD,черный,42 037,1.0,правый,"3 поколение, рестайлинг",Hybrid 2.5 Executive Lounge S 4WD,"Уссурийск, Приморский край",
https://auto.drom.ru/kyzyl/toyota/alphard/434770066.html,434770066,Тойота Альфард,1850000,2005,"бензин, 3.0 л",220.0,АКПП,4WD,черный,300 000,2.0,правый,"1 поколение, рестайлинг",3.0 V MS 4WD (8 Seater),Кызыл,
https://auto.drom.ru/vladivostok/toyota/alphard/758758719.html,758758719,Тойота Альфард,2550000,2014,"бензин, 2.4 л, гибрид",150.0,вариатор,4WD,черный,225 000,,правый,"2 поколение, рестайлинг",2.4 G Premium seat Package 4WD,Владивосток,
https://auto.drom.ru/moscow/toyota/alphard/113520550.html,113520550,Тойота Альфард,1600000,2003,"бензин, 2.4 л",159.0,АКПП,передний,белый,290 000,3.0,правый,1 поколение,2.4 G AS premium,Москва,
https://auto.drom.ru/barnaul/toyota/alphard/369256941.html,369256941,Тойота Альфард,1430000,2010,"бензин, 3.5 л",280.0,АКПП,4WD,черный,160 000,,правый,2 поколение,3.5 350S prime selection II type gold 4WD,Барнаул,
https://auto.drom.ru/ussuriisk/toyota/alphard/171692255.html,171692255,Тойота Альфард,2500000,2015,"бензин, 2.5 л, гибрид",152.0,вариатор,4WD,белый,195 000,2.0,правый,3 поколение,,"Уссурийск, Приморский край",
https://auto.drom.ru/novosibirsk/toyota/alphard/873779457.html,873779457,Тойота Альфард,2199000,2012,"бензин, 2.4 л",170.0,вариатор,передний,белый,180 000,2.0,правый,"2 поколение, рестайлинг",2.4 240S (8 Seater),Новосибирск,
https://auto.drom.ru/vladivostok/toyota/alphard/52190665.html,52190665,Тойота Альфард,4290000,2020,"бензин, 2.5 л, гибрид",152.0,вариатор,4WD,,74 000,,правый,"3 поколение, рестайлинг",Hybrid 2.5 X 4WD (8 Seater),Владивосток,
https://auto.drom.ru/krasnoyarsk/toyota/alphard/797559470.html,797559470,Тойота Альфард,3400000,2017,"бензин, 2.5 л",182.0,вариатор,4WD,белый,153 998,,правый,3 поколение,2.5 X 4WD,Красноярск,
https://auto.drom.ru/yakutsk/toyota/alphard/684930018.html,684930018,Тойота Альфард,1450000,2012,"бензин, 2.4 л",170.0,вариатор,передний,белый,180 000,,правый,"2 поколение, рестайлинг",2.4 240S (7 Seater),Якутск,
https://auto.drom.ru/ussuriisk/toyota/alphard/914272871.html,914272871,Тойота Альфард,4850000,2018,"бензин, 2.5 л, гибрид",152.0,вариатор,4WD,черный,116 000,1.0,правый,"3 поколение, рестайлинг",Hybrid 2.5 Executive Lounge S 4WD,"Уссурийск, Приморский край",
https://auto.drom.ru/krasnoyarsk/toyota/alphard/928216040.html,928216040,Тойота Альфард,1900000,2012,"бензин, 2.4 л",170.0,вариатор,передний,черный,277 100,1.0,правый,"2 поколение, рестайлинг",2.4 240X,Красноярск,
https://auto.drom.ru/moscow/toyota/alphard/229402287.html,229402287,Тойота Альфард,12600000,2025,"бензин, 2.5 л, гибрид",190.0,вариатор,4WD,черный,4 370,,левый,4 поколение,2.5 CVТ Executive Lounge,Москва,
https://auto.drom.ru/yakutsk/toyota/alphard/559760407.html,559760407,Тойота Альфард,3499999,2017,"бензин, 2.5 л",182.0,вариатор,4WD,серый,171 000,2.0,правый,3 поколение,,Якутск,
https://auto.drom.ru/abakan/toyota/alphard/569265645.html,569265645,Тойота Альфард,1300000,2010,"бензин, 2.4 л",167.0,автомат,передний,белый,200 000,,правый,2 поколение,,Абакан,
https://auto.drom.ru/barnaul/toyota/alphard/571500277.html,571500277,Тойота Альфард,890000,2003,"бензин, 2.4 л",159.0,АКПП,4WD,серебристый,350 000,,правый,1 поколение,2.4 V AX 4WD,Барнаул,
https://auto.drom.ru/habarovsk/toyota/alphard/191893956.html,191893956,Тойота Альфард,5929000,2021,"бензин, 2.5 л, гибрид",152.0,вариатор,4WD,,43 501,1.0,правый,"3 поколение, рестайлинг",Hybrid 2.5 S Type Gold II 4WD,Хабаровск,
https://auto.drom.ru/krasnoyarsk/toyota/vellfire/448749281.html,448749281,Тойота Веллфайр,4099000,2019,"бензин, 2.5 л",182.0,вариатор,4WD,белый,70 000,1.0,правый,"2 поколение, рестайлинг",,Красноярск,
https://auto.drom.ru/novokuznetsk/toyota/vellfire/52150320.html,52150320,Тойота Веллфайр,2525000,2012,"бензин, 2.4 л, гибрид",150.0,вариатор,4WD,серый,60 000,2.0,правый,"1 поколение, рестайлинг",2.4 V Premium seat Edition 4WD,"Новокузнецк, Кемеровская область",
https://auto.drom.ru/irkutsk/toyota/vellfire/867814073.html,867814073,Тойота Веллфайр,4200000,2018,"бензин, 2.5 л, гибрид",152.0,вариатор,4WD,белый,72 000,1.0,правый,"2 поколение, рестайлинг",Hybrid 2.5 ZR G Edition 4WD,Иркутск,
https://auto.drom.ru/vladivostok/toyota/vellfire/646150661.html,646150661,Тойота Веллфайр,4570000,2018,"бензин, 2.5 л, гибрид",152.0,вариатор,4WD,белый,75 000,2.0,правый,"2 поколение, рестайлинг",Hybrid 2.5 Executive Lounge 4WD,Владивосток,
https://auto.drom.ru/abakan/toyota/vellfire/613647868.html,613647868,Тойота Веллфайр,3999900,2016,"бензин, 2.5 л",182.0,вариатор,передний,белый,142 000,1.0,правый,2 поколение,2.5 Z A Edition,Абакан,
https://auto.drom.ru/krasnoyarsk/toyota/vellfire/898416780.html,898416780,Тойота Веллфайр,4699000,2018,"бензин, 2.5 л, гибрид",152.0,вариатор,4WD,черный,115 770,,правый,"2 поколение, рестайлинг",Hybrid 2.5 ZR G Edition 4WD,Красноярск,
https://auto.drom.ru/vladivostok/toyota/vellfire/519229858.html,519229858,Тойота Веллфайр,3099000,2014,"бензин, 2.4 л",170.0,вариатор,передний,белый,108 000,,правый,"1 поколение, рестайлинг",2.4 V (8 Seater),Владивосток,
https://auto.drom.ru/komsomolsk/toyota/vellfire/921149575.html,921149575,Тойота Веллфайр,1790000,2010,"бензин, 2.4 л",170.0,вариатор,4WD,белый,220 000,3.0,правый,1 поколение,2.4 Z 4WD (8 Seater),"Комсомольск-на-Амуре, Хабаровский край",
https://auto.drom.ru/stroitel/toyota/vellfire/949250248.html,949250248,Тойота Веллфайр,780000,2008,"бензин, 2.4 л",170.0,вариатор,передний,черный,160 000,2.0,правый,1 поколение,2.4 V (7 Seater),"Строитель, Белгородская область",
https://auto.drom.ru/novosibirsk/toyota/vellfire/435663617.html,435663617,Тойота Веллфайр,1750000,2008,"бензин, 2.4 л",170.0,вариатор,передний,белый,273 581,3.0,правый,1 поколение,,Новосибирск,
https://auto.drom.ru/blagoveshchensk/toyota/vellfire/579902911.html,579902911,Тойота Веллфайр,1999000,2012,"бензин, 2.4 л, гибрид",150.0,вариатор,4WD,белый,200 000,3.0,правый,"1 поколение, рестайлинг",2.4 V L edition 4WD,Благовещенск,
https://auto.drom.ru/nakhodka/toyota/vellfire/858180042.html,858180042,Тойота Веллфайр,3050000,2012,"бензин, 2.4 л, гибрид",150.0,вариатор,4WD,серый,86 000,1.0,правый,"1 поколение, рестайлинг",2.4 ZR Premium seat Edition 4WD,"Находка, Приморский край",
https://auto.drom.ru/volgograd/toyota/vellfire/188390580.html,188390580,Тойота Веллфайр,4500000,2017,"бензин, 2.5 л, гибрид",152.0,вариатор,4WD,белый,76 000,1.0,правый,"2 поколение, рестайлинг",Hybrid 2.5 X 4WD (7 Seater),Волгоград,
https://auto.drom.ru/omsk/toyota/vellfire/819675211.html,819675211,Тойота Веллфайр,5250000,2019,"бензин, 2.5 л, гибрид",152.0,вариатор,4WD,белый,94 000,1.0,правый,"2 поколение, рестайлинг",Hybrid 2.5 ZR G Edition 4WD,Омск,
https://auto.drom.ru/dalnegorsk/toyota/vellfire/743509620.html,743509620,Тойота Веллфайр,850000,2008,"бензин, 3.5 л",280.0,АКПП,4WD,черный,137 777,,правый,1 поколение,3.5 V 4WD (8 Seater),"Дальнегорск, Приморский край",
https://auto.drom.ru/blagoveshchensk/toyota/vellfire/146187117.html,146187117,Тойота Веллфайр,4450000,2019,"бензин, 2.5 л",182.0,вариатор,4WD,бордовый,122 000,2.0,правый,"2 поколение, рестайлинг",2.5 Z G Edition 4WD,Благовещенск,
https://auto.drom.ru/ulagan/toyota/vellfire/762821005.html,762821005,Тойота Веллфайр,365000,2008,"бензин, 2.4 л",170.0,вариатор,4WD,белый,310 000,1.0,правый,1 поколение,2.4 Z 4WD (8 Seater),"Улаган, Республика Алтай",
https://auto.drom.ru/kaluga/toyota/vellfire/906160317.html,906160317,Тойота Веллфайр,2699000,2009,"бензин, 2.4 л",170.0,вариатор,4WD,серебристый,166 000,1.0,правый,1 поколение,2.4 Z platina selection 4WD,Калуга,
https://auto.drom.ru/yuzhno-sakhalinsk/toyota/vellfire/189515402.html,189515402,Тойота Веллфайр,6200000,2018,"бензин, 3.5 л",301.0,АКПП,4WD,белый,75 000,1.0,правый,"2 поколение, рестайлинг",3.5 Executive Lounge 4WD,Южно-Сахалинск,
https://auto.drom.ru/vladivostok/toyota/vellfire/510629808.html,510629808,Тойота Веллфайр,2980000,2015,"бензин, 2.5 л, гибрид",152.0,вариатор,4WD,серебристый,198 000,1.0,правый,2 поколение,Hybrid 2.5 X 4WD,Владивосток,
https://auto.drom.ru/ekaterinburg/toyota/sequoia/667572212.html,667572212,Тойота Секвойя,1250000,2001,"бензин, 4.7 л",240.0,АКПП,4WD,черный,250 000,,левый,1 поколение,4.7 AT Limited,Екатеринбург,
https://auto.drom.ru/moscow/toyota/sequoia/340102557.html,340102557,Тойота Секвойя,14290000,2025,"бензин, 3.4 л, гибрид",437.0,АКПП,4WD,белый,201,1.0,левый,3 поколение,3.4 AT TRD Pro,Москва,
https://auto.drom.ru/biysk/toyota/sequoia/264027669.html,264027669,Тойота Секвойя,1950000,2001,"бензин, 4.7 л, ГБО",240.0,АКПП,4WD,серебристый,396 000,3.0,левый,1 поколение,4.7 AT Limited,"Бийск, Алтайский край",
https://auto.drom.ru/moscow/toyota/sequoia/542478650.html,542478650,Тойота Секвойя,15990000,2026,"бензин, 3.4 л, гибрид",437.0,АКПП,4WD,черный,130,,левый,3 поколение,3.4 AT TRD Pro,,
https://auto.drom.ru/moscow/toyota/sequoia/430619275.html,430619275,Тойота Секвойя,15990000,2026,"бензин, 3.4 л, гибрид",437.0,АКПП,4WD,белый,55,,левый,3 поколение,3.4 AT Platinum,Москва,
https://auto.drom.ru/vladivostok/toyota/sequoia/914755443.html,914755443,Тойота Секвойя,15500000,2023,"бензин, 3.4 л, гибрид",437.0,АКПП,4WD,черный,36 000,1.0,левый,3 поколение,3.4 AT Capstone,Владивосток,
https://auto.drom.ru/moscow/toyota/sequoia/673854954.html,673854954,Тойота Секвойя,15990000,2026,"бензин, 3.4 л, гибрид",437.0,АКПП,4WD,черный,17,,левый,3 поколение,3.4 AT Platinum,,
https://auto.drom.ru/moscow/toyota/sequoia/473743088.html,473743088,Тойота Секвойя,15490000,2026,"бензин, 3.4 л, гибрид",437.0,АКПП,4WD,черный,7,,левый,3 поколение,3.4 AT TRD Pro,,
https://auto.drom.ru/moscow/toyota/sequoia/503222931.html,503222931,Тойота Секвойя,15990000,2026,"бензин, 3.4 л, гибрид",437.0,АКПП,4WD,черный,118,,левый,3 поколение,3.4 AT TRD Pro,,
https://auto.drom.ru/moscow/toyota/sequoia/796851014.html,796851014,Тойота Секвойя,14290000,2025,"бензин, 3.4 л, гибрид",437.0,АКПП,4WD,серый,100,,левый,3 поколение,3.4 AT TRD Pro,Москва,
https://auto.drom.ru/abakan/toyota/sequoia/49480571.html,49480571,Тойота Секвойя,2900000,2001,"бензин, 4.7 л",240.0,АКПП,4WD,серый,250 000,,левый,1 поколение,4.7 AT Limited,Абакан,
https://auto.drom.ru/yakutsk/toyota/sequoia/632911975.html,632911975,Тойота Секвойя,12000000,2023,"бензин, 3.4 л, гибрид",437.0,АКПП,4WD,серый,43 011,1.0,левый,3 поколение,3.4 AT TRD Pro,Якутск,
https://auto.drom.ru/moscow/toyota/sequoia/150624979.html,150624979,Тойота Секвойя,15990000,2026,"бензин, 3.4 л, гибрид",437.0,АКПП,4WD,серый,16,,левый,3 поколение,3.4 AT TRD Pro,,
https://auto.drom.ru/yakutsk/toyota/sequoia/417096213.html,417096213,Тойота Секвойя,4300000,2008,"бензин, 5.7 л",381.0,АКПП,4WD,черный,150 000,,левый,2 поколение,5.7 AT Limited,Якутск,
https://auto.drom.ru/moscow/toyota/sequoia/237035134.html,237035134,Тойота Секвойя,15490000,2026,"бензин, 3.4 л, гибрид",437.0,АКПП,4WD,черный,8,,левый,3 поколение,,,
https://auto.drom.ru/moscow/toyota/sequoia/104043196.html,104043196,Тойота Секвойя,15990000,2026,"бензин, 3.4 л, гибрид",437.0,АКПП,4WD,черный,62,,левый,3 поколение,3.4 AT TRD Pro,,
https://auto.drom.ru/krasnoyarsk/toyota/sequoia/544928907.html,544928907,Тойота Секвойя,12999000,2023,"бензин, 3.4 л, гибрид",437.0,АКПП,4WD,серый,25 000,2.0,левый,3 поколение,3.4 AT TRD Pro,Красноярск,
https://auto.drom.ru/moscow/toyota/sequoia/188511571.html,188511571,Тойота Секвойя,15990000,2026,"бензин, 3.4 л, гибрид",437.0,АКПП,4WD,голубой,5,,левый,3 поколение,3.4 AT TRD Pro,,
https://auto.drom.ru/moscow/toyota/sequoia/646386941.html,646386941,Тойота Секвойя,15490000,2026,"бензин, 3.4 л, гибрид",437.0,АКПП,4WD,черный,12,,левый,3 поколение,3.4 AT Platinum,,
https://auto.drom.ru/spb/toyota/sequoia/222209608.html,222209608,Тойота Секвойя,3100000,2011,"бензин, 5.7 л",381.0,АКПП,4WD,черный,220 000,2.0,левый,2 поколение,5.7 АТ Platinum,Санкт-Петербург,
https://auto.drom.ru/kurgan/toyota/tundra/856636494.html,856636494,Тойота Тундра,3900000,2009,"бензин, 5.7 л, ГБО",381.0,АКПП,4WD,черный,169 197,2.0,левый,2 поколение,,Курган,
https://auto.drom.ru/vilyuchinsk/toyota/tundra/319498628.html,319498628,Тойота Тундра,5000000,2007,"бензин, 5.7 л",381.0,АКПП,4WD,серый,192 000,,левый,2 поколение,5.7 AT 4x4 Double Cab,"Вилючинск, Камчатский край",
https://auto.drom.ru/surgut/toyota/tundra/463382369.html,463382369,Тойота Тундра,3850000,2012,"бензин, 5.7 л, ГБО",381.0,АКПП,4WD,серый,127 000,2.0,левый,"2 поколение, рестайлинг",5.7 AT 4x4 Crew Max Platinum,"Сургут, Ханты-Мансийский автономный округ",
https://auto.drom.ru/novosibirsk/toyota/tundra/166929664.html,166929664,Тойота Тундра,2600000,2007,"бензин, 5.7 л, ГБО",381.0,АКПП,4WD,зеленый,88 000,3.0,левый,2 поколение,5.7 AT 4x4 Double Cab SR5,Новосибирск,
https://auto.drom.ru/korolev/toyota/tundra/737285608.html,737285608,Тойота Тундра,8500000,2021,"бензин, 5.7 л",381.0,АКПП,4WD,зеленый,92 000,1.0,левый,"2 поколение, 2 рестайлинг",5.7 AT 4x4 Crew Max Limited,"Королёв, Московская область",
https://auto.drom.ru/ussuriisk/toyota/tundra/381027466.html,381027466,Тойота Тундра,9500000,2020,"бензин, 5.7 л",381.0,АКПП,4WD,бежевый,50 000,2.0,левый,"2 поколение, 2 рестайлинг",5.7 AT 4x4 Crew Max SR5,"Уссурийск, Приморский край",
https://auto.drom.ru/abakan/toyota/tundra/684473914.html,684473914,Тойота Тундра,7800000,2022,"бензин, 3.4 л",389.0,АКПП,4WD,белый,30 000,1.0,левый,3 поколение,3.4 AT 4x4 Crew Max Standard Bed 1794 Edition,Абакан,
https://auto.drom.ru/gorno-altaysk/toyota/tundra/644010629.html,644010629,Тойота Тундра,2300000,2005,"бензин, 4.7 л, ГБО",240.0,автомат,4WD,золотистый,150 000,3.0,левый,"1 поколение, рестайлинг",,Горно-Алтайск,
https://auto.drom.ru/moscow/toyota/tundra/808549303.html,808549303,Тойота Тундра,4699000,2015,"бензин, 5.7 л",381.0,АКПП,4WD,черный,396 000,1.0,левый,"2 поколение, 2 рестайлинг",5.7 AT 4x4 Crew Max TRD Pro,Москва,
https://auto.drom.ru/moscow/toyota/tundra/620141794.html,620141794,Тойота Тундра,6955000,2023,"бензин, 3.4 л",389.0,АКПП,4WD,черный,28 000,1.0,левый,3 поколение,,Москва,
https://auto.drom.ru/belogorsk/toyota/tundra/463289685.html,463289685,Тойота Тундра,9990000,2022,"бензин, 3.4 л",348.0,АКПП,4WD,серебристый,9 000,2.0,левый,3 поколение,3.4 AT 4x4 Double Cab Long Bed SR,"Белогорск, Амурская область",
https://auto.drom.ru/bratsk/toyota/tundra/242974665.html,242974665,Тойота Тундра,2620000,2007,"бензин, 5.7 л",381.0,АКПП,4WD,серый,203 000,1.0,левый,2 поколение,5.7 AT 4x4 Crew Max SR5,"Братск, Иркутская область",
https://auto.drom.ru/tomsk/toyota/tundra/110682768.html,110682768,Тойота Тундра,3300000,2008,"бензин, 5.7 л",381.0,АКПП,4WD,серый,113 679,1.0,левый,2 поколение,5.7 AT 4x4 Crew Max,Томск,
https://auto.drom.ru/novosibirsk/toyota/tundra/49592063.html,49592063,Тойота Тундра,2790000,2009,"бензин, 5.7 л",381.0,АКПП,4WD,черный,150 000,,левый,"2 поколение, рестайлинг",5.7 AT 4x4 Double Cab,Новосибирск,
https://auto.drom.ru/omsk/toyota/tundra/523393353.html,523393353,Тойота Тундра,2590000,2007,"бензин, 5.7 л, ГБО",381.0,АКПП,4WD,синий,298 000,,левый,2 поколение,5.7 AT 4x4 Double Cab SR5,Омск,
https://auto.drom.ru/yakutsk/toyota/tundra/865013477.html,865013477,Тойота Тундра,2750000,2007,"бензин, 5.7 л, ГБО",381.0,АКПП,4WD,серый,250 000,3.0,левый,2 поколение,5.7 AT 4x4 Double Cab SR5,Якутск,
https://auto.drom.ru/krasnodar/toyota/tundra/863063088.html,863063088,Тойота Тундра,8630000,2023,"бензин, 3.4 л",389.0,АКПП,4WD,белый,18 371,1.0,левый,3 поколение,,Краснодар,
https://auto.drom.ru/telma/toyota/tundra/738442875.html,738442875,Тойота Тундра,2999990,2008,"бензин, 5.7 л",381.0,АКПП,4WD,зеленый,100 000,3.0,левый,2 поколение,,"Тельма, Иркутская область",
https://auto.drom.ru/novosibirsk/toyota/tundra/697979795.html,697979795,Тойота Тундра,5000000,2010,"бензин, 5.7 л, ГБО",381.0,АКПП,4WD,белый,115 000,3.0,левый,"2 поколение, рестайлинг",,Новосибирск,
https://auto.drom.ru/simferopol/toyota/fortuner/695362085.html,695362085,Тойота Фортунер,2590000,2007,"бензин, 4.0 л, ГБО",230.0,автомат,4WD,серебристый,345 000,1.0,левый,1 поколение,,Симферополь,
https://auto.drom.ru/bolsheustikinskoe/toyota/fortuner/510282070.html,510282070,Тойота Фортунер,3500000,2017,"дизель, 2.8 л",177.0,АКПП,4WD,белый,180 000,1.0,левый,2 поколение,2.8 AT Престиж,"Большеустьикинское, Республика Башкортостан",
https://auto.drom.ru/troitskoe-barnaul/toyota/fortuner/817585136.html,817585136,Тойота Фортунер,4250000,2021,"дизель, 2.4 л",147.0,АКПП,4WD,белый,98 300,1.0,левый,"2 поколение, рестайлинг",2.4 AT GX2,"Троицкое, Алтайский край",
https://auto.drom.ru/tomsk/toyota/fortuner/947271964.html,947271964,Тойота Фортунер,2200000,2007,"бензин, 2.7 л",160.0,АКПП,4WD,белый,338 000,,левый,1 поколение,2.7 AT 4WD,Томск,
https://auto.drom.ru/novokuznetsk/toyota/fortuner/282714659.html,282714659,Тойота Фортунер,3400000,2018,"дизель, 2.8 л",177.0,АКПП,4WD,белый,190 000,2.0,левый,2 поколение,2.8 AT Престиж,"Новокузнецк, Кемеровская область",
https://auto.drom.ru/irkutsk/toyota/fortuner/877205003.html,877205003,Тойота Фортунер,3280000,2018,"дизель, 2.8 л",177.0,АКПП,4WD,белый,182 000,3.0,левый,2 поколение,2.8 AT Престиж,Иркутск,
https://auto.drom.ru/sharypovo/toyota/fortuner/147486051.html,147486051,Тойота Фортунер,3998000,2018,"бензин, 2.7 л",166.0,АКПП,4WD,коричневый,72 000,2.0,левый,2 поколение,2.7 AT Комфорт,"Шарыпово, Красноярский край",
https://auto.drom.ru/penza/toyota/fortuner/736925983.html,736925983,Тойота Фортунер,3680000,2017,"дизель, 2.8 л",177.0,АКПП,4WD,черный,145 000,2.0,левый,2 поколение,2.8 AT Элеганс,Пенза,
https://auto.drom.ru/perm/toyota/fortuner/101436571.html,101436571,Тойота Фортунер,1300000,2006,"бензин, 2.7 л",160.0,АКПП,4WD,черный,304 134,,левый,1 поколение,2.7 AT 4WD,Пермь,
https://auto.drom.ru/tynda/toyota/fortuner/368290694.html,368290694,Тойота Фортунер,4900000,2020,"бензин, 2.7 л",166.0,АКПП,4WD,черный,24 000,1.0,левый,2 поколение,2.7 AT Комфорт,"Тында, Амурская область",
https://auto.drom.ru/irkutsk/toyota/fortuner/859690399.html,859690399,Тойота Фортунер,3990000,2020,"бензин, 2.7 л",166.0,АКПП,4WD,белый,87 000,2.0,левый,2 поколение,2.7 AT Комфорт,Иркутск,
https://auto.drom.ru/vladivostok/toyota/fortuner/567922432.html,567922432,Тойота Фортунер,2499000,2012,"бензин, 2.7 л",160.0,АКПП,4WD,черный,195 701,1.0,левый,"1 поколение, 2 рестайлинг",2.7 AT 4WD,Владивосток,
https://auto.drom.ru/kirov/toyota/fortuner/602165202.html,602165202,Тойота Фортунер,2800000,2020,"бензин, 2.7 л",166.0,АКПП,4WD,черный,97 000,2.0,левый,2 поколение,2.7 AT Комфорт,Киров,
https://auto.drom.ru/anapa/toyota/fortuner/634968334.html,634968334,Тойота Фортунер,2350000,2010,"бензин, 2.7 л, ГБО",160.0,АКПП,4WD,серый,139 000,2.0,левый,"1 поколение, рестайлинг",2.7 AT 4WD,"Анапа, Краснодарский край",
https://auto.drom.ru/novocheboksarsk/toyota/fortuner/734660256.html,734660256,Тойота Фортунер,3450000,2014,"бензин, 2.7 л",160.0,АКПП,4WD,серый,74 000,1.0,левый,"1 поколение, 2 рестайлинг",2.7 AT 4WD,"Новочебоксарск, Чувашская Республика",
https://auto.drom.ru/yakutsk/toyota/fortuner/582306208.html,582306208,Тойота Фортунер,3650000,2018,"дизель, 2.8 л",177.0,АКПП,4WD,белый,100 700,1.0,левый,2 поколение,2.8 AT Престиж,Якутск,
https://auto.drom.ru/irkutsk/toyota/fortuner/531384127.html,531384127,Тойота Фортунер,3450000,2021,"бензин, 2.7 л",166.0,АКПП,4WD,серебристый,185 000,1.0,левый,"2 поколение, рестайлинг",2.7 AT Комфорт,Иркутск,
https://auto.drom.ru/murmansk/toyota/fortuner/935303575.html,935303575,Тойота Фортунер,3389000,2018,"дизель, 2.8 л",177.0,АКПП,4WD,черный,99 767,3.0,левый,2 поколение,2.8 AT Престиж,Мурманск,
https://auto.drom.ru/vladivostok/toyota/fortuner/834288802.html,834288802,Тойота Фортунер,4300000,2021,"дизель, 2.4 л",150.0,АКПП,4WD,черный,41 300,,правый,"2 поколение, рестайлинг",Legender 2.4 AT,Владивосток,
https://auto.drom.ru/vladivostok/toyota/fortuner/373837536.html,373837536,Тойота Фортунер,3333333,2017,"дизель, 2.8 л",177.0,АКПП,4WD,черный,220 000,2.0,левый,2 поколение,,Владивосток,
https://auto.drom.ru/omsk/mazda/mazda3/123840513.html,123840513,Мазда Мазда 3,515000,2006,"бензин, 1.6 л",105.0,АКПП,передний,черный,288 000,,левый,"1 поколение, рестайлинг",1.6 AT Base,Омск,
https://auto.drom.ru/barnaul/mazda/mazda3/731296397.html,731296397,Мазда Мазда 3,380000,2005,"бензин, 1.6 л",105.0,АКПП,передний,серебристый,317 495,,левый,1 поколение,,Барнаул,
https://auto.drom.ru/surgut/mazda/mazda3/444725161.html,444725161,Мазда Мазда 3,1219000,2013,"бензин, 1.6 л",104.0,АКПП,передний,белый,163 966,,левый,3 поколение,,"Сургут, Ханты-Мансийский автономный округ",
https://auto.drom.ru/togliatti/mazda/mazda3/264744735.html,264744735,Мазда Мазда 3,750000,2006,"бензин, 1.6 л",105.0,АКПП,передний,серый,260 000,1.0,левый,"1 поколение, рестайлинг",1.6 AT Touring,"Тольятти, Самарская область",
https://auto.drom.ru/krasnoyarsk/mazda/mazda3/399185286.html,399185286,Мазда Мазда 3,1789000,2020,"бензин, 1.5 л",111.0,АКПП,передний,черный,53 259,1.0,правый,4 поколение,1.5 15S Touring,Красноярск,
https://auto.drom.ru/krasnodar/mazda/mazda3/905170235.html,905170235,Мазда Мазда 3,650000,2006,"бензин, 1.6 л",105.0,АКПП,передний,серый,336 775,,левый,"1 поколение, рестайлинг",1.6 AT Active,Краснодар,
https://auto.drom.ru/sredniy/mazda/mazda3/213028930.html,213028930,Мазда Мазда 3,999999,2010,"бензин, 1.6 л, ГБО",105.0,АКПП,передний,голубой,194 000,3.0,левый,2 поколение,1.6 AT Touring+,"Средний, Иркутская область",
https://auto.drom.ru/naberezhnye-chelny/mazda/mazda3/366004745.html,366004745,Мазда Мазда 3,450000,2008,"бензин, 1.6 л",105.0,АКПП,передний,черный,192 000,,левый,"1 поколение, рестайлинг",,"Набережные Челны, Республика Татарстан",
https://auto.drom.ru/novosibirsk/mazda/mazda3/376041431.html,376041431,Мазда Мазда 3,450000,2008,"бензин, 1.6 л",105.0,АКПП,передний,черный,230 000,1.0,левый,"1 поколение, рестайлинг",,Новосибирск,
https://auto.drom.ru/surgut/mazda/mazda3/545204737.html,545204737,Мазда Мазда 3,800000,2008,"бензин, 1.6 л",105.0,механика,передний,красный,98 716,,левый,"1 поколение, рестайлинг",,"Сургут, Ханты-Мансийский автономный округ",
https://auto.drom.ru/kurgan/mazda/mazda3/757757721.html,757757721,Мазда Мазда 3,329000,2007,"бензин, 1.6 л",105.0,механика,передний,черный,348 000,,левый,"1 поколение, рестайлинг",1.6 MT Active Plus,Курган,
https://auto.drom.ru/novosibirsk/mazda/mazda3/271318797.html,271318797,Мазда Мазда 3,545000,2008,"бензин, 1.6 л",105.0,АКПП,передний,голубой,168 000,3.0,левый,"1 поколение, рестайлинг",1.6 AT Flash Edition,Новосибирск,
https://auto.drom.ru/anapa/mazda/mazda3/860589378.html,860589378,Мазда Мазда 3,1395000,2023,"бензин, 1.5 л",111.0,АКПП,передний,серебристый,92 000,,правый,4 поколение,1.5 15S,,
https://auto.drom.ru/pavlovskaya/mazda/mazda3/467621613.html,467621613,Мазда Мазда 3,1770000,2018,"бензин, 1.5 л",120.0,АКПП,передний,белый,89 750,2.0,левый,"3 поколение, рестайлинг",,"Павловская, Краснодарский край",
https://auto.drom.ru/barnaul/mazda/mazda3/521659371.html,521659371,Мазда Мазда 3,495000,2007,"бензин, 1.6 л",105.0,АКПП,передний,синий,200 000,,левый,"1 поколение, рестайлинг",1.6 AT Flash Edition,Барнаул,
https://auto.drom.ru/kemerovo/mazda/mazda3/426788461.html,426788461,Мазда Мазда 3,779999,2011,"бензин, 1.6 л",105.0,АКПП,передний,черный,261 045,,левый,2 поколение,,Кемерово,
https://auto.drom.ru/krasnoyarsk/mazda/mazda3/225931606.html,225931606,Мазда Мазда 3,850000,2011,"бензин, 1.6 л",105.0,АКПП,передний,белый,155 856,3.0,левый,2 поколение,,Красноярск,
https://auto.drom.ru/kamensk-uralskiy/mazda/mazda3/672085501.html,672085501,Мазда Мазда 3,345000,2007,"бензин, 1.6 л",105.0,механика,передний,серебристый,193 046,,левый,"1 поколение, рестайлинг",1.6 MT Touring,"Каменск-Уральский, Свердловская область",
https://auto.drom.ru/omsk/mazda/mazda3/696964053.html,696964053,Мазда Мазда 3,650000,2006,"бензин, 1.6 л",105.0,АКПП,передний,красный,205 000,2.0,левый,"1 поколение, рестайлинг",1.6 AT Active,Омск,
https://auto.drom.ru/votkinsk/mazda/mazda3/141147322.html,141147322,Мазда Мазда 3,870000,2011,"бензин, 1.6 л",105.0,АКПП,передний,серебристый,225 000,,левый,2 поколение,1.6 AT Touring,"Воткинск, Удмуртская Республика",
https://auto.drom.ru/angarsk/mazda/mazda3/269074434.html,269074434,Мазда Мазда 3,1880000,2021,"дизель, 1.8 л",130.0,АКПП,4WD,черный,96 000,1.0,правый,4 поколение,1.8 XD L Package 4WD,"Ангарск, Иркутская область",
https://auto.drom.ru/krasnoyarsk/mazda/mazda3/797226967.html,797226967,Мазда Мазда 3,1160000,2013,"бензин, 1.6 л",104.0,АКПП,передний,серый,221 560,2.0,левый,3 поколение,1.6 AT Active+,Красноярск,
https://auto.drom.ru/ekaterinburg/mazda/mazda3/605282598.html,605282598,Мазда Мазда 3,590000,2010,"бензин, 1.6 л",105.0,АКПП,передний,черный,332 500,2.0,левый,2 поколение,1.6 AT Touring,Екатеринбург,
https://auto.drom.ru/kurgan/mazda/mazda6/544058204.html,544058204,Мазда Мазда 6,1550000,2013,"бензин, 2.5 л",192.0,АКПП,передний,черный,187 526,3.0,левый,3 поколение,2.5 AT Supreme,Курган,
https://auto.drom.ru/srostki/mazda/mazda6/208936894.html,208936894,Мазда Мазда 6,350000,2003,"бензин, 2.0 л",121.0,АКПП,передний,серый,120 000,,левый,1 поколение,,"Сростки, Алтайский край",
https://auto.drom.ru/krasnoyarsk/mazda/mazda6/484429202.html,484429202,Мазда Мазда 6,999000,2008,"бензин, 2.0 л",147.0,АКПП,передний,черный,165 000,2.0,левый,2 поколение,,Красноярск,
https://auto.drom.ru/chelyabinsk/mazda/mazda6/235795387.html,235795387,Мазда Мазда 6,660000,2020,"бензин, 2.0 л",150.0,АКПП,передний,белый,97 214,2.0,левый,"3 поколение, 2 рестайлинг",2.0 AT Active,Челябинск,
https://auto.drom.ru/desnogorsk/mazda/mazda6/551236401.html,551236401,Мазда Мазда 6,330000,2007,"бензин, 2.0 л",147.0,механика,передний,красный,185 000,3.0,левый,"1 поколение, рестайлинг",2.0 MT Active,"Десногорск, Смоленская область",
https://auto.drom.ru/krasnoyarsk/mazda/mazda6/717273755.html,717273755,Мазда Мазда 6,1120000,2010,"бензин, 2.0 л",147.0,АКПП,передний,белый,165 000,,левый,"2 поколение, рестайлинг",2.0 AT Sport,Красноярск,
https://auto.drom.ru/krasnodar/mazda/mazda6/540133068.html,540133068,Мазда Мазда 6,1730000,2017,"бензин, 2.0 л",150.0,АКПП,передний,красный,156 000,2.0,левый,"3 поколение, рестайлинг",2.0 AT Active,Краснодар,
https://auto.drom.ru/novokuznetsk/mazda/mazda6/841417056.html,841417056,Мазда Мазда 6,458000,2004,"бензин, 2.0 л",141.0,механика,передний,черный,231 000,,левый,1 поколение,2.0 MT Elegance +,"Новокузнецк, Кемеровская область",
https://auto.drom.ru/ulan-ude/mazda/mazda6/576075104.html,576075104,Мазда Мазда 6,323000,2006,"бензин, 1.8 л",120.0,механика,передний,серебристый,360 000,3.0,левый,"1 поколение, рестайлинг",1.8 MT Exclusive,Улан-Удэ,
https://auto.drom.ru/tyumen/mazda/mazda6/109072328.html,109072328,Мазда Мазда 6,650000,2008,"бензин, 2.0 л",147.0,АКПП,передний,серый,320 000,,левый,2 поколение,2.0 AT Dynamic,Тюмень,
https://auto.drom.ru/surgut/mazda/mazda6/149836886.html,149836886,Мазда Мазда 6,515000,2006,"бензин, 2.0 л",147.0,АКПП,передний,серый,270 000,3.0,левый,"1 поколение, рестайлинг",2.0 AT Touring,"Сургут, Ханты-Мансийский автономный округ",
https://auto.drom.ru/ekaterinburg/mazda/mazda6/142086948.html,142086948,Мазда Мазда 6,333000,2004,"бензин, 2.0 л",141.0,АКПП,передний,бежевый,245 549,,левый,1 поколение,,Екатеринбург,
https://auto.drom.ru/krasnoyarsk/mazda/mazda6/437134931.html,437134931,Мазда Мазда 6,2350000,2020,"бензин, 2.0 л",150.0,АКПП,передний,черный,121 500,3.0,левый,"3 поколение, 2 рестайлинг",2.0 AT Supreme Plus (пакет 2),Красноярск,
https://auto.drom.ru/biysk/mazda/mazda6/227754501.html,227754501,Мазда Мазда 6,780000,2008,"бензин, 2.0 л",147.0,механика,передний,черный,168 212,,левый,2 поколение,,"Бийск, Алтайский край",
https://auto.drom.ru/krasnoyarsk/mazda/mazda6/692375729.html,692375729,Мазда Мазда 6,937000,2008,"бензин, 2.0 л",147.0,АКПП,передний,черный,259 000,,левый,2 поколение,,Красноярск,
https://auto.drom.ru/osinniki/mazda/mazda6/570250953.html,570250953,Мазда Мазда 6,550000,2005,"бензин, 2.0 л",147.0,АКПП,передний,бордовый,250 000,,левый,"1 поколение, рестайлинг",,"Осинники, Кемеровская область",
https://auto.drom.ru/abakan/mazda/mazda6/482757798.html,482757798,Мазда Мазда 6,1628000,2014,"бензин, 2.5 л",192.0,АКПП,передний,серый,58 000,2.0,левый,3 поколение,2.5 AT Supreme,Абакан,
https://auto.drom.ru/sevastopol/mazda/mazda6/499905645.html,499905645,Мазда Мазда 6,1650000,2014,"бензин, 2.0 л",150.0,АКПП,передний,белый,128 300,3.0,левый,3 поколение,2.0 AT Supreme,"Севастополь, Республика Крым",
https://auto.drom.ru/voronezh/mazda/mazda6/297902196.html,297902196,Мазда Мазда 6,155000,2004,"бензин, 2.0 л",141.0,АКПП,передний,серый,350 000,,левый,1 поколение,2.0 AT Comfort,Воронеж,
https://auto.drom.ru/verh-neyvinskiy/mazda/mazda6/907525372.html,907525372,Мазда Мазда 6,700000,2008,"бензин, 2.5 л",170.0,механика,передний,красный,350 000,,левый,2 поколение,2.5 MT Sport,"Верх-Нейвинский, Свердловская область",
https://auto.drom.ru/krasnodar/mazda/mazda6/724823940.html,724823940,Мазда Мазда 6,999000,2010,"бензин, 2.0 л",147.0,АКПП,передний,белый,135 750,1.0,левый,"2 поколение, рестайлинг",,Краснодар,
https://auto.drom.ru/moscow/honda/civic/906705371.html,906705371,Хонда Цивик,625000,2008,"бензин, 1.8 л",140.0,автомат,передний,оранжевый,237 652,,левый,,,Москва,
https://auto.drom.ru/novosibirsk/honda/civic/876521035.html,876521035,Хонда Цивик,275000,2001,"бензин, 1.5 л",105.0,вариатор,передний,серый,165 000,2.0,правый,7 поколение,"1.5 ""Car of the Year"" award commemoration",Новосибирск,
https://auto.drom.ru/novosibirsk/honda/civic/851283741.html,851283741,Хонда Цивик,90000,1994,"бензин, 1.3 л",85.0,механика,передний,серый,300 000,,правый,5 поколение,1.3 EL,Новосибирск,
https://auto.drom.ru/tyumen/honda/civic/760346483.html,760346483,Хонда Цивик,610000,2009,"бензин, 1.3 л, гибрид",95.0,вариатор,передний,черный,263 000,3.0,левый,"8 поколение, рестайлинг",,Тюмень,
https://auto.drom.ru/svobodniy/honda/civic/111867623.html,111867623,Хонда Цивик,2000000,2017,"бензин, 1.5 л",182.0,вариатор,передний,черный,96 000,2.0,правый,10 поколение,1.5,"Свободный, Амурская область",
https://auto.drom.ru/yurga/honda/civic/944371623.html,944371623,Хонда Цивик,800000,2008,"бензин, 1.8 л",140.0,АКПП,передний,черный,294 000,3.0,левый,8 поколение,1.8 AT Luxury,"Юрга, Кемеровская область",
https://auto.drom.ru/novosibirsk/honda/civic/932407487.html,932407487,Хонда Цивик,330000,2001,"бензин, 1.5 л",115.0,АКПП,передний,серый,400 000,1.0,правый,7 поколение,,Новосибирск,
https://auto.drom.ru/tyumen/honda/civic/585066978.html,585066978,Хонда Цивик,450000,2008,"бензин, 1.8 л",140.0,механика,передний,черный,175 000,,левый,8 поколение,1.8 MT Classic,Тюмень,
https://auto.drom.ru/omsk/honda/civic/891309087.html,891309087,Хонда Цивик,779000,2009,"бензин, 1.8 л",140.0,АКПП,передний,белый,184 500,,левый,8 поколение,,Омск,
https://auto.drom.ru/novosibirsk/honda/civic/724178805.html,724178805,Хонда Цивик,235000,2002,"бензин, 1.3 л, гибрид",86.0,вариатор,передний,синий,150 000,3.0,правый,7 поколение,1.3,Новосибирск,
https://auto.drom.ru/omsk/honda/civic/376970461.html,376970461,Хонда Цивик,325000,2003,"бензин, 1.6 л",110.0,АКПП,передний,бежевый,249 000,3.0,левый,7 поколение,1.6i AT ES,Омск,
https://auto.drom.ru/samara/honda/civic/532438502.html,532438502,Хонда Цивик,470000,2007,"бензин, 1.8 л",140.0,механика,передний,золотистый,175 000,2.0,левый,8 поколение,,Самара,
https://auto.drom.ru/armyansk/honda/civic/628347882.html,628347882,Хонда Цивик,270000,1997,"бензин, 1.4 л",90.0,механика,передний,зеленый,377 770,,левый,6 поколение,1.4i MT,"Армянск, Республика Крым",
https://auto.drom.ru/ekaterinburg/honda/civic/482267904.html,482267904,Хонда Цивик,520000,2008,"бензин, 1.8 л",140.0,механика,передний,черный,320 000,3.0,левый,8 поколение,1.8 MT LX,Екатеринбург,
https://auto.drom.ru/leninsk-kuznetskiy/honda/civic/339481790.html,339481790,Хонда Цивик,307000,2002,"бензин, 1.7 л",127.0,АКПП,передний,черный,400,,левый,7 поколение,1.7 AT EX,"Ленинск-Кузнецкий, Кемеровская область",
https://auto.drom.ru/tayga/honda/civic/126151455.html,126151455,Хонда Цивик,849000,2009,"бензин, 1.8 л",140.0,АКПП,передний,серебристый,297 000,,левый,"8 поколение, рестайлинг",1.8 AT Executive,"Тайга, Кемеровская область",
https://auto.drom.ru/askiz/honda/civic/602245657.html,602245657,Хонда Цивик,180000,2000,"бензин, 1.5 л",105.0,вариатор,передний,серый,518 000,,правый,7 поколение,1.5 IE,"Аскиз, Республика Хакасия",
https://auto.drom.ru/homutovo-irk/honda/civic/469291303.html,469291303,Хонда Цивик,315000,2001,"бензин, 1.7 л",130.0,вариатор,передний,серый,246 600,3.0,правый,7 поколение,1.7 CVT VTi-S,"Хомутово, Иркутская область",
https://auto.drom.ru/vladivostok/honda/civic/398739791.html,398739791,Хонда Цивик,1700000,2020,"бензин, 1.5 л",182.0,механика,передний,черный,70 000,1.0,правый,"10 поколение, рестайлинг",1.5,Владивосток,
https://auto.drom.ru/yurga/honda/civic/378610207.html,378610207,Хонда Цивик,300000,2002,"бензин, 1.5 л",115.0,АКПП,4WD,серый,258 421,,правый,7 поколение,,"Юрга, Кемеровская область",
https://auto.drom.ru/kazan/honda/civic/599681331.html,599681331,Хонда Цивик,380000,2003,"бензин, 1.6 л",110.0,АКПП,передний,серебристый,198 158,,левый,7 поколение,,Казань,
https://auto.drom.ru/barnaul/honda/accord/802070450.html,802070450,Хонда Аккорд,1000000,2008,"бензин, 2.4 л",201.0,АКПП,передний,серый,255 000,,левый,8 поколение,2.4 AT Executive,Барнаул,
https://auto.drom.ru/krasnoyarsk/honda/accord/390115300.html,390115300,Хонда Аккорд,870000,2007,"бензин, 2.0 л",155.0,АКПП,передний,коричневый,290 000,,левый,"7 поколение, рестайлинг",2.0 AT Sport,Красноярск,
https://auto.drom.ru/tomsk/honda/accord/922691096.html,922691096,Хонда Аккорд,800000,1999,"бензин, 2.0 л",200.0,механика,передний,черный,320 000,,правый,6 поколение,2.0 SiR-T,Томск,
https://auto.drom.ru/novosibirsk/honda/accord/245073258.html,245073258,Хонда Аккорд,1200000,2012,"бензин, 2.0 л",156.0,механика,передний,черный,210 000,3.0,левый,"8 поколение, рестайлинг",2.0 MT Comfort,Новосибирск,
https://auto.drom.ru/spb/honda/accord/370289327.html,370289327,Хонда Аккорд,1100000,2008,"бензин, 2.4 л",201.0,АКПП,передний,синий,209 151,2.0,левый,8 поколение,2.4 AT Executive,Санкт-Петербург,
https://auto.drom.ru/kemerovo/honda/accord/139918468.html,139918468,Хонда Аккорд,170000,2000,"бензин, 2.3 л",150.0,АКПП,передний,серебристый,250 000,,левый,6 поколение,,Кемерово,
https://auto.drom.ru/krasnoyarsk/honda/accord/860549080.html,860549080,Хонда Аккорд,1150000,2008,"бензин, 2.4 л",201.0,АКПП,передний,черный,263 000,,левый,8 поколение,2.4 AT Type-S,Красноярск,
https://auto.drom.ru/novosibirsk/honda/accord/843552276.html,843552276,Хонда Аккорд,949000,2007,"бензин, 2.4 л",190.0,АКПП,передний,серый,197 200,,левый,"7 поколение, рестайлинг",,Новосибирск,
https://auto.drom.ru/vladivostok/honda/accord/638494083.html,638494083,Хонда Аккорд,2500000,2020,"бензин, 2.0 л, гибрид",145.0,вариатор,передний,белый,170 000,1.0,правый,10 поколение,2.0 e:HEV EX,Владивосток,
https://auto.drom.ru/barnaul/honda/accord/845774977.html,845774977,Хонда Аккорд,465000,2003,"бензин, 2.4 л",190.0,АКПП,4WD,серебристый,150 000,2.0,правый,7 поколение,2.4 Wagon 24T Sports package,Барнаул,
https://auto.drom.ru/chita/honda/accord/488503364.html,488503364,Хонда Аккорд,415000,1999,"бензин, 2.0 л",180.0,АКПП,передний,серый,200 000,,правый,6 поколение,2.0 SiR S package,Чита,
https://auto.drom.ru/spb/honda/accord/227684097.html,227684097,Хонда Аккорд,1150000,2012,"бензин, 2.4 л",200.0,АКПП,передний,черный,256 200,,левый,"8 поколение, рестайлинг",2.4 AT Type-S,Санкт-Петербург,
https://auto.drom.ru/talmenka/honda/accord/266701143.html,266701143,Хонда Аккорд,900000,2007,"бензин, 2.4 л",190.0,АКПП,передний,коричневый,285 000,3.0,левый,"7 поколение, рестайлинг",2.4 AT Executive,"Тальменка, Алтайский край",
https://auto.drom.ru/tambovka/honda/accord/417048548.html,417048548,Хонда Аккорд,560000,2003,"бензин, 2.0 л",155.0,АКПП,передний,белый,260 000,3.0,правый,7 поколение,,"Тамбовка, Амурская область",
https://auto.drom.ru/irkutsk/honda/accord/200843955.html,200843955,Хонда Аккорд,990000,2008,"бензин, 2.4 л",201.0,АКПП,передний,черный,360 000,3.0,левый,8 поколение,2.4 AT Type-S,Иркутск,
https://auto.drom.ru/irkutsk/honda/accord/749892113.html,749892113,Хонда Аккорд,910000,2000,"бензин, 2.2 л",220.0,механика,передний,белый,131 269,,правый,"6 поколение, рестайлинг",2.2 Euro R,Иркутск,
https://auto.drom.ru/chita/honda/accord/227161637.html,227161637,Хонда Аккорд,1480000,2013,"бензин, 2.4 л",180.0,АКПП,передний,белый,175 386,,левый,9 поколение,2.4 AT Executive,Чита,
https://auto.drom.ru/gorno-altaysk/honda/accord/403977479.html,403977479,Хонда Аккорд,595000,2003,"бензин, 2.0 л",152.0,АКПП,4WD,серый,216 600,,правый,7 поколение,2.0 20EL,Горно-Алтайск,
https://auto.drom.ru/ulan-ude/honda/accord/243292841.html,243292841,Хонда Аккорд,1110000,2010,"бензин, 2.4 л",201.0,АКПП,передний,черный,170 000,1.0,левый,8 поколение,2.4 AT Executive,Улан-Удэ,
https://auto.drom.ru/barnaul/honda/accord/489586277.html,489586277,Хонда Аккорд,380000,2000,"бензин, 2.0 л",150.0,АКПП,передний,серебристый,250 000,,правый,"6 поколение, рестайлинг",2.0 VTS,Барнаул,
https://auto.drom.ru/abakan/honda/accord/890321549.html,890321549,Хонда Аккорд,600000,2008,"бензин, 2.4 л",190.0,АКПП,передний,черный,222 000,,левый,"7 поколение, рестайлинг",2.4 AT Executive,Абакан,
https://auto.drom.ru/moscow/honda/pilot/356049568.html,356049568,Хонда Пилот,2199000,2012,"бензин, 3.5 л",249.0,АКПП,4WD,белый,119 800,2.0,левый,"2 поколение, рестайлинг",3.5 AT Executive,Москва,
https://auto.drom.ru/abakan/honda/pilot/367469632.html,367469632,Хонда Пилот,1950000,2012,"бензин, 3.5 л",250.0,АКПП,4WD,серый,299 000,2.0,левый,"2 поколение, рестайлинг",3.5 AT 4WD EX-L w/Navigation,Абакан,
https://auto.drom.ru/krasnoyarsk/honda/pilot/746708146.html,746708146,Хонда Пилот,1560000,2008,"бензин, 3.5 л",257.0,АКПП,4WD,черный,257 640,,левый,2 поколение,3.5 AT Executive,Красноярск,
https://auto.drom.ru/novosibirsk/honda/pilot/294117705.html,294117705,Хонда Пилот,1490000,2008,"бензин, 3.5 л, ГБО",257.0,АКПП,4WD,серебристый,229 000,,левый,2 поколение,3.5 AT Executive,Новосибирск,
https://auto.drom.ru/karasuk/honda/pilot/716511801.html,716511801,Хонда Пилот,1800000,2012,"бензин, 3.5 л",249.0,АКПП,4WD,белый,290 000,,левый,"2 поколение, рестайлинг",3.5 AT Elegance,"Карасук, Новосибирская область",
https://auto.drom.ru/abakan/honda/pilot/774556110.html,774556110,Хонда Пилот,1500000,2008,"бензин, 3.5 л",257.0,АКПП,4WD,серый,336 000,,левый,2 поколение,3.5 AT Elegance,Абакан,
https://auto.drom.ru/omsk/honda/pilot/413528355.html,413528355,Хонда Пилот,2450000,2014,"бензин, 3.5 л",249.0,АКПП,4WD,черный,283 000,,левый,"2 поколение, рестайлинг",3.5 AT Executive NAVI,Омск,
https://auto.drom.ru/novosibirsk/honda/pilot/635581274.html,635581274,Хонда Пилот,990000,2008,"бензин, 3.5 л",257.0,АКПП,4WD,синий,242 000,3.0,левый,2 поколение,,Новосибирск,
https://auto.drom.ru/neryungri/honda/pilot/742905688.html,742905688,Хонда Пилот,1600000,2008,"бензин, 3.5 л",257.0,АКПП,4WD,золотистый,270 000,,левый,2 поколение,3.5 AT Elegance,"Нерюнгри, Республика Саха (Якутия)",
https://auto.drom.ru/irkutsk/honda/pilot/658288946.html,658288946,Хонда Пилот,1340000,2008,"бензин, 3.5 л",257.0,АКПП,4WD,черный,192 000,3.0,левый,2 поколение,,Иркутск,
https://auto.drom.ru/rubtsovsk/honda/pilot/889289682.html,889289682,Хонда Пилот,1540000,2008,"бензин, 3.5 л",257.0,АКПП,4WD,синий,296 000,3.0,левый,2 поколение,3.5 AT Elegance,"Рубцовск, Алтайский край",
https://auto.drom.ru/ekaterinburg/honda/pilot/895408799.html,895408799,Хонда Пилот,2100000,2014,"бензин, 3.5 л",249.0,АКПП,4WD,белый,280 000,3.0,левый,"2 поколение, рестайлинг",3.5 AT Executive,Екатеринбург,
https://auto.drom.ru/samara/honda/pilot/838409510.html,838409510,Хонда Пилот,1825000,2013,"бензин, 3.5 л",249.0,АКПП,4WD,серый,280 000,3.0,левый,"2 поколение, рестайлинг",,Самара,
https://auto.drom.ru/omsk/honda/pilot/945334041.html,945334041,Хонда Пилот,2450000,2014,"бензин, 3.5 л",249.0,АКПП,4WD,черный,283,3.0,левый,"2 поколение, рестайлинг",3.5 AT Executive NAVI,Омск,
https://auto.drom.ru/petrovsk-zabaykalskiy/honda/pilot/848120212.html,848120212,Хонда Пилот,1900000,2011,"бензин, 3.5 л",249.0,АКПП,4WD,белый,320 000,3.0,левый,"2 поколение, рестайлинг",3.5 AT Executive NAVI,"Петровск-Забайкальский, Забайкальский край",
https://auto.drom.ru/ulan-ude/honda/pilot/622290656.html,622290656,Хонда Пилот,1500000,2008,"бензин, 3.5 л",257.0,АКПП,4WD,черный,290 000,,левый,2 поколение,3.5 AT Executive,Улан-Удэ,
https://auto.drom.ru/irkutsk/honda/pilot/856838604.html,856838604,Хонда Пилот,2700000,2014,"бензин, 3.5 л, ГБО",249.0,АКПП,4WD,серый,106 000,2.0,левый,"2 поколение, рестайлинг",,Иркутск,
https://auto.drom.ru/magnitogorsk/honda/pilot/529939877.html,529939877,Хонда Пилот,1650000,2008,"бензин, 3.5 л",257.0,АКПП,4WD,черный,256 131,3.0,левый,2 поколение,3.5 AT Executive,"Магнитогорск, Челябинская область",
https://auto.drom.ru/krasnoyarsk/honda/pilot/870912389.html,870912389,Хонда Пилот,1600000,2008,"бензин, 3.5 л",257.0,АКПП,4WD,серый,230 000,3.0,левый,2 поколение,3.5 AT Elegance,Красноярск,
https://auto.drom.ru/tyumen/honda/pilot/531416045.html,531416045,Хонда Пилот,1450000,2008,"бензин, 3.5 л",257.0,АКПП,4WD,золотистый,160 000,3.0,левый,2 поколение,3.5 AT Elegance,Тюмень,
https://auto.drom.ru/kyzyl/honda/fit/504504912.html,504504912,Хонда Фит,755000,2017,"бензин, 1.3 л",100.0,вариатор,передний,синий,80 000,1.0,правый,"3 поколение, рестайлинг",1.3 13G S Package,Кызыл,
https://auto.drom.ru/berezovskiy-kemer/honda/fit/103009387.html,103009387,Хонда Фит,1750000,2022,"бензин, 1.5 л",130.0,вариатор,передний,белый,19 000,,левый,4 поколение,1.5 CVT Sport Series Unlimited MUGEN Edition,"Берёзовский, Кемеровская область",
https://auto.drom.ru/ussuriisk/honda/fit/510108485.html,510108485,Хонда Фит,950000,2015,"бензин, 1.5 л, гибрид",110.0,робот,передний,черный,193 398,2.0,правый,3 поколение,1.5 Hybrid S Package,"Уссурийск, Приморский край",
https://auto.drom.ru/chita/honda/fit/383925924.html,383925924,Хонда Фит,805000,2012,"бензин, 1.3 л",99.0,вариатор,передний,белый,116 800,1.0,правый,"2 поколение, рестайлинг",1.3 G 10th Anniversary,Чита,
https://auto.drom.ru/novosibirsk/honda/fit/671269713.html,671269713,Хонда Фит,660000,2013,"бензин, 1.3 л",99.0,вариатор,передний,белый,305 568,,правый,"2 поколение, 2 рестайлинг",,Новосибирск,
https://auto.drom.ru/blagoveshchensk/honda/fit/808866100.html,808866100,Хонда Фит,735000,2013,"бензин, 1.5 л, гибрид",110.0,робот,передний,белый,250 000,2.0,правый,3 поколение,,Благовещенск,
https://auto.drom.ru/vladivostok/honda/fit/750506088.html,750506088,Хонда Фит,750000,2013,"бензин, 1.5 л, гибрид",110.0,робот,передний,черный,165 000,3.0,правый,3 поколение,1.5 Hybrid S Package,Владивосток,
https://auto.drom.ru/krasnoyarsk/honda/fit/464662307.html,464662307,Хонда Фит,900000,2011,"бензин, 1.3 л",99.0,вариатор,передний,синий,78 000,1.0,правый,"2 поколение, рестайлинг",,Красноярск,
https://auto.drom.ru/chita/honda/fit/469266078.html,469266078,Хонда Фит,899000,2011,"бензин, 1.3 л, гибрид",88.0,вариатор,передний,белый,148 892,1.0,правый,"2 поколение, рестайлинг",,Чита,
https://auto.drom.ru/vladivostok/honda/fit/749014764.html,749014764,Хонда Фит,1070000,2022,"бензин, 1.3 л",98.0,вариатор,передний,белый,91 000,1.0,правый,4 поколение,1.3 Basic,Владивосток,
https://auto.drom.ru/abakan/honda/fit/398672322.html,398672322,Хонда Фит,1150000,2021,"бензин, 1.3 л",98.0,вариатор,передний,серый,125 000,1.0,правый,4 поколение,1.3 Basic,Абакан,
https://auto.drom.ru/ulan-ude/honda/fit/275989449.html,275989449,Хонда Фит,799000,2013,"бензин, 1.3 л",99.0,вариатор,передний,черный,236 659,1.0,правый,"2 поколение, рестайлинг",1.3 G,Улан-Удэ,
https://auto.drom.ru/novosibirsk/honda/fit/827528486.html,827528486,Хонда Фит,330000,2007,"бензин, 1.3 л",100.0,вариатор,передний,красный,204 000,2.0,правый,2 поколение,,Новосибирск,
https://auto.drom.ru/irkutsk/honda/fit/393190950.html,393190950,Хонда Фит,225000,2005,"бензин, 1.3 л",86.0,вариатор,передний,серый,416 000,,правый,"1 поколение, рестайлинг",,Иркутск,
https://auto.drom.ru/omsk/honda/fit/824399796.html,824399796,Хонда Фит,175000,2003,"бензин, 1.3 л",86.0,вариатор,передний,синий,328 000,3.0,правый,1 поколение,1.3 W,Омск,
https://auto.drom.ru/sochi/honda/fit/706775859.html,706775859,Хонда Фит,1700000,2020,"бензин, 1.3 л",98.0,вариатор,передний,белый,41 000,1.0,правый,4 поколение,1.3 Home,"Сочи, Краснодарский край",
https://auto.drom.ru/novosibirsk/honda/fit/461826971.html,461826971,Хонда Фит,465000,2008,"бензин, 1.3 л",100.0,вариатор,передний,голубой,245 000,2.0,правый,2 поколение,1.3 G highway edition,Новосибирск,
https://auto.drom.ru/angarsk/honda/fit/100775602.html,100775602,Хонда Фит,500000,2008,"бензин, 1.3 л",100.0,вариатор,передний,розовый,322 838,,правый,2 поколение,,"Ангарск, Иркутская область",
https://auto.drom.ru/kemerovo/honda/fit/698094116.html,698094116,Хонда Фит,579000,2010,"бензин, 1.3 л",100.0,вариатор,передний,серый,228 000,2.0,правый,2 поколение,,Кемерово,
https://auto.drom.ru/irkutsk/honda/fit/896870930.html,896870930,Хонда Фит,515000,2008,"бензин, 1.3 л",100.0,вариатор,передний,серый,300 000,,правый,2 поколение,1.3 L,Иркутск,
https://auto.drom.ru/vladivostok/honda/stepwgn/566721297.html,566721297,Хонда Стэпвэгон,1439000,2017,"бензин, 1.5 л",150.0,вариатор,передний,черный,145 000,,правый,5 поколение,1.5 Spada Cool Spirit Honda Sensing 8 seater,,
https://auto.drom.ru/krasnoyarsk/honda/stepwgn/861283783.html,861283783,Хонда Стэпвэгон,2800000,2019,"бензин, 2.0 л, гибрид",145.0,вариатор,передний,белый,126 000,1.0,правый,"5 поколение, рестайлинг",2.0 Spada Hybrid G Honda Sensing,Красноярск,
https://auto.drom.ru/vladivostok/honda/stepwgn/901842135.html,901842135,Хонда Стэпвэгон,2470000,2024,"бензин, 1.5 л",150.0,вариатор,передний,черный,72 000,,правый,6 поколение,1.5 AIR 8 seater,Владивосток,
https://auto.drom.ru/vladivostok/honda/stepwgn/731998141.html,731998141,Хонда Стэпвэгон,1419000,2016,"бензин, 1.5 л",150.0,вариатор,передний,белый,172 000,,правый,5 поколение,1.5 Spada Cool Spirit Honda Sensing 8 seater,,
https://auto.drom.ru/sterlitamak/honda/stepwgn/614523811.html,614523811,Хонда Стэпвэгон,1450600,2012,"бензин, 2.0 л",150.0,вариатор,передний,синий,270 595,1.0,правый,4 поколение,,"Стерлитамак, Республика Башкортостан",
https://auto.drom.ru/habarovsk/honda/stepwgn/431926709.html,431926709,Хонда Стэпвэгон,1350000,2015,"бензин, 1.5 л",150.0,вариатор,передний,белый,86 000,,правый,5 поколение,1.5 G EX,,
https://auto.drom.ru/pavlovskaya/honda/stepwgn/817218591.html,817218591,Хонда Стэпвэгон,2500000,2020,"бензин, 1.5 л",150.0,вариатор,4WD,синий,101 000,1.0,правый,"5 поколение, рестайлинг",1.5 Spada Cool Spirit Honda Sensing 7 seater 4WD,"Павловская, Краснодарский край",
https://auto.drom.ru/yakutsk/honda/stepwgn/544070810.html,544070810,Хонда Стэпвэгон,1650000,2015,"бензин, 1.5 л",150.0,вариатор,передний,черный,146 000,1.0,правый,5 поколение,1.5 Spada Cool Spirit Honda Sensing 7 seater,Якутск,
https://auto.drom.ru/sochi/honda/stepwgn/181523707.html,181523707,Хонда Стэпвэгон,2500000,2019,"бензин, 1.5 л",150.0,вариатор,передний,белый,69 217,1.0,правый,"5 поколение, рестайлинг",,"Сочи, Краснодарский край",
https://auto.drom.ru/habarovsk/honda/stepwgn/377904636.html,377904636,Хонда Стэпвэгон,1950000,2021,"бензин, 1.5 л",150.0,вариатор,4WD,белый,114 000,,правый,"5 поколение, рестайлинг",1.5 Spada Cool Spirit Honda Sensing 7 seater 4WD,,
https://auto.drom.ru/vladivostok/honda/stepwgn/557530789.html,557530789,Хонда Стэпвэгон,2350000,2020,"бензин, 1.5 л",150.0,вариатор,4WD,синий,68 000,,правый,"5 поколение, рестайлинг",,Владивосток,
https://auto.drom.ru/vladivostok/honda/stepwgn/566483864.html,566483864,Хонда Стэпвэгон,1390000,2015,"бензин, 1.5 л",150.0,вариатор,передний,черный,129 000,,правый,5 поколение,1.5 Spada Advanced Package Alpha 7 seater,,
https://auto.drom.ru/irkutsk/honda/stepwgn/227436564.html,227436564,Хонда Стэпвэгон,1850000,2021,"бензин, 1.5 л",150.0,вариатор,передний,синий,148 367,,правый,"5 поколение, рестайлинг",1.5 Spada Honda Sensing 7 seater,,
https://auto.drom.ru/novosibirsk/honda/stepwgn/805891163.html,805891163,Хонда Стэпвэгон,1270000,2011,"бензин, 2.0 л",150.0,АКПП,4WD,белый,280 000,2.0,правый,4 поколение,,Новосибирск,
https://auto.drom.ru/abakan/honda/stepwgn/194984946.html,194984946,Хонда Стэпвэгон,2250000,2019,"бензин, 1.5 л",150.0,вариатор,4WD,белый,127 000,1.0,правый,"5 поколение, рестайлинг",1.5 Spada Cool Spirit Honda Sensing Black Style 4WD,Абакан,
https://auto.drom.ru/novosibirsk/honda/stepwgn/943084084.html,943084084,Хонда Стэпвэгон,1800000,2017,"бензин, 1.5 л",150.0,вариатор,передний,черный,130 000,1.0,правый,5 поколение,1.5 Spada Cool Spirit Honda Sensing 7 seater,Новосибирск,
https://auto.drom.ru/habarovsk/honda/stepwgn/346188668.html,346188668,Хонда Стэпвэгон,1825000,2021,"бензин, 1.5 л",150.0,вариатор,передний,белый,44 000,,правый,"5 поколение, рестайлинг",1.5 Spada Honda Sensing 7 seater,,
https://auto.drom.ru/leninsk-kuznetskiy/honda/stepwgn/707904616.html,707904616,Хонда Стэпвэгон,730000,2003,"бензин, 2.0 л",160.0,АКПП,передний,серый,483 000,,правый,"2 поколение, рестайлинг",2.0 G S package,"Ленинск-Кузнецкий, Кемеровская область",
https://auto.drom.ru/moscow/honda/stepwgn/566626040.html,566626040,Хонда Стэпвэгон,1850000,2017,"бензин, 1.5 л",150.0,вариатор,передний,фиолетовый,122 500,2.0,правый,5 поколение,,Москва,
https://auto.drom.ru/vladivostok/honda/stepwgn/229658504.html,229658504,Хонда Стэпвэгон,1200000,2016,"бензин, 1.5 л",150.0,вариатор,передний,черный,111 000,,правый,5 поколение,1.5 Spada Advanced Package Alpha 8 seater,,
https://auto.drom.ru/omsk/honda/odyssey/450430978.html,450430978,Хонда Одиссей,450000,2001,"бензин, 2.3 л, ГБО",150.0,АКПП,передний,синий,356 630,3.0,правый,"2 поколение, рестайлинг",2.3 S,Омск,
https://auto.drom.ru/ussuriisk/honda/odyssey/353144123.html,353144123,Хонда Одиссей,350000,2002,"бензин, 2.3 л",150.0,АКПП,передний,красный,350 000,,правый,"2 поколение, рестайлинг",,"Уссурийск, Приморский край",
https://auto.drom.ru/irkutsk/honda/odyssey/123461639.html,123461639,Хонда Одиссей,420000,2002,"бензин, 2.3 л",150.0,АКПП,передний,белый,278 562,1.0,правый,"2 поколение, рестайлинг",2.3 Absolute,Иркутск,
https://auto.drom.ru/cheremhovo/honda/odyssey/661007276.html,661007276,Хонда Одиссей,1980000,2016,"бензин, 2.4 л",175.0,вариатор,передний,фиолетовый,166 000,1.0,правый,5 поколение,,"Черемхово, Иркутская область",
https://auto.drom.ru/petropavlovsk-kamchatskiy/honda/odyssey/143344153.html,143344153,Хонда Одиссей,515000,2002,"бензин, 2.3 л",150.0,АКПП,4WD,белый,275 000,2.0,правый,"2 поколение, рестайлинг",2.3 Absolute,Петропавловск-Камчатский,
https://auto.drom.ru/borovichi/honda/odyssey/670685414.html,670685414,Хонда Одиссей,2400000,2016,"бензин, 2.0 л, гибрид",145.0,вариатор,передний,черный,180 000,2.0,правый,5 поколение,2.0 Hybrid Absolute Honda Sensing EX Package (7 seater),"Боровичи, Новгородская область",
https://auto.drom.ru/orenburg/honda/odyssey/862469013.html,862469013,Хонда Одиссей,1050000,2000,"бензин, 3.5 л, ГБО",210.0,АКПП,передний,серый,269 000,3.0,левый,2 поколение,3.5 AT LX,Оренбург,
https://auto.drom.ru/magadan/honda/odyssey/649899677.html,649899677,Хонда Одиссей,750000,2001,"бензин, 2.3 л",150.0,АКПП,4WD,белый,197 000,2.0,правый,"2 поколение, рестайлинг",,Магадан,
https://auto.drom.ru/novosibirsk/honda/odyssey/158671567.html,158671567,Хонда Одиссей,550000,2003,"бензин, 2.3 л",150.0,АКПП,передний,черный,300 000,,правый,"2 поколение, рестайлинг",2.3 Absolute,Новосибирск,
https://auto.drom.ru/abakan/honda/odyssey/147961695.html,147961695,Хонда Одиссей,890000,2003,"бензин, 2.4 л, ГБО",160.0,АКПП,4WD,синий,350,3.0,правый,3 поколение,,Абакан,
https://auto.drom.ru/novosibirsk/honda/odyssey/653270109.html,653270109,Хонда Одиссей,290000,2002,"бензин, 2.3 л",150.0,АКПП,передний,серый,777,3.0,правый,"2 поколение, рестайлинг",2.3 MQ,Новосибирск,
https://auto.drom.ru/angarsk/honda/odyssey/638311064.html,638311064,Хонда Одиссей,575000,2000,"бензин, 2.3 л",150.0,АКПП,передний,белый,370 000,1.0,правый,2 поколение,2.3 MQ,"Ангарск, Иркутская область",
https://auto.drom.ru/chita/honda/odyssey/455862191.html,455862191,Хонда Одиссей,540000,2001,"бензин, 2.3 л",150.0,АКПП,передний,белый,380 000,2.0,правый,"2 поколение, рестайлинг",2.3 Absolute,Чита,
https://auto.drom.ru/krasnoyarsk/honda/odyssey/917822510.html,917822510,Хонда Одиссей,475000,2001,"бензин, 2.3 л",150.0,АКПП,4WD,серый,312 874,,правый,"2 поколение, рестайлинг",,Красноярск,
https://auto.drom.ru/abakan/honda/odyssey/256100446.html,256100446,Хонда Одиссей,709000,2003,"бензин, 2.3 л",150.0,АКПП,передний,черный,397 000,,правый,"2 поколение, рестайлинг",2.3 L,Абакан,
https://auto.drom.ru/ulan-ude/honda/odyssey/802362833.html,802362833,Хонда Одиссей,450000,1996,"бензин, 2.2 л",145.0,АКПП,передний,серый,200 000,,правый,1 поколение,,Улан-Удэ,
https://auto.drom.ru/yuzhno-sakhalinsk/honda/odyssey/843613445.html,843613445,Хонда Одиссей,1750000,2015,"бензин, 2.4 л",190.0,вариатор,передний,серый,225 000,1.0,правый,5 поколение,,Южно-Сахалинск,
https://auto.drom.ru/novosibirsk/honda/odyssey/485327347.html,485327347,Хонда Одиссей,500000,1999,"бензин, 2.3 л",150.0,АКПП,передний,белый,371 286,2.0,правый,2 поколение,,Новосибирск,
https://auto.drom.ru/irkutsk/honda/odyssey/409381553.html,409381553,Хонда Одиссей,320000,2001,"бензин, 2.3 л",150.0,АКПП,передний,белый,370 000,,правый,"2 поколение, рестайлинг",2.3 Absolute,Иркутск,
https://auto.drom.ru/novosibirsk/honda/odyssey/226131358.html,226131358,Хонда Одиссей,500000,2000,"бензин, 2.3 л",150.0,АКПП,передний,белый,319 000,3.0,правый,2 поколение,2.3 L,Новосибирск,
https://auto.drom.ru/vladivostok/mitsubishi/outlander/767563525.html,767563525,Мицубиси Аутлендер,1200000,2009,"бензин, 3.0 л",220.0,АКПП,4WD,белый,178 252,2.0,правый,2 поколение,3.0 Roadest 30G 4WD,Владивосток,
https://auto.drom.ru/krasnoyarsk/mitsubishi/outlander/277873344.html,277873344,Мицубиси Аутлендер,1529000,2013,"бензин, 2.4 л",167.0,вариатор,4WD,черный,231 963,,левый,3 поколение,,Красноярск,
https://auto.drom.ru/kemerovo/mitsubishi/outlander/729947392.html,729947392,Мицубиси Аутлендер,1549999,2016,"бензин, 2.0 л",146.0,вариатор,4WD,белый,327 364,2.0,левый,"3 поколение, 2 рестайлинг",2.0 CVT 4WD Invite,Кемерово,
https://auto.drom.ru/omsk/mitsubishi/outlander/377619076.html,377619076,Мицубиси Аутлендер,1145000,2012,"бензин, 2.0 л",146.0,вариатор,4WD,серый,209 115,2.0,левый,3 поколение,2.0 CVT 4WD Intense,Омск,
https://auto.drom.ru/krasnokamensk/mitsubishi/outlander/370668999.html,370668999,Мицубиси Аутлендер,1800000,2014,"бензин, 2.0 л",146.0,вариатор,4WD,черный,153 303,3.0,левый,"3 поколение, рестайлинг",,"Краснокаменск, Забайкальский край",
https://auto.drom.ru/moscow/mitsubishi/outlander/686355054.html,686355054,Мицубиси Аутлендер,1650000,2015,"бензин, 3.0 л",230.0,АКПП,4WD,белый,401 000,2.0,левый,"3 поколение, 2 рестайлинг",3.0 AT 4WD Sport,Москва,
https://auto.drom.ru/achinsk/mitsubishi/outlander/802580464.html,802580464,Мицубиси Аутлендер,1385000,2013,"бензин, 2.4 л",167.0,вариатор,4WD,серебристый,220 000,1.0,левый,3 поколение,2.4 CVT 4WD Instyle,"Ачинск, Красноярский край",
https://auto.drom.ru/omsk/mitsubishi/outlander/169928316.html,169928316,Мицубиси Аутлендер,985000,2008,"бензин, 3.0 л",220.0,АКПП,4WD,черный,263 000,2.0,левый,2 поколение,,Омск,
https://auto.drom.ru/zheleznogorsk-krasnoyarsk/mitsubishi/outlander/170728230.html,170728230,Мицубиси Аутлендер,1300000,2012,"бензин, 2.4 л",167.0,вариатор,4WD,черный,231 274,3.0,левый,3 поколение,,"Железногорск, Красноярский край",
https://auto.drom.ru/surgut/mitsubishi/outlander/414055701.html,414055701,Мицубиси Аутлендер,1420000,2014,"бензин, 2.0 л, ГБО",146.0,вариатор,4WD,белый,195 243,2.0,левый,3 поколение,,"Сургут, Ханты-Мансийский автономный округ",
https://auto.drom.ru/omsk/mitsubishi/outlander/354574098.html,354574098,Мицубиси Аутлендер,1199000,2010,"бензин, 2.0 л",147.0,вариатор,4WD,серый,244 280,,левый,"2 поколение, рестайлинг",,Омск,
https://auto.drom.ru/strehnino/mitsubishi/outlander/296926826.html,296926826,Мицубиси Аутлендер,1560000,2014,"бензин, 2.4 л",167.0,вариатор,4WD,белый,208 256,3.0,левый,"3 поколение, рестайлинг",2.4 CVT 4WD Intense,"Стрехнино, Тюменская область",
https://auto.drom.ru/bratsk/mitsubishi/outlander/404997394.html,404997394,Мицубиси Аутлендер,1250000,2011,"бензин, 2.4 л",170.0,вариатор,4WD,коричневый,261 000,,левый,"2 поколение, рестайлинг",,"Братск, Иркутская область",
https://auto.drom.ru/omsk/mitsubishi/outlander/536720556.html,536720556,Мицубиси Аутлендер,1475000,2016,"бензин, 2.0 л",146.0,вариатор,передний,черный,154 162,1.0,левый,"3 поколение, 2 рестайлинг",2.0 CVT 2WD Inform,Омск,
https://auto.drom.ru/habarovsk/mitsubishi/outlander/636829450.html,636829450,Мицубиси Аутлендер,2359000,2019,"бензин, 2.0 л",146.0,вариатор,передний,белый,63 000,1.0,левый,"3 поколение, 3 рестайлинг",2.0 CVT 2WD Inform,Хабаровск,
https://auto.drom.ru/barnaul/mitsubishi/outlander/832814489.html,832814489,Мицубиси Аутлендер,1500000,2012,"бензин, 2.0 л",146.0,вариатор,4WD,серый,194 000,1.0,левый,3 поколение,,Барнаул,
https://auto.drom.ru/tomsk/mitsubishi/outlander/692950968.html,692950968,Мицубиси Аутлендер,1600000,2013,"бензин, 2.4 л",167.0,вариатор,4WD,черный,218 573,2.0,левый,3 поколение,2.4 CVT 4WD Ultimate Samurai,Томск,
https://auto.drom.ru/volgograd/mitsubishi/outlander/942991797.html,942991797,Мицубиси Аутлендер,2195000,2021,"бензин, 2.0 л",146.0,вариатор,передний,белый,55 000,1.0,левый,"3 поколение, 3 рестайлинг",,Волгоград,
https://auto.drom.ru/vladivostok/mitsubishi/outlander/792312491.html,792312491,Мицубиси Аутлендер,950000,2008,"бензин, 2.4 л",170.0,вариатор,4WD,бежевый,301 000,,левый,2 поколение,2.4 CVT Intense,Владивосток,
https://auto.drom.ru/yakutsk/mitsubishi/outlander/558820666.html,558820666,Мицубиси Аутлендер,1900000,2014,"бензин, 2.4 л",167.0,вариатор,4WD,белый,145 500,1.0,левый,3 поколение,,Якутск,
https://auto.drom.ru/ulan-ude/mitsubishi/outlander/825119217.html,825119217,Мицубиси Аутлендер,2250000,2021,"бензин, 2.0 л",146.0,вариатор,передний,черный,58 000,,левый,"3 поколение, 3 рестайлинг",2.0 CVT 2WD Intense+,Улан-Удэ,
https://auto.drom.ru/volgograd/mitsubishi/lancer/383782138.html,383782138,Мицубиси Лансер,350000,2004,"бензин, 1.6 л",98.0,механика,передний,серый,119 500,,левый,"9 поколение, рестайлинг",,Волгоград,
https://auto.drom.ru/chelyabinsk/mitsubishi/lancer/654768028.html,654768028,Мицубиси Лансер,750000,2012,"бензин, 1.6 л",117.0,механика,передний,серый,266 699,2.0,левый,"10 поколение, рестайлинг",1.6 MT Invite,Челябинск,
https://auto.drom.ru/ekaterinburg/mitsubishi/lancer/184161216.html,184161216,Мицубиси Лансер,350000,2006,"бензин, 1.6 л",98.0,механика,передний,синий,280 000,,левый,"9 поколение, 2 рестайлинг",,Екатеринбург,
https://auto.drom.ru/irkutsk/mitsubishi/lancer/734536258.html,734536258,Мицубиси Лансер,425000,2007,"бензин, 1.5 л",109.0,механика,передний,серый,300 000,3.0,левый,10 поколение,1.5 MT Invite+,Иркутск,
https://auto.drom.ru/tyumen/mitsubishi/lancer/561022643.html,561022643,Мицубиси Лансер,165000,2006,"бензин, 1.6 л",98.0,АКПП,передний,,100 000,,левый,"9 поколение, 2 рестайлинг",,Тюмень,
https://auto.drom.ru/gelendzhik/mitsubishi/lancer/885033199.html,885033199,Мицубиси Лансер,265000,2003,"бензин, 1.6 л",98.0,механика,передний,белый,290 000,,левый,"9 поколение, рестайлинг",1.6 MT Comfort,"Геленджик, Краснодарский край",
https://auto.drom.ru/domodedovo/mitsubishi/lancer/218494815.html,218494815,Мицубиси Лансер,330000,2004,"бензин, 1.6 л",98.0,АКПП,передний,серебристый,300 000,3.0,левый,"9 поколение, рестайлинг",1.6 AT Comfort,"Домодедово, Московская область",
https://auto.drom.ru/vilino/mitsubishi/lancer/300605822.html,300605822,Мицубиси Лансер,380000,2004,"бензин, 1.6 л",98.0,механика,передний,,,,левый,"9 поколение, рестайлинг",,"Вилино, Республика Крым",
https://auto.drom.ru/kolyvan/mitsubishi/lancer/135814276.html,135814276,Мицубиси Лансер,745000,2008,"бензин, 1.8 л",143.0,вариатор,передний,бежевый,192 000,,левый,10 поколение,1.8 CVT Invite,"Колывань, Новосибирская область",
https://auto.drom.ru/irkutsk/mitsubishi/lancer/659580945.html,659580945,Мицубиси Лансер,645000,2012,"бензин, 1.6 л",117.0,АКПП,передний,серый,190 000,3.0,левый,"10 поколение, рестайлинг",1.6 AT Invite+,Иркутск,
https://auto.drom.ru/mayma/mitsubishi/lancer/418080416.html,418080416,Мицубиси Лансер,750000,2010,"бензин, 1.5 л",109.0,АКПП,передний,черный,194 000,,левый,10 поколение,1.5 AT Intense,"Майма, Республика Алтай",
https://auto.drom.ru/ekaterinburg/mitsubishi/lancer/809310135.html,809310135,Мицубиси Лансер,489000,2006,"бензин, 2.0 л",135.0,АКПП,передний,черный,197 400,,левый,"9 поколение, 2 рестайлинг",2.0 AT Intence,Екатеринбург,
https://auto.drom.ru/moscow/mitsubishi/lancer/456706000.html,456706000,Мицубиси Лансер,550000,2006,"бензин, 1.6 л",98.0,механика,передний,серый,112 000,2.0,левый,"9 поколение, 2 рестайлинг",,Москва,
https://auto.drom.ru/kungur/mitsubishi/lancer/468348614.html,468348614,Мицубиси Лансер,199000,2006,"бензин, 1.6 л",98.0,механика,передний,,185 635,,левый,"9 поколение, 2 рестайлинг",,"Кунгур, Пермский край",
https://auto.drom.ru/kirov/mitsubishi/lancer/418194948.html,418194948,Мицубиси Лансер,190000,2005,"бензин, 1.6 л",98.0,механика,передний,черный,267 600,,левый,"9 поколение, 2 рестайлинг",,Киров,
https://auto.drom.ru/omsk/mitsubishi/lancer/401294597.html,401294597,Мицубиси Лансер,479000,2008,"бензин, 1.8 л",143.0,механика,передний,бежевый,366 000,3.0,левый,10 поколение,,Омск,
https://auto.drom.ru/krasnodar/mitsubishi/lancer/164703979.html,164703979,Мицубиси Лансер,580000,2013,"бензин, 1.6 л",117.0,механика,передний,серый,275 000,2.0,левый,"10 поколение, рестайлинг",,Краснодар,
https://auto.drom.ru/krasnoyarsk/mitsubishi/lancer/559140195.html,559140195,Мицубиси Лансер,529000,2006,"бензин, 1.5 л",90.0,вариатор,передний,белый,76 379,1.0,правый,"9 поколение, 2 рестайлинг",,Красноярск,
https://auto.drom.ru/krasnoyarsk/mitsubishi/lancer/539471971.html,539471971,Мицубиси Лансер,849000,2011,"бензин, 1.5 л",109.0,АКПП,передний,черный,169 242,,левый,"10 поколение, рестайлинг",1.5 AT Invite+,Красноярск,
https://auto.drom.ru/krasnodar/mitsubishi/lancer/525951506.html,525951506,Мицубиси Лансер,170000,2005,"бензин, 2.0 л",135.0,механика,передний,синий,380 000,,левый,"9 поколение, рестайлинг",2.0 MT Sport,Краснодар,
https://auto.drom.ru/barnaul/mitsubishi/lancer/900293129.html,900293129,Мицубиси Лансер,780000,2008,"бензин, 1.8 л",143.0,вариатор,передний,бежевый,253 000,,левый,10 поколение,1.8 CVT Invite+,Барнаул,
https://auto.drom.ru/lipetsk/mitsubishi/lancer/502317140.html,502317140,Мицубиси Лансер,250000,2005,"бензин, 1.6 л",98.0,механика,передний,,240 000,,левый,"9 поколение, 2 рестайлинг",,Липецк,
https://auto.drom.ru/blagoveshchensk/mitsubishi/pajero/261915277.html,261915277,Мицубиси Паджеро,1050000,1997,"бензин, 3.5 л",245.0,АКПП,4WD,черный,222 700,,правый,"2 поколение, рестайлинг",3.5 GX mid roof wide long,Благовещенск,
https://auto.drom.ru/kurganinsk/mitsubishi/pajero/350000956.html,350000956,Мицубиси Паджеро,1699000,2002,"бензин, 3.5 л",203.0,АКПП,4WD,серебристый,212 000,,левый,3 поколение,3.5 AT V6,"Курганинск, Краснодарский край",
https://auto.drom.ru/voronezh/mitsubishi/pajero/820943371.html,820943371,Мицубиси Паджеро,1380000,2007,"бензин, 3.8 л, ГБО",250.0,АКПП,4WD,серебристый,253 267,,левый,4 поколение,,Воронеж,
https://auto.drom.ru/arsenyev/mitsubishi/pajero/903845775.html,903845775,Мицубиси Паджеро,850000,1992,"бензин, 3.5 л",230.0,автомат,4WD,черный,270 000,,правый,2 поколение,,"Арсеньев, Приморский край",
https://auto.drom.ru/moscow/mitsubishi/pajero/798123494.html,798123494,Мицубиси Паджеро,1020000,2006,"бензин, 3.5 л",202.0,АКПП,4WD,черный,170 140,3.0,левый,"3 поколение, рестайлинг",,Москва,
https://auto.drom.ru/kemerovo/mitsubishi/pajero/482709929.html,482709929,Мицубиси Паджеро,1670000,2008,"дизель, 3.2 л",190.0,автомат,4WD,серый,297 700,2.0,левый,,,Кемерово,
https://auto.drom.ru/yoshkar-ola/mitsubishi/pajero/855157248.html,855157248,Мицубиси Паджеро,2020000,2013,"бензин, 3.0 л",178.0,АКПП,4WD,серый,235 828,2.0,левый,"4 поколение, рестайлинг",3.0 AT Ultimate,Йошкар-Ола,
https://auto.drom.ru/kemerovo/mitsubishi/pajero/929927988.html,929927988,Мицубиси Паджеро,1629000,2011,"бензин, 3.0 л",178.0,АКПП,4WD,белый,319 213,,левый,"4 поколение, рестайлинг",3.0 AT Ultimate,Кемерово,
https://auto.drom.ru/belogorsk/mitsubishi/pajero/882566836.html,882566836,Мицубиси Паджеро,820000,2001,"бензин, 3.5 л",220.0,АКПП,4WD,белый,225 000,3.0,правый,3 поколение,3.5 exceed II short MMCS-less,"Белогорск, Амурская область",
https://auto.drom.ru/habarovsk/mitsubishi/pajero/464559087.html,464559087,Мицубиси Паджеро,650000,1993,"дизель, 2.5 л",105.0,АКПП,4WD,синий,250 000,1.0,правый,2 поколение,2.5DT XG Kick up roof long,Хабаровск,
https://auto.drom.ru/petropavlovsk-kamchatskiy/mitsubishi/pajero/127569773.html,127569773,Мицубиси Паджеро,1100000,1995,"дизель, 2.8 л",125.0,АКПП,4WD,серебристый,260 000,,правый,2 поколение,2.8DT super exceed mid roof wide long,Петропавловск-Камчатский,
https://auto.drom.ru/kostroma/mitsubishi/pajero/570224548.html,570224548,Мицубиси Паджеро,450000,1989,"дизель, 2.5 л",95.0,механика,4WD,голубой,350 000,3.0,левый,1 поколение,2.5 TD MT 2500,Кострома,
https://auto.drom.ru/arsenyev/mitsubishi/pajero/453095011.html,453095011,Мицубиси Паджеро,800000,2001,"бензин, 3.0 л",180.0,АКПП,4WD,белый,295 420,,правый,3 поколение,,"Арсеньев, Приморский край",
https://auto.drom.ru/sochi/mitsubishi/pajero/510795217.html,510795217,Мицубиси Паджеро,1800000,1997,"бензин, 3.0 л",150.0,АКПП,4WD,,4 500,3.0,левый,2 поколение,3.0 AT GLSi,"Сочи, Краснодарский край",
https://auto.drom.ru/prokopyevsk/mitsubishi/pajero/837439100.html,837439100,Мицубиси Паджеро,500000,1997,"бензин, 3.0 л",150.0,механика,4WD,серый,400 000,,левый,2 поколение,3.0 MT GLSi,"Прокопьевск, Кемеровская область",
https://auto.drom.ru/novosibirsk/mitsubishi/pajero/453442477.html,453442477,Мицубиси Паджеро,1490000,2008,"бензин, 3.8 л",250.0,АКПП,4WD,черный,229 500,,левый,4 поколение,,Новосибирск,
https://auto.drom.ru/novosibirsk/mitsubishi/pajero/777918790.html,777918790,Мицубиси Паджеро,2750000,2014,"бензин, 3.0 л",178.0,АКПП,4WD,белый,162 000,1.0,левый,"4 поколение, 2 рестайлинг",3.0 AT Instyle,Новосибирск,
https://auto.drom.ru/magadan/mitsubishi/pajero/605410711.html,605410711,Мицубиси Паджеро,450000,2000,"бензин, 3.5 л",220.0,АКПП,4WD,серый,165 000,,правый,3 поколение,,Магадан,
https://auto.drom.ru/ulan-ude/mitsubishi/pajero/282300975.html,282300975,Мицубиси Паджеро,780000,1994,"дизель, 2.8 л",125.0,механика,4WD,серый,420 000,3.0,правый,2 поколение,,Улан-Удэ,
https://auto.drom.ru/kazan/mitsubishi/pajero/182132043.html,182132043,Мицубиси Паджеро,1638000,2011,"бензин, 3.0 л",178.0,АКПП,4WD,черный,270 270,,левый,"4 поколение, рестайлинг",3.0 AT Intense,Казань,
https://auto.drom.ru/barnaul/mitsubishi/pajero_sport/435080790.html,435080790,Мицубиси Паджеро Спорт,1495000,2010,"дизель, 2.5 л",178.0,АКПП,4WD,белый,215 100,3.0,левый,2 поколение,2.5 AT Instyle,Барнаул,
https://auto.drom.ru/kemerovo/mitsubishi/pajero_sport/929389699.html,929389699,Мицубиси Паджеро Спорт,3700000,2020,"бензин, 3.0 л",209.0,АКПП,4WD,белый,135 627,1.0,левый,3 поколение,,Кемерово,
https://auto.drom.ru/novosibirsk/mitsubishi/pajero_sport/711812826.html,711812826,Мицубиси Паджеро Спорт,4300000,2022,"дизель, 2.4 л",181.0,АКПП,4WD,серебристый,77 035,1.0,левый,"3 поколение, рестайлинг",2.4 DI-D AT Intense,Новосибирск,
https://auto.drom.ru/tambov/mitsubishi/pajero_sport/522358610.html,522358610,Мицубиси Паджеро Спорт,1730000,2011,"дизель, 2.5 л",178.0,АКПП,4WD,серый,286 000,2.0,левый,2 поколение,2.5 AT Ultimate,Тамбов,
https://auto.drom.ru/krasnoyarsk/mitsubishi/pajero_sport/484698278.html,484698278,Мицубиси Паджеро Спорт,3999000,2020,"бензин, 3.0 л",209.0,АКПП,4WD,белый,59 000,1.0,левый,"3 поколение, рестайлинг",3.0 AT 4WD Luxury,Красноярск,
https://auto.drom.ru/moscow/mitsubishi/pajero_sport/926395909.html,926395909,Мицубиси Паджеро Спорт,3700000,2020,"дизель, 2.4 л",181.0,АКПП,4WD,коричневый,110 000,1.0,левый,3 поколение,2.4D AT Ultimate,Москва,
https://auto.drom.ru/iskitim/mitsubishi/pajero_sport/521369942.html,521369942,Мицубиси Паджеро Спорт,650000,2005,"дизель, 2.5 л",100.0,механика,4WD,бежевый,250 000,3.0,левый,"1 поколение, 2 рестайлинг",2.5 TD MT GLX S82,"Искитим, Новосибирская область",
https://auto.drom.ru/irkutsk/mitsubishi/pajero_sport/892625492.html,892625492,Мицубиси Паджеро Спорт,500000,2002,"дизель, 2.5 л",100.0,механика,4WD,бордовый,354 000,,левый,"1 поколение, рестайлинг",2.5 TD MT GLX S82,Иркутск,
https://auto.drom.ru/novosibirsk/mitsubishi/pajero_sport/253223393.html,253223393,Мицубиси Паджеро Спорт,1000000,2008,"дизель, 3.2 л",163.0,АКПП,4WD,зеленый,290 031,,левый,2 поколение,,Новосибирск,
https://auto.drom.ru/irkutsk/mitsubishi/pajero_sport/540286017.html,540286017,Мицубиси Паджеро Спорт,1870000,2011,"дизель, 2.5 л",178.0,АКПП,4WD,черный,183 000,,левый,2 поколение,2.5 AT Ultimate,Иркутск,
https://auto.drom.ru/novokuznetsk/mitsubishi/pajero_sport/519120937.html,519120937,Мицубиси Паджеро Спорт,655000,2003,"дизель, 2.5 л",133.0,механика,4WD,серебристый,420 000,,левый,"1 поколение, рестайлинг",2.5 TD MT Plus,"Новокузнецк, Кемеровская область",
https://auto.drom.ru/kemerovo/mitsubishi/pajero_sport/144636168.html,144636168,Мицубиси Паджеро Спорт,2690000,2018,"дизель, 2.4 л",181.0,АКПП,4WD,белый,184 000,3.0,левый,3 поколение,2.4D AT Instyle,Кемерово,
https://auto.drom.ru/yakutsk/mitsubishi/pajero_sport/259962577.html,259962577,Мицубиси Паджеро Спорт,2100000,2014,"дизель, 2.5 л",178.0,АКПП,4WD,серебристый,105 000,2.0,левый,"2 поколение, рестайлинг",2.5 DI-D AT Ultimate,Якутск,
https://auto.drom.ru/polysaevo/mitsubishi/pajero_sport/275253193.html,275253193,Мицубиси Паджеро Спорт,3090000,2017,"бензин, 3.0 л",209.0,АКПП,4WD,серебристый,140 000,,левый,3 поколение,3.0 AT Instyle,"Полысаево, Кемеровская область",
https://auto.drom.ru/novokuznetsk/mitsubishi/pajero_sport/435378202.html,435378202,Мицубиси Паджеро Спорт,638999,2008,"дизель, 2.5 л",115.0,механика,4WD,серебристый,200 000,,левый,"1 поколение, 2 рестайлинг",,"Новокузнецк, Кемеровская область",
https://auto.drom.ru/chelyabinsk/mitsubishi/pajero_sport/840807045.html,840807045,Мицубиси Паджеро Спорт,1450000,2011,"дизель, 2.5 л",178.0,АКПП,4WD,черный,263 123,3.0,левый,2 поколение,2.5 AT Intense,Челябинск,
https://auto.drom.ru/krasnoyarsk/mitsubishi/pajero_sport/568494083.html,568494083,Мицубиси Паджеро Спорт,2480000,2018,"дизель, 2.4 л",181.0,механика,4WD,белый,125 676,3.0,левый,3 поколение,2.4D MT Invite,Красноярск,
https://auto.drom.ru/kemerovo/mitsubishi/pajero_sport/559884326.html,559884326,Мицубиси Паджеро Спорт,1049995,2005,"бензин, 3.0 л",170.0,АКПП,4WD,зеленый,321 930,,левый,"1 поколение, 2 рестайлинг",,Кемерово,
https://auto.drom.ru/bakhchysaray/mitsubishi/pajero_sport/373847656.html,373847656,Мицубиси Паджеро Спорт,1250000,2005,"дизель, 2.5 л",133.0,механика,4WD,синий,187 000,1.0,левый,"1 поколение, 2 рестайлинг",2.5 TD MT Invite,"Бахчисарай, Республика Крым",
https://auto.drom.ru/barnaul/mitsubishi/pajero_sport/565892565.html,565892565,Мицубиси Паджеро Спорт,1550000,2011,"дизель, 2.5 л",178.0,механика,4WD,серебристый,275 500,3.0,левый,2 поколение,2.5 MT Intense,Барнаул,
https://auto.drom.ru/krasnoyarsk/mitsubishi/asx/272229062.html,272229062,Мицубиси АСХ,1095000,2013,"бензин, 1.8 л",140.0,вариатор,передний,белый,171 700,,левый,"1 поколение, рестайлинг",1.8 CVT Intense,Красноярск,
https://auto.drom.ru/maslyanino/mitsubishi/asx/673639117.html,673639117,Мицубиси АСХ,980000,2010,"бензин, 1.8 л",140.0,вариатор,передний,серебристый,209 168,,левый,1 поколение,1.8 Intense,"Маслянино, Новосибирская область",
https://auto.drom.ru/cheboksary/mitsubishi/asx/788848604.html,788848604,Мицубиси АСХ,1387000,2013,"бензин, 1.8 л",140.0,вариатор,передний,черный,96 746,2.0,левый,"1 поколение, рестайлинг",1.8 CVT Invite,Чебоксары,
https://auto.drom.ru/novokuznetsk/mitsubishi/asx/867668630.html,867668630,Мицубиси АСХ,930000,2011,"бензин, 1.8 л",140.0,вариатор,передний,белый,216 000,,левый,1 поколение,1.8 Instyle,"Новокузнецк, Кемеровская область",
https://auto.drom.ru/novosibirsk/mitsubishi/asx/891179766.html,891179766,Мицубиси АСХ,1100000,2011,"бензин, 1.8 л",140.0,вариатор,передний,голубой,160 200,3.0,левый,1 поколение,1.8 Intense,Новосибирск,
https://auto.drom.ru/yevpatoriya/mitsubishi/asx/166519103.html,166519103,Мицубиси АСХ,965000,2010,"бензин, 1.8 л",140.0,вариатор,передний,серебристый,192 354,3.0,левый,1 поколение,1.8 Instyle,"Евпатория, Республика Крым",
https://auto.drom.ru/ufa/mitsubishi/asx/154907186.html,154907186,Мицубиси АСХ,1249000,2013,"бензин, 1.8 л",140.0,вариатор,передний,серый,169 000,2.0,левый,"1 поколение, рестайлинг",1.8 CVT Instyle,Уфа,
https://auto.drom.ru/omsk/mitsubishi/asx/363540776.html,363540776,Мицубиси АСХ,955000,2011,"бензин, 1.8 л",140.0,вариатор,передний,синий,260 000,,левый,1 поколение,1.8 Invite,Омск,
https://auto.drom.ru/belovo/mitsubishi/asx/254843066.html,254843066,Мицубиси АСХ,980000,2012,"бензин, 1.6 л",117.0,механика,передний,черный,306 000,2.0,левый,1 поколение,,"Белово, Кемеровская область",
https://auto.drom.ru/spb/mitsubishi/asx/152113115.html,152113115,Мицубиси АСХ,843989,2011,"бензин, 2.0 л",150.0,вариатор,4WD,серый,277 337,1.0,левый,1 поколение,,Санкт-Петербург,
https://auto.drom.ru/ulan-ude/mitsubishi/asx/183910847.html,183910847,Мицубиси АСХ,1138000,2014,"бензин, 1.8 л",140.0,вариатор,передний,белый,214,3.0,левый,"1 поколение, рестайлинг",1.8 CVT Instyle,Улан-Удэ,
https://auto.drom.ru/ekaterinburg/mitsubishi/asx/200254958.html,200254958,Мицубиси АСХ,1050000,2013,"бензин, 1.6 л",117.0,механика,передний,белый,189 000,1.0,левый,"1 поколение, рестайлинг",1.6 MT Intense,Екатеринбург,
https://auto.drom.ru/biysk/mitsubishi/asx/541923939.html,541923939,Мицубиси АСХ,990000,2010,"бензин, 1.8 л",140.0,вариатор,передний,голубой,199 999,3.0,левый,1 поколение,1.8 Intense,"Бийск, Алтайский край",
https://auto.drom.ru/kaliningrad/mitsubishi/asx/662347384.html,662347384,Мицубиси АСХ,1059000,2012,"бензин, 1.8 л",140.0,вариатор,передний,черный,226 000,,левый,"1 поколение, рестайлинг",1.8 CVT Invite,Калининград,
https://auto.drom.ru/spb/mitsubishi/asx/456411838.html,456411838,Мицубиси АСХ,799000,2012,"бензин, 1.6 л",117.0,механика,передний,черный,310 977,3.0,левый,1 поколение,,Санкт-Петербург,
https://auto.drom.ru/moscow/mitsubishi/asx/872330498.html,872330498,Мицубиси АСХ,900000,2012,"бензин, 1.6 л",117.0,механика,передний,белый,270 000,1.0,левый,"1 поколение, рестайлинг",1.6 MT Invite,Москва,
https://auto.drom.ru/kurgan/mitsubishi/asx/933371744.html,933371744,Мицубиси АСХ,1049000,2011,"бензин, 1.8 л",140.0,вариатор,передний,черный,217 800,3.0,левый,1 поколение,1.8 Invite,Курган,
https://auto.drom.ru/kemerovo/mitsubishi/asx/471735120.html,471735120,Мицубиси АСХ,949999,2012,"бензин, 1.8 л",140.0,вариатор,передний,черный,234 847,,левый,1 поколение,1.8 Instyle,Кемерово,
https://auto.drom.ru/spb/mitsubishi/asx/339298259.html,339298259,Мицубиси АСХ,1449000,2019,"бензин, 2.0 л",150.0,вариатор,4WD,серый,187 580,1.0,левый,"1 поколение, 2 рестайлинг",2.0 CVT 4WD Intense,Санкт-Петербург,
https://auto.drom.ru/lipetsk/mitsubishi/asx/662706438.html,662706438,Мицубиси АСХ,1030000,2013,"бензин, 1.8 л",140.0,вариатор,передний,серый,210 000,2.0,левый,"1 поколение, рестайлинг",1.8 CVT Intense,Липецк,
https://auto.drom.ru/tyumen/mitsubishi/asx/246128509.html,246128509,Мицубиси АСХ,1929000,2017,"бензин, 2.0 л",150.0,вариатор,4WD,белый,80 488,3.0,левый,"1 поколение, 2 рестайлинг",,Тюмень,
https://auto.drom.ru/lodeynoe-pole/mitsubishi/asx/288278333.html,288278333,Мицубиси АСХ,700000,2012,"бензин, 1.8 л",140.0,вариатор,передний,,300 000,3.0,левый,"1 поколение, рестайлинг",1.8 CVT Instyle,"Лодейное Поле, Ленинградская область",
https://auto.drom.ru/moscow/mitsubishi/outlander_sport/551393989.html,551393989,Мицубиси Аутлендер Спорт,1500000,2020,"бензин, 2.0 л",150.0,вариатор,передний,,100 000,2.0,левый,"1 поколение, 3 рестайлинг",,Москва,
https://auto.drom.ru/kropotkin/mitsubishi/outlander_sport/758988402.html,758988402,Мицубиси Аутлендер Спорт,1550000,2017,"бензин, 2.0 л",150.0,автомат,передний,серый,95 000,1.0,левый,"1 поколение, 2 рестайлинг",,"Кропоткин, Краснодарский край",
https://auto.drom.ru/rostov-na-donu/mitsubishi/outlander_sport/145545085.html,145545085,Мицубиси Аутлендер Спорт,1749000,2019,"бензин, 2.0 л",150.0,вариатор,4WD,черный,63 500,2.0,левый,"1 поколение, 2 рестайлинг",2.0 MIVEC CVT 4WD ES,Ростов-на-Дону,
https://auto.drom.ru/rostov-na-donu/mitsubishi/outlander_sport/788805026.html,788805026,Мицубиси Аутлендер Спорт,1459000,2018,"бензин, 2.0 л",150.0,вариатор,передний,черный,206 519,2.0,левый,"1 поколение, 2 рестайлинг",2.0 MIVEC CVT 2WD ES,Ростов-на-Дону,
https://auto.drom.ru/krasnoyarsk/mitsubishi/outlander_sport/268855156.html,268855156,Мицубиси Аутлендер Спорт,1829000,2018,"бензин, 2.0 л",231.0,автомат,4WD,черный,36 435,1.0,левый,"1 поколение, 2 рестайлинг",,Красноярск,
https://auto.drom.ru/matveev-kurgan/mitsubishi/outlander_sport/871480451.html,871480451,Мицубиси Аутлендер Спорт,1600000,2020,"бензин, 2.0 л",150.0,вариатор,передний,серый,180 000,1.0,левый,"1 поколение, 3 рестайлинг",2.0 MIVEC CVT 2WD SE,"Матвеев Курган, Ростовская область",
https://auto.drom.ru/krymsk/mitsubishi/outlander_sport/611458549.html,611458549,Мицубиси Аутлендер Спорт,1250000,2017,"бензин, 2.4 л",166.0,автомат,передний,серебристый,164 000,2.0,левый,"1 поколение, 2 рестайлинг",,"Крымск, Краснодарский край",
https://auto.drom.ru/moscow/mitsubishi/outlander_sport/761389450.html,761389450,Мицубиси Аутлендер Спорт,1850000,2014,"бензин, 2.0 л, ГБО",150.0,вариатор,4WD,красный,151 470,1.0,левый,"1 поколение, рестайлинг",2.0 MIVEC CVT 4WD SE,Москва,
https://auto.drom.ru/kandry/mitsubishi/outlander_sport/205639303.html,205639303,Мицубиси Аутлендер Спорт,2249000,2022,"бензин, 2.0 л",150.0,вариатор,передний,белый,123 000,2.0,левый,"1 поколение, 3 рестайлинг",,"Кандры, Республика Башкортостан",
https://auto.drom.ru/matveev-kurgan/mitsubishi/outlander_sport/237994687.html,237994687,Мицубиси Аутлендер Спорт,1350000,2015,"бензин, 2.4 л",170.0,автомат,передний,серый,203 660,1.0,левый,"1 поколение, рестайлинг",,"Матвеев Курган, Ростовская область",
https://auto.drom.ru/novosibirsk/mitsubishi/outlander_sport/935216891.html,935216891,Мицубиси Аутлендер Спорт,2160000,2019,"бензин, 2.0 л",150.0,вариатор,4WD,белый,52 800,1.0,левый,"1 поколение, 3 рестайлинг",2.0 MIVEC CVT 4WD SE,Новосибирск,
https://auto.drom.ru/samara/mitsubishi/outlander_sport/628737732.html,628737732,Мицубиси Аутлендер Спорт,1200000,2019,"бензин, 2.0 л",150.0,вариатор,передний,белый,95 000,3.0,левый,"1 поколение, 2 рестайлинг",2.0 MIVEC CVT 2WD ES,Самара,
https://auto.drom.ru/yaroslavl/mitsubishi/outlander_sport/141996541.html,141996541,Мицубиси Аутлендер Спорт,2220000,2021,"бензин, 2.0 л",150.0,вариатор,4WD,серый,100 339,1.0,левый,"1 поколение, 3 рестайлинг",,Ярославль,
https://auto.drom.ru/gubkinskiy/mitsubishi/outlander_sport/324113768.html,324113768,Мицубиси Аутлендер Спорт,1400000,2017,"бензин, 2.4 л",167.0,автомат,4WD,белый,132 000,2.0,левый,,,"Губкинский, Ямало-Ненецкий автономный округ",
https://auto.drom.ru/rostov-na-donu/mitsubishi/outlander_sport/512889021.html,512889021,Мицубиси Аутлендер Спорт,2450000,2020,"бензин, 2.0 л",150.0,вариатор,4WD,черный,90 000,1.0,левый,"1 поколение, 3 рестайлинг",2.0 MIVEC CVT 4WD SP,Ростов-на-Дону,
https://auto.drom.ru/kuybyshev/mitsubishi/outlander_sport/131781023.html,131781023,Мицубиси Аутлендер Спорт,2000000,2016,"бензин, 2.4 л",167.0,автомат,передний,черный,145 900,1.0,левый,"1 поколение, 2 рестайлинг",,"Куйбышев, Новосибирская область",
https://auto.drom.ru/ryazan/mitsubishi/outlander_sport/743770797.html,743770797,Мицубиси Аутлендер Спорт,1330000,2017,"бензин, 2.4 л",170.0,вариатор,4WD,голубой,113 700,2.0,левый,"1 поколение, 2 рестайлинг",,Рязань,
https://auto.drom.ru/bronnitsy/mitsubishi/outlander_sport/670343075.html,670343075,Мицубиси Аутлендер Спорт,1400000,2018,"бензин, 2.4 л",170.0,вариатор,4WD,,58 000,1.0,левый,"1 поколение, 2 рестайлинг",2.4 MIVEC CVT 4WD SE,"Бронницы, Московская область",
https://auto.drom.ru/rostov-na-donu/mitsubishi/outlander_sport/779480090.html,779480090,Мицубиси Аутлендер Спорт,2449000,2020,"бензин, 2.0 л",150.0,вариатор,4WD,черный,110 000,2.0,левый,"1 поколение, 3 рестайлинг",2.0 MIVEC CVT 4WD SP,Ростов-на-Дону,
https://auto.drom.ru/grachevka/mitsubishi/outlander_sport/477841207.html,477841207,Мицубиси Аутлендер Спорт,2350000,2020,"бензин, 2.0 л",150.0,вариатор,4WD,белый,120 000,2.0,левый,"1 поколение, 3 рестайлинг",2.0 MIVEC CVT 4WD ES,"Грачёвка, Ставропольский край",
https://auto.drom.ru/sochi/mitsubishi/outlander_sport/409183226.html,409183226,Мицубиси Аутлендер Спорт,2250000,2020,"бензин, 2.0 л",150.0,вариатор,4WD,белый,78 000,1.0,левый,"1 поколение, 3 рестайлинг",,"Сочи, Краснодарский край",
https://auto.drom.ru/kostroma/mitsubishi/outlander_sport/836325398.html,836325398,Мицубиси Аутлендер Спорт,2350000,2021,"бензин, 2.0 л",150.0,вариатор,4WD,серый,97 000,1.0,левый,"1 поколение, 3 рестайлинг",2.0 MIVEC CVT 4WD SE,Кострома,
https://auto.drom.ru/belokuriha/subaru/forester/364228002.html,364228002,Субару Форестер,1000000,2008,"бензин, 2.0 л",150.0,механика,4WD,серый,169 000,,левый,3 поколение,2.0 MT Comfort,"Белокуриха, Алтайский край",
https://auto.drom.ru/kemerovo/subaru/forester/879565866.html,879565866,Субару Форестер,2419000,2019,"бензин, 2.5 л",185.0,вариатор,4WD,белый,157 191,1.0,левый,5 поколение,,Кемерово,
https://auto.drom.ru/ulan-ude/subaru/forester/815432940.html,815432940,Субару Форестер,150000,1998,"бензин, 2.0 л",137.0,АКПП,4WD,серый,300 000,,правый,1 поколение,,Улан-Удэ,
https://auto.drom.ru/habarovsk/subaru/forester/588371849.html,588371849,Субару Форестер,3720000,2022,"бензин, 1.8 л",177.0,вариатор,4WD,белый,15 700,,правый,"5 поколение, рестайлинг",1.8 Sport 4WD,Хабаровск,
https://auto.drom.ru/novosibirsk/subaru/forester/484740738.html,484740738,Субару Форестер,1750000,2013,"бензин, 2.0 л",280.0,вариатор,4WD,серебристый,146 000,2.0,правый,4 поколение,,Новосибирск,
https://auto.drom.ru/izhevsk/subaru/forester/575144675.html,575144675,Субару Форестер,1469000,2013,"бензин, 2.0 л",150.0,автомат,4WD,черный,135 879,3.0,левый,,,Ижевск,
https://auto.drom.ru/usoliye-sibirskoe/subaru/forester/787041541.html,787041541,Субару Форестер,750000,2006,"бензин, 2.0 л",158.0,АКПП,4WD,черный,240 000,3.0,левый,"2 поколение, рестайлинг",,"Усолье-Сибирское, Иркутская область",
https://auto.drom.ru/tomsk/subaru/forester/643158372.html,643158372,Субару Форестер,1758000,2013,"бензин, 2.0 л",150.0,вариатор,4WD,черный,248 000,2.0,левый,4 поколение,,Томск,
https://auto.drom.ru/irkutsk/subaru/forester/841609039.html,841609039,Субару Форестер,599999,2002,"бензин, 2.0 л",220.0,АКПП,4WD,красный,222 222,,правый,2 поколение,,Иркутск,
https://auto.drom.ru/irkutsk/subaru/forester/668031215.html,668031215,Субару Форестер,345000,1997,"бензин, 2.0 л",135.0,АКПП,4WD,серый,400 000,3.0,правый,1 поколение,2.0 C/20,Иркутск,
https://auto.drom.ru/perm/subaru/forester/702431535.html,702431535,Субару Форестер,2780000,2020,"бензин, 2.0 л",150.0,вариатор,4WD,синий,50 000,1.0,левый,5 поколение,2.0i-L CVT BT Elegance,Пермь,
https://auto.drom.ru/spb/subaru/forester/826579744.html,826579744,Субару Форестер,800000,2011,"бензин, 2.0 л",150.0,АКПП,4WD,серый,350 000,3.0,левый,"3 поколение, рестайлинг",,Санкт-Петербург,
https://auto.drom.ru/vladivostok/subaru/forester/854257371.html,854257371,Субару Форестер,1750000,2015,"бензин, 2.0 л",148.0,вариатор,4WD,белый,200 000,,правый,"4 поколение, рестайлинг",2.0 S Limited 4WD,Владивосток,
https://auto.drom.ru/novosibirsk/subaru/forester/104196000.html,104196000,Субару Форестер,2020000,2017,"бензин, 2.5 л",171.0,вариатор,4WD,белый,86 411,1.0,левый,"4 поколение, рестайлинг",2.5i-L CVT LS Elegance,Новосибирск,
https://auto.drom.ru/novosibirsk/subaru/forester/151173071.html,151173071,Субару Форестер,785000,2005,"бензин, 2.0 л",158.0,АКПП,4WD,серый,250 000,,левый,"2 поколение, рестайлинг",,Новосибирск,
https://auto.drom.ru/novosibirsk/subaru/forester/246589236.html,246589236,Субару Форестер,877000,2006,"бензин, 2.0 л",158.0,АКПП,4WD,серый,213 800,1.0,левый,"2 поколение, рестайлинг",,Новосибирск,
https://auto.drom.ru/irkutsk/subaru/forester/315157861.html,315157861,Субару Форестер,565000,2002,"бензин, 2.0 л",137.0,АКПП,4WD,белый,215 620,2.0,правый,2 поколение,2.0 X,Иркутск,
https://auto.drom.ru/habarovsk/subaru/forester/129821937.html,129821937,Субару Форестер,1850000,2016,"бензин, 2.0 л",148.0,вариатор,4WD,черный,142 500,2.0,правый,"4 поколение, рестайлинг",2.0 Style Modern 4WD,Хабаровск,
https://auto.drom.ru/novosibirsk/subaru/forester/315579156.html,315579156,Субару Форестер,545000,2001,"бензин, 2.0 л, ГБО",137.0,АКПП,4WD,белый,400 000,,правый,"1 поколение, рестайлинг",,Новосибирск,
https://auto.drom.ru/novosibirsk/subaru/forester/794006016.html,794006016,Субару Форестер,1270000,2013,"бензин, 2.0 л",150.0,автомат,4WD,серебристый,245 000,1.0,левый,,,Новосибирск,
https://auto.drom.ru/novosibirsk/subaru/impreza/750893833.html,750893833,Субару Импреза,1380000,2017,"бензин, 1.6 л",115.0,вариатор,передний,серый,120 000,1.0,правый,5 поколение,,Новосибирск,
https://auto.drom.ru/moscow/subaru/impreza/772697979.html,772697979,Субару Импреза,950000,2012,"бензин, 2.0 л",150.0,вариатор,4WD,черный,115 000,2.0,левый,4 поколение,,Москва,
https://auto.drom.ru/habarovsk/subaru/impreza/604068591.html,604068591,Субару Импреза,360000,2002,"бензин, 1.5 л",100.0,АКПП,передний,серый,195 000,3.0,правый,"2 поколение, рестайлинг",1.5 sports wagon 15i,Хабаровск,
https://auto.drom.ru/komsomolsk/subaru/impreza/115271099.html,115271099,Субару Импреза,510000,2008,"бензин, 1.5 л",110.0,АКПП,передний,серый,183 000,,правый,3 поколение,1.5 i-L,"Комсомольск-на-Амуре, Хабаровский край",
https://auto.drom.ru/chita/subaru/impreza/798213657.html,798213657,Субару Импреза,560000,2006,"бензин, 1.5 л",100.0,АКПП,передний,серый,127 000,,правый,"2 поколение, 2 рестайлинг",1.5 i G package,Чита,
https://auto.drom.ru/novosibirsk/subaru/impreza/545312642.html,545312642,Субару Импреза,215000,2004,"бензин, 1.5 л",100.0,АКПП,передний,серый,200 000,,правый,"2 поколение, рестайлинг",1.5 sports wagon 15i,Новосибирск,
https://auto.drom.ru/nakhodka/subaru/impreza/819212503.html,819212503,Субару Импреза,770000,2010,"бензин, 1.5 л",110.0,АКПП,4WD,серый,197 000,2.0,правый,3 поколение,Anesis 1.5 i 4WD,"Находка, Приморский край",
https://auto.drom.ru/irkutsk/subaru/impreza/440085809.html,440085809,Субару Импреза,525000,2008,"бензин, 1.5 л",110.0,АКПП,передний,серый,245 000,3.0,правый,3 поколение,1.5 15S G package I,Иркутск,
https://auto.drom.ru/svobodniy/subaru/impreza/916923340.html,916923340,Субару Импреза,600000,2009,"бензин, 1.5 л",110.0,АКПП,передний,серый,200 000,,правый,3 поколение,1.5 i comfort selection II,"Свободный, Амурская область",
https://auto.drom.ru/ufa/subaru/impreza/857087310.html,857087310,Субару Импреза,2400000,2022,"бензин, 2.0 л",152.0,вариатор,4WD,черный,77 977,1.0,левый,"5 поколение, рестайлинг",2.0 CVT Sport,Уфа,
https://auto.drom.ru/novosibirsk/subaru/impreza/812446022.html,812446022,Субару Импреза,265000,2000,"бензин, 1.5 л",100.0,АКПП,передний,серый,155 235,,правый,2 поколение,1.5 sports wagon I's sport,Новосибирск,
https://auto.drom.ru/moscow/subaru/impreza/718778391.html,718778391,Субару Импреза,1050000,2007,"бензин, 1.5 л",107.0,механика,4WD,черный,94 000,,левый,3 поколение,,Москва,
https://auto.drom.ru/barnaul/subaru/impreza/710785097.html,710785097,Субару Импреза,380000,2002,"бензин, 2.0 л",125.0,АКПП,4WD,синий,1,1.0,левый,"2 поколение, рестайлинг",2.0 AT GX,Барнаул,
https://auto.drom.ru/ulan-ude/subaru/impreza/238965467.html,238965467,Субару Импреза,380000,2006,"бензин, 1.5 л",100.0,АКПП,передний,серый,76 000,,правый,"2 поколение, 2 рестайлинг",,Улан-Удэ,
https://auto.drom.ru/perm/subaru/impreza/534537753.html,534537753,Субару Импреза,1499000,2019,"бензин, 1.6 л",115.0,вариатор,4WD,синий,97 000,,правый,5 поколение,,Пермь,
https://auto.drom.ru/kansk/subaru/impreza/785331825.html,785331825,Субару Импреза,400000,2001,"бензин, 1.5 л",100.0,АКПП,передний,серый,400 050,3.0,правый,2 поколение,,"Канск, Красноярский край",
https://auto.drom.ru/novosibirsk/subaru/impreza/584771694.html,584771694,Субару Импреза,950000,2007,"бензин, 2.0 л, ГБО",140.0,АКПП,4WD,серый,351 000,,правый,3 поколение,,Новосибирск,
https://auto.drom.ru/samara/subaru/impreza/443448709.html,443448709,Субару Импреза,995000,2010,"бензин, 1.5 л",107.0,АКПП,4WD,бежевый,93 500,1.0,левый,3 поколение,1.5R AT,Самара,
https://auto.drom.ru/kiselevsk/subaru/impreza/753680275.html,753680275,Субару Импреза,930000,2011,"бензин, 1.5 л",110.0,АКПП,передний,черный,106 000,1.0,правый,3 поколение,1.5 i-S limited Premium package,"Киселёвск, Кемеровская область",
https://auto.drom.ru/ekaterinburg/subaru/impreza/572111233.html,572111233,Субару Импреза,500000,2006,"бензин, 1.5 л",105.0,механика,4WD,синий,240 500,,левый,"2 поколение, 2 рестайлинг",1.5R MT,Екатеринбург,
https://auto.drom.ru/novosibirsk/subaru/impreza/224242175.html,224242175,Субару Импреза,480000,2001,"бензин, 1.5 л",100.0,АКПП,передний,красный,201 715,2.0,правый,2 поколение,1.5 sports wagon I's,Новосибирск,
https://auto.drom.ru/ulan-ude/subaru/outback/948324926.html,948324926,Субару Аутбэк,2250000,2015,"бензин, 2.5 л",175.0,вариатор,4WD,серый,148 000,,правый,5 поколение,2.5 4WD,Улан-Удэ,
https://auto.drom.ru/arhangelsk/subaru/outback/390957174.html,390957174,Субару Аутбэк,990000,2009,"бензин, 2.5 л",167.0,вариатор,4WD,серый,205 806,,левый,4 поколение,2.5 CVT VA,Архангельск,
https://auto.drom.ru/novosibirsk/subaru/outback/284467117.html,284467117,Субару Аутбэк,1050000,2007,"бензин, 2.5 л",173.0,АКПП,4WD,черный,362 000,2.0,левый,"3 поколение, рестайлинг",,Новосибирск,
https://auto.drom.ru/belgorod/subaru/outback/832517978.html,832517978,Субару Аутбэк,190000,1997,"бензин, 2.5 л",150.0,АКПП,4WD,зеленый,350 000,,левый,1 поколение,,Белгород,
https://auto.drom.ru/kogalym/subaru/outback/910955338.html,910955338,Субару Аутбэк,2099000,2017,"бензин, 2.5 л",175.0,вариатор,4WD,серый,170 000,1.0,левый,5 поколение,2.5i CVT Premium,"Когалым, Ханты-Мансийский автономный округ",
https://auto.drom.ru/habarovsk/subaru/outback/875853829.html,875853829,Субару Аутбэк,3650000,2023,"бензин, 1.8 л",177.0,вариатор,4WD,белый,42 000,,правый,6 поколение,1.8 Limited EX 4WD,Хабаровск,
https://auto.drom.ru/vladivostok/subaru/outback/718287099.html,718287099,Субару Аутбэк,3800000,2019,"бензин, 3.6 л",260.0,вариатор,4WD,черный,38 000,1.0,левый,"5 поколение, рестайлинг",3.6R-S CVT ZN Black Line,Владивосток,
https://auto.drom.ru/novosibirsk/subaru/outback/150211012.html,150211012,Субару Аутбэк,970000,2004,"бензин, 3.0 л",250.0,АКПП,4WD,черный,311 600,,правый,3 поколение,3.0 Outback R L.L.Bean edition,Новосибирск,
https://auto.drom.ru/yaroslavl/subaru/outback/526898938.html,526898938,Субару Аутбэк,750000,2006,"бензин, 2.5 л",165.0,АКПП,4WD,черный,267 854,2.0,левый,3 поколение,,Ярославль,
https://auto.drom.ru/moscow/subaru/outback/551134841.html,551134841,Субару Аутбэк,5080000,2023,"бензин, 2.5 л",182.0,вариатор,4WD,белый,62 450,1.0,левый,"6 поколение, рестайлинг",2.5i CVT Limited,Москва,
https://auto.drom.ru/novonukutskiy/subaru/outback/743240830.html,743240830,Субару Аутбэк,830000,2005,"бензин, 3.0 л",245.0,АКПП,4WD,синий,298 000,,левый,3 поколение,3.0R AWD AT ZY,"Новонукутский, Иркутская область",
https://auto.drom.ru/angarsk/subaru/outback/316243417.html,316243417,Субару Аутбэк,900000,2006,"бензин, 2.5 л",165.0,механика,4WD,золотистый,328 222,,левый,"3 поколение, рестайлинг",2.5 AWD MT FQ,"Ангарск, Иркутская область",
https://auto.drom.ru/irkutsk/subaru/outback/772977249.html,772977249,Субару Аутбэк,2950000,2021,"бензин, 1.8 л",177.0,вариатор,4WD,серый,85 000,,правый,6 поколение,1.8 Limited EX 4WD,Иркутск,
https://auto.drom.ru/barnaul/subaru/outback/200258417.html,200258417,Субару Аутбэк,1590000,2015,"бензин, 2.5 л",175.0,вариатор,4WD,черный,316 550,2.0,левый,5 поколение,2.5i CVT Comfort,Барнаул,
https://auto.drom.ru/artem/subaru/outback/435650356.html,435650356,Субару Аутбэк,3200000,2022,"бензин, 1.8 л",177.0,вариатор,4WD,белый,69 500,2.0,правый,6 поколение,,"Артём, Приморский край",
https://auto.drom.ru/novosibirsk/subaru/outback/796671643.html,796671643,Субару Аутбэк,2200000,2015,"бензин, 2.5 л",175.0,вариатор,4WD,бежевый,192 000,3.0,левый,5 поколение,,Новосибирск,
https://auto.drom.ru/novosibirsk/subaru/outback/671347738.html,671347738,Субару Аутбэк,2200000,2014,"бензин, 2.5 л",167.0,вариатор,4WD,белый,133 000,2.0,левый,"4 поколение, рестайлинг",,Новосибирск,
https://auto.drom.ru/barnaul/subaru/outback/421354292.html,421354292,Субару Аутбэк,950000,2004,"бензин, 2.5 л",165.0,АКПП,4WD,черный,280 000,,левый,3 поколение,2.5 AWD AT SL,Барнаул,
https://auto.drom.ru/vladivostok/subaru/outback/813537252.html,813537252,Субару Аутбэк,1630000,2014,"бензин, 2.5 л",173.0,вариатор,4WD,белый,234 500,1.0,правый,"4 поколение, рестайлинг",2.5 i B Sports EyeSight 4WD,Владивосток,
https://auto.drom.ru/novosibirsk/subaru/outback/472304076.html,472304076,Субару Аутбэк,1400000,2014,"бензин, 2.5 л",167.0,вариатор,4WD,черный,312 687,1.0,левый,"4 поколение, рестайлинг",,Новосибирск,
https://auto.drom.ru/birobidzhan/subaru/legacy/650255376.html,650255376,Субару Легаси,1150000,2010,"бензин, 2.5 л",167.0,вариатор,4WD,синий,290,3.0,левый,5 поколение,2.5i CVT UC,Биробиджан,
https://auto.drom.ru/kavalerovo/subaru/legacy/945196521.html,945196521,Субару Легаси,200000,1995,"бензин, 2.5 л, ГБО",160.0,АКПП,4WD,синий,170 000,1.0,правый,2 поколение,2.5 touring wagon 250T air suspension,"Кавалерово, Приморский край",
https://auto.drom.ru/petropavlovsk-kamchatskiy/subaru/legacy/658070316.html,658070316,Субару Легаси,900000,2003,"бензин, 2.0 л",140.0,АКПП,4WD,черный,200 000,3.0,правый,4 поколение,,Петропавловск-Камчатский,
https://auto.drom.ru/kamen-rybolov/subaru/legacy/927444871.html,927444871,Субару Легаси,120000,1997,,,,,синий,220 000,3.0,правый,"2 поколение, рестайлинг",,"Камень-Рыболов, Приморский край",
https://auto.drom.ru/vladivostok/subaru/legacy/431073019.html,431073019,Субару Легаси,350000,1997,"бензин, 2.0 л",135.0,АКПП,4WD,белый,194 908,3.0,правый,"2 поколение, рестайлинг",2.0 touring wagon TX type S,Владивосток,
https://auto.drom.ru/spb/subaru/legacy/541795207.html,541795207,Субару Легаси,1200000,2009,"бензин, 2.5 л",265.0,АКПП,4WD,черный,240 000,,левый,5 поколение,,Санкт-Петербург,
https://auto.drom.ru/kazan/subaru/legacy/301686587.html,301686587,Субару Легаси,1400000,2012,"бензин, 2.5 л",167.0,вариатор,4WD,белый,260 000,3.0,левый,"5 поколение, рестайлинг",,Казань,
https://auto.drom.ru/irkutsk/subaru/legacy/261913124.html,261913124,Субару Легаси,750000,2005,"бензин, 2.5 л",165.0,АКПП,4WD,серый,250 000,2.0,левый,4 поколение,,Иркутск,
https://auto.drom.ru/vostok/subaru/legacy/426943109.html,426943109,Субару Легаси,150000,2004,"бензин, 2.5 л",165.0,АКПП,4WD,серый,160 000,2.0,левый,4 поколение,,"Восток, Приморский край",
https://auto.drom.ru/barnaul/subaru/legacy/150616029.html,150616029,Субару Легаси,510000,2001,"бензин, 2.0 л",137.0,АКПП,4WD,белый,300 000,,правый,3 поколение,,Барнаул,
https://auto.drom.ru/khanty-mansiysk/subaru/legacy/556383888.html,556383888,Субару Легаси,1650000,2010,"бензин, 2.5 л",265.0,АКПП,4WD,черный,325 000,,левый,5 поколение,,Ханты-Мансийск,
https://auto.drom.ru/irkutsk/subaru/legacy/627233263.html,627233263,Субару Легаси,500000,2001,"бензин, 2.0 л",137.0,АКПП,4WD,синий,353 257,2.0,правый,"3 поколение, рестайлинг",2.0 touring wagon TX,Иркутск,
https://auto.drom.ru/rostov-na-donu/subaru/legacy/821322537.html,821322537,Субару Легаси,1600000,2022,"бензин, 2.5 л",182.0,вариатор,4WD,серый,68 000,1.0,левый,7 поколение,,Ростов-на-Дону,
https://auto.drom.ru/krasnoyarsk/subaru/legacy/158780785.html,158780785,Субару Легаси,1050000,2003,"бензин, 2.0 л",280.0,механика,4WD,серый,350 000,,правый,4 поколение,2.0 touring wagon GT,Красноярск,
https://auto.drom.ru/petropavlovsk-kamchatskiy/subaru/legacy/863917756.html,863917756,Субару Легаси,800000,2004,"бензин, 2.0 л",140.0,АКПП,4WD,серый,230 000,,правый,4 поколение,2.0 touring wagon i,Петропавловск-Камчатский,
https://auto.drom.ru/blagoveshchensk/subaru/legacy/567263291.html,567263291,Субару Легаси,2250000,2018,"бензин, 2.5 л",175.0,вариатор,4WD,серый,126 946,1.0,левый,"6 поколение, рестайлинг",,Благовещенск,
https://auto.drom.ru/iskitim/subaru/legacy/410423540.html,410423540,Субару Легаси,650000,2003,"бензин, 2.0 л",140.0,АКПП,4WD,серый,298 399,3.0,правый,4 поколение,,"Искитим, Новосибирская область",
https://auto.drom.ru/irkutsk/subaru/legacy/147985683.html,147985683,Субару Легаси,420000,2002,"бензин, 2.0 л",137.0,АКПП,4WD,белый,304 926,,правый,"3 поколение, рестайлинг",2.0 touring wagon Brighton,Иркутск,
https://auto.drom.ru/spb/subaru/legacy/743417078.html,743417078,Субару Легаси,390000,2001,"бензин, 2.5 л",156.0,АКПП,4WD,синий,320 500,,левый,3 поколение,2.5 AT GX,Санкт-Петербург,
https://auto.drom.ru/barnaul/subaru/legacy/404652858.html,404652858,Субару Легаси,800000,2003,"бензин, 2.0 л",140.0,АКПП,4WD,серебристый,110 000,,правый,4 поколение,2.0 touring wagon i Casual edition,Барнаул,
https://auto.drom.ru/habarovsk/subaru/xv/702081935.html,702081935,Субару ХВ,2200000,2021,"бензин, 1.6 л",115.0,вариатор,4WD,белый,45 381,1.0,правый,"2 поколение, рестайлинг",1.6i-L EyeSight 4WD,Хабаровск,
https://auto.drom.ru/moscow/subaru/xv/376771989.html,376771989,Субару ХВ,2300000,2018,"бензин, 2.0 л",150.0,вариатор,4WD,синий,115 000,2.0,левый,2 поколение,2.0i-S CVT JG Elegance,Москва,
https://auto.drom.ru/ufa/subaru/xv/383876527.html,383876527,Субару ХВ,1579000,2012,"бензин, 2.0 л",150.0,вариатор,4WD,серый,85 031,3.0,левый,1 поколение,,Уфа,
https://auto.drom.ru/kemerovo/subaru/xv/470609155.html,470609155,Субару ХВ,1630995,2017,"бензин, 2.0 л",154.0,вариатор,4WD,белый,143 653,1.0,правый,2 поколение,,Кемерово,
https://auto.drom.ru/suhoy-log/subaru/xv/707700295.html,707700295,Субару ХВ,1110000,2013,"бензин, 2.0 л",150.0,вариатор,4WD,оранжевый,272 000,3.0,левый,1 поколение,2.0 S CVT FG,"Сухой Лог, Свердловская область",
https://auto.drom.ru/krasnokamensk/subaru/xv/231810149.html,231810149,Субару ХВ,1800000,2013,"бензин, 2.0 л",150.0,вариатор,4WD,белый,89 000,1.0,правый,1 поколение,2.0i-L EyeSight 4WD,"Краснокаменск, Забайкальский край",
https://auto.drom.ru/novosibirsk/subaru/xv/169129132.html,169129132,Субару ХВ,1595000,2014,"бензин, 2.0 л",150.0,вариатор,4WD,белый,168 427,,левый,1 поколение,2.0 S CVT FG,Новосибирск,
https://auto.drom.ru/yuzhno-sakhalinsk/subaru/xv/553076857.html,553076857,Субару ХВ,2300000,2019,"бензин, 2.0 л",154.0,вариатор,4WD,белый,127 200,1.0,правый,2 поколение,,Южно-Сахалинск,
https://auto.drom.ru/vladivostok/subaru/xv/734068717.html,734068717,Субару ХВ,1850000,2022,"бензин, 1.6 л",115.0,вариатор,4WD,серый,103 000,1.0,правый,"2 поколение, рестайлинг",1.6i EyeSight 4WD,Владивосток,
https://auto.drom.ru/barnaul/subaru/xv/753325583.html,753325583,Субару ХВ,1349000,2012,"бензин, 2.0 л",150.0,вариатор,4WD,серебристый,211 781,2.0,левый,1 поколение,,Барнаул,
https://auto.drom.ru/tyumen/subaru/xv/865183593.html,865183593,Субару ХВ,1260000,2012,"бензин, 1.6 л",114.0,вариатор,4WD,белый,99 455,1.0,левый,1 поколение,1.6 CVT BL,Тюмень,
https://auto.drom.ru/aldan/subaru/xv/167317672.html,167317672,Субару ХВ,1550000,2017,"бензин, 1.6 л",115.0,вариатор,4WD,черный,170 546,3.0,правый,2 поколение,,"Алдан, Республика Саха (Якутия)",
https://auto.drom.ru/ussuriisk/subaru/xv/102847816.html,102847816,Субару ХВ,1180000,2015,"бензин, 2.0 л, гибрид",150.0,вариатор,4WD,белый,175 000,3.0,правый,1 поколение,Hybrid 2.0i-L EyeSight 4WD,"Уссурийск, Приморский край",
https://auto.drom.ru/moscow/subaru/xv/565654135.html,565654135,Субару ХВ,2720000,2021,"бензин, 1.6 л",114.0,вариатор,4WD,серый,72 500,1.0,левый,2 поколение,1.6i CVT Base,Москва,
https://auto.drom.ru/ryazan/subaru/xv/909674112.html,909674112,Субару ХВ,2300000,2020,"бензин, 1.6 л",115.0,вариатор,4WD,серый,92 300,1.0,правый,2 поколение,1.6i-L EyeSight 4WD,Рязань,
https://auto.drom.ru/barnaul/subaru/xv/351291502.html,351291502,Субару ХВ,1249000,2012,"бензин, 2.0 л",150.0,вариатор,4WD,серый,307 446,3.0,левый,1 поколение,,Барнаул,
https://auto.drom.ru/blagoveshchensk/subaru/xv/949760464.html,949760464,Субару ХВ,2050000,2019,"бензин, 2.0 л, гибрид",145.0,вариатор,4WD,голубой,103 000,1.0,правый,2 поколение,2.0e-S EyeSight 4WD,Благовещенск,
https://auto.drom.ru/barnaul/subaru/xv/442342755.html,442342755,Субару ХВ,1399000,2013,"бензин, 2.0 л",150.0,вариатор,4WD,красный,232 209,2.0,левый,1 поколение,,Барнаул,
https://auto.drom.ru/vladivostok/subaru/xv/227823080.html,227823080,Субару ХВ,1659000,2022,"бензин, 2.0 л, гибрид",145.0,вариатор,4WD,серебристый,110 000,,правый,"2 поколение, рестайлинг",2.0 Advance Style Edition 4WD,,
https://auto.drom.ru/vladivostok/subaru/xv/556641870.html,556641870,Субару ХВ,1950000,2019,"бензин, 2.0 л",154.0,вариатор,4WD,голубой,96 000,1.0,правый,2 поколение,2.0i-S EyeSight 4WD,Владивосток,
https://auto.drom.ru/gayduk/suzuki/grand_vitara/194465078.html,194465078,Сузуки Гранд Витара,370000,2001,"бензин, 2.5 л",144.0,АКПП,4WD,серебристый,400 000,3.0,левый,1 поколение,2.5 AT,"Гайдук, Краснодарский край",
https://auto.drom.ru/yazykovo-ufa/suzuki/grand_vitara/848538464.html,848538464,Сузуки Гранд Витара,910000,2011,"бензин, 2.0 л",140.0,АКПП,4WD,,301 000,,левый,"2 поколение, рестайлинг",,"Языково, Республика Башкортостан",
https://auto.drom.ru/chita/suzuki/grand_vitara/563863885.html,563863885,Сузуки Гранд Витара,850000,2006,"бензин, 2.0 л",140.0,АКПП,4WD,серый,35 000,2.0,левый,2 поколение,,Чита,
https://auto.drom.ru/nizhniy-novgorod/suzuki/grand_vitara/781171955.html,781171955,Сузуки Гранд Витара,320000,2001,"бензин, 2.7 л",173.0,автомат,4WD,синий,260 714,2.0,левый,,,Нижний Новгород,
https://auto.drom.ru/ulan-ude/suzuki/grand_vitara/124433806.html,124433806,Сузуки Гранд Витара,1140000,2010,"бензин, 2.4 л",169.0,АКПП,4WD,,190 000,2.0,левый,"2 поколение, рестайлинг",2.4 AT Comfort,Улан-Удэ,
https://auto.drom.ru/tomsk/suzuki/grand_vitara/799284198.html,799284198,Сузуки Гранд Витара,850000,2005,"бензин, 2.7 л",185.0,АКПП,4WD,бордовый,165 000,3.0,левый,2 поколение,,Томск,
https://auto.drom.ru/novosibirsk/suzuki/grand_vitara/650714735.html,650714735,Сузуки Гранд Витара,970000,2008,"бензин, 2.0 л",140.0,АКПП,4WD,серебристый,208 000,3.0,левый,2 поколение,,Новосибирск,
https://auto.drom.ru/surgut/suzuki/grand_vitara/882647391.html,882647391,Сузуки Гранд Витара,679000,2007,"бензин, 2.0 л",140.0,механика,4WD,красный,217 438,2.0,левый,2 поколение,,"Сургут, Ханты-Мансийский автономный округ",
https://auto.drom.ru/simferopol/suzuki/grand_vitara/580112371.html,580112371,Сузуки Гранд Витара,729000,2008,"бензин, 2.0 л",140.0,механика,4WD,серебристый,199 404,3.0,левый,2 поколение,,Симферополь,
https://auto.drom.ru/ekaterinburg/suzuki/grand_vitara/764189468.html,764189468,Сузуки Гранд Витара,879000,2011,"бензин, 2.4 л",169.0,АКПП,4WD,бежевый,288 244,,левый,"2 поколение, рестайлинг",,Екатеринбург,
https://auto.drom.ru/ulan-ude/suzuki/grand_vitara/790925963.html,790925963,Сузуки Гранд Витара,1050000,2011,"бензин, 2.0 л",140.0,АКПП,4WD,серебристый,120 000,3.0,левый,"2 поколение, рестайлинг",2.0 AT SE Exclusive,Улан-Удэ,
https://auto.drom.ru/vladivostok/suzuki/grand_vitara/474602701.html,474602701,Сузуки Гранд Витара,630000,2006,"бензин, 2.0 л",140.0,АКПП,4WD,черный,153 000,,левый,2 поколение,2.0 AT Base (кожа),Владивосток,
https://auto.drom.ru/artem/suzuki/grand_vitara/931289839.html,931289839,Сузуки Гранд Витара,670000,2011,"бензин, 2.0 л",140.0,АКПП,4WD,красный,210 000,2.0,левый,"2 поколение, рестайлинг",,"Артём, Приморский край",
https://auto.drom.ru/yakutsk/suzuki/grand_vitara/739138171.html,739138171,Сузуки Гранд Витара,675000,2004,"бензин, 2.0 л",128.0,АКПП,4WD,серый,180 000,3.0,левый,1 поколение,,Якутск,
https://auto.drom.ru/usk-kut/suzuki/grand_vitara/512295203.html,512295203,Сузуки Гранд Витара,470000,2000,"бензин, 2.0 л",128.0,АКПП,4WD,синий,254 100,3.0,левый,1 поколение,,"Усть-Кут, Иркутская область",
https://auto.drom.ru/belovo/suzuki/grand_vitara/568516978.html,568516978,Сузуки Гранд Витара,619000,2005,"бензин, 2.0 л",140.0,АКПП,4WD,серебристый,240 000,,левый,2 поколение,2.0 AT Comfort+,"Белово, Кемеровская область",
https://auto.drom.ru/prokopyevsk/suzuki/grand_vitara/615050492.html,615050492,Сузуки Гранд Витара,730000,2008,"бензин, 2.0 л",140.0,механика,4WD,серебристый,200 000,,левый,"2 поколение, рестайлинг",2.0 MT JLX-A,"Прокопьевск, Кемеровская область",
https://auto.drom.ru/moscow/suzuki/grand_vitara/771816777.html,771816777,Сузуки Гранд Витара,1250000,2011,"бензин, 2.0 л",140.0,АКПП,4WD,синий,149 000,2.0,левый,"2 поколение, рестайлинг",2.0 AT JLX-A,Москва,
https://auto.drom.ru/ulan-ude/suzuki/grand_vitara/449596543.html,449596543,Сузуки Гранд Витара,820000,2007,"бензин, 2.0 л",140.0,АКПП,4WD,черный,180 000,3.0,левый,2 поколение,2.0 AT Base (кожа),Улан-Удэ,
https://auto.drom.ru/novosibirsk/suzuki/grand_vitara/791571056.html,791571056,Сузуки Гранд Витара,850000,2008,"бензин, 2.0 л",140.0,АКПП,4WD,бежевый,208 800,1.0,левый,2 поколение,2.0 AT Base,Новосибирск,
https://auto.drom.ru/novosibirsk/suzuki/grand_vitara/349717971.html,349717971,Сузуки Гранд Витара,650000,2003,"бензин, 2.0 л, ГБО",128.0,АКПП,4WD,,190 000,,левый,1 поколение,2.0 AT,Новосибирск,
https://auto.drom.ru/kirov/suzuki/jimny/625107942.html,625107942,Сузуки Джимни,1230000,2017,"бензин, 0.7 л",64.0,механика,4WD,зеленый,35 000,,правый,"3 поколение, 2 рестайлинг",660 Land Venture 4WD,Киров,
https://auto.drom.ru/nakhodka/suzuki/jimny/401400393.html,401400393,Сузуки Джимни,700000,2013,"бензин, 0.7 л",64.0,механика,4WD,коричневый,114 726,3.0,правый,"3 поколение, 2 рестайлинг",660 X Adventure 4WD,"Находка, Приморский край",
https://auto.drom.ru/nakhodka/suzuki/jimny/505983157.html,505983157,Сузуки Джимни,1200000,2004,"бензин, 1.0 л",105.0,механика,4WD,серый,175 000,2.0,левый,3 поколение,,"Находка, Приморский край",
https://auto.drom.ru/yakutsk/suzuki/jimny/181482034.html,181482034,Сузуки Джимни,700000,2009,"бензин, 0.7 л",64.0,АКПП,4WD,белый,175 000,,правый,"3 поколение, рестайлинг",660 Wild Wind 4WD,Якутск,
https://auto.drom.ru/ussuriisk/suzuki/jimny/893188159.html,893188159,Сузуки Джимни,740000,2013,"бензин, 0.7 л",64.0,АКПП,4WD,голубой,166 100,1.0,правый,"3 поколение, 2 рестайлинг",,"Уссурийск, Приморский край",
https://auto.drom.ru/vladivostok/suzuki/jimny/328510275.html,328510275,Сузуки Джимни,2585000,2026,"бензин, 1.5 л",102.0,АКПП,4WD,бежевый,,,правый,4 поколение,Nomade 1.5 FC 4WD,,
https://auto.drom.ru/ussuriisk/suzuki/jimny/367046614.html,367046614,Сузуки Джимни,1410000,2021,"бензин, 0.7 л",64.0,АКПП,4WD,зеленый,33 000,1.0,правый,4 поколение,660 XC 4WD,"Уссурийск, Приморский край",
https://auto.drom.ru/novorossiysk/suzuki/jimny/353638897.html,353638897,Сузуки Джимни,540000,2003,"бензин, 1.3 л",82.0,АКПП,4WD,бежевый,244 000,,левый,3 поколение,1.3 4WD AT JLX,"Новороссийск, Краснодарский край",
https://auto.drom.ru/vladivostok/suzuki/jimny/443094167.html,443094167,Сузуки Джимни,735000,2012,"бензин, 0.7 л",64.0,АКПП,4WD,голубой,114 570,1.0,правый,"3 поколение, 2 рестайлинг",660 X Adventure 4WD,Владивосток,
https://auto.drom.ru/vladivostok/suzuki/jimny/899681926.html,899681926,Сузуки Джимни,437000,2010,"бензин, 0.7 л",64.0,АКПП,4WD,серебристый,132 000,,правый,"3 поколение, рестайлинг",660 XC 4WD,,
https://auto.drom.ru/novokuznetsk/suzuki/jimny/908272952.html,908272952,Сузуки Джимни,850000,2009,"бензин, 0.7 л",64.0,АКПП,4WD,черный,109 000,1.0,правый,"3 поколение, рестайлинг",,"Новокузнецк, Кемеровская область",
https://auto.drom.ru/chita/suzuki/jimny/701250223.html,701250223,Сузуки Джимни,1250000,2013,"бензин, 0.7 л",64.0,АКПП,4WD,синий,104 000,1.0,правый,"3 поколение, 2 рестайлинг",660 X Adventure 4WD,Чита,
https://auto.drom.ru/ussuriisk/suzuki/jimny/684661599.html,684661599,Сузуки Джимни,1490000,2021,"бензин, 0.7 л",64.0,АКПП,4WD,черный,46 000,1.0,правый,4 поколение,,"Уссурийск, Приморский край",
https://auto.drom.ru/spb/suzuki/jimny/338680100.html,338680100,Сузуки Джимни,2999000,2021,"бензин, 1.5 л",102.0,АКПП,4WD,черный,52 000,1.0,левый,4 поколение,1.5 AT GLX,Санкт-Петербург,
https://auto.drom.ru/barnaul/suzuki/jimny/832087023.html,832087023,Сузуки Джимни,699000,2010,"бензин, 0.7 л",64.0,АКПП,4WD,черный,106 750,1.0,правый,"3 поколение, рестайлинг",660 XG 4WD,Барнаул,
https://auto.drom.ru/vladivostok/suzuki/jimny/250557623.html,250557623,Сузуки Джимни,562000,2013,"бензин, 0.7 л",64.0,АКПП,4WD,черный,137 685,,правый,"3 поколение, 2 рестайлинг",660 X Adventure 4WD,,
https://auto.drom.ru/vladivostok/suzuki/jimny/409939952.html,409939952,Сузуки Джимни,557000,2012,"бензин, 0.7 л",64.0,АКПП,4WD,синий,41 000,,правый,"3 поколение, 2 рестайлинг",660 XG 4WD,,
https://auto.drom.ru/svobodniy/suzuki/jimny/303190269.html,303190269,Сузуки Джимни,750000,2010,"бензин, 0.7 л",64.0,АКПП,4WD,белый,118 000,2.0,правый,"3 поколение, рестайлинг",,"Свободный, Амурская область",
https://auto.drom.ru/vladivostok/suzuki/jimny/558598344.html,558598344,Сузуки Джимни,1050000,2010,"бензин, 0.7 л",64.0,механика,4WD,белый,121 886,2.0,правый,"3 поколение, рестайлинг",,Владивосток,
https://auto.drom.ru/vladivostok/suzuki/jimny/608724035.html,608724035,Сузуки Джимни,1140000,2018,"бензин, 0.7 л",64.0,механика,4WD,белый,123 000,2.0,правый,"3 поколение, 2 рестайлинг",660 XC 4WD,Владивосток,
https://auto.drom.ru/nizhnekamsk/suzuki/sx4/559437019.html,559437019,Сузуки SX4,705000,2012,"бензин, 1.6 л",112.0,механика,4WD,серый,142 398,2.0,левый,"1 поколение, рестайлинг",1.6 MT 4WD GL,"Нижнекамск, Республика Татарстан",
https://auto.drom.ru/krasnoyarsk/suzuki/sx4/524094208.html,524094208,Сузуки SX4,777000,2011,"бензин, 1.6 л",120.0,механика,4WD,синий,177 000,1.0,левый,"1 поколение, рестайлинг",,Красноярск,
https://auto.drom.ru/vanino/suzuki/sx4/911506902.html,911506902,Сузуки SX4,650000,2007,"бензин, 1.5 л",110.0,АКПП,передний,серый,220 000,,правый,1 поколение,,"Ванино, Хабаровский край",
https://auto.drom.ru/novorossiysk/suzuki/sx4/714953645.html,714953645,Сузуки SX4,470000,2008,"бензин, 1.6 л",107.0,механика,передний,оранжевый,255 000,2.0,левый,1 поколение,1.6 MT 2WD GL-X,"Новороссийск, Краснодарский край",
https://auto.drom.ru/birobidzhan/suzuki/sx4/254569117.html,254569117,Сузуки SX4,500000,2010,"бензин, 1.5 л",111.0,АКПП,передний,серебристый,300 000,1.0,правый,1 поколение,1.5 G,Биробиджан,
https://auto.drom.ru/sevastopol/suzuki/sx4/779309707.html,779309707,Сузуки SX4,797000,2008,"бензин, 1.6 л",107.0,АКПП,передний,белый,255 960,,левый,1 поколение,1.6 AT 2WD GL-X,"Севастополь, Республика Крым",
https://auto.drom.ru/liski/suzuki/sx4/776063088.html,776063088,Сузуки SX4,670000,2010,"бензин, 1.6 л",112.0,АКПП,передний,черный,219 000,,левый,"1 поколение, рестайлинг",1.6 AT GL,"Лиски, Воронежская область",
https://auto.drom.ru/ufa/suzuki/sx4/934063582.html,934063582,Сузуки SX4,889000,2010,"бензин, 1.6 л",112.0,механика,4WD,черный,158 810,,левый,"1 поколение, рестайлинг",,Уфа,
https://auto.drom.ru/ekaterinburg/suzuki/sx4/819739303.html,819739303,Сузуки SX4,780000,2012,"бензин, 1.6 л",112.0,механика,передний,черный,204 195,2.0,левый,"1 поколение, рестайлинг",1.6 MT GLX,Екатеринбург,
https://auto.drom.ru/vladivostok/suzuki/sx4/193523722.html,193523722,Сузуки SX4,1280000,2015,"бензин, 1.6 л",117.0,вариатор,4WD,зеленый,87 300,1.0,правый,2 поколение,S-Cross 1.6 4WD,Владивосток,
https://auto.drom.ru/omsk/suzuki/sx4/858448783.html,858448783,Сузуки SX4,799000,2012,"бензин, 1.6 л",112.0,АКПП,передний,черный,92 000,,левый,"1 поколение, рестайлинг",,Омск,
https://auto.drom.ru/spb/suzuki/sx4/658588570.html,658588570,Сузуки SX4,879700,2010,"бензин, 1.6 л",112.0,АКПП,передний,оранжевый,153 246,3.0,левый,"1 поколение, рестайлинг",,Санкт-Петербург,
https://auto.drom.ru/spb/suzuki/sx4/832712606.html,832712606,Сузуки SX4,600000,2008,"бензин, 1.6 л",107.0,механика,4WD,красный,149 000,1.0,левый,1 поколение,1.6 MT 4WD GL-X,Санкт-Петербург,
https://auto.drom.ru/khanty-mansiysk/suzuki/sx4/145159569.html,145159569,Сузуки SX4,1300000,2014,"бензин, 1.6 л",117.0,вариатор,передний,зеленый,230 000,3.0,левый,2 поколение,1.6 CVT 2WD GLX+,Ханты-Мансийск,
https://auto.drom.ru/ekaterinburg/suzuki/sx4/433344009.html,433344009,Сузуки SX4,1189000,2013,"бензин, 1.6 л",112.0,АКПП,передний,серый,72 169,2.0,левый,"1 поколение, рестайлинг",1.6 AT GLX,Екатеринбург,
https://auto.drom.ru/vladivostok/suzuki/sx4/898509867.html,898509867,Сузуки SX4,500000,2006,"бензин, 1.5 л",110.0,АКПП,4WD,белый,108 645,,правый,1 поколение,,Владивосток,
https://auto.drom.ru/yakutsk/suzuki/sx4/349820532.html,349820532,Сузуки SX4,900000,2011,"бензин, 1.6 л",112.0,АКПП,4WD,оранжевый,230 000,2.0,левый,"1 поколение, рестайлинг",1.6 AT 4WD GLX,Якутск,
https://auto.drom.ru/krasnodar/suzuki/sx4/178359432.html,178359432,Сузуки SX4,1180000,2014,"бензин, 1.6 л",117.0,вариатор,передний,зеленый,147 000,3.0,левый,2 поколение,1.6 CVT 2WD GLX,Краснодар,
https://auto.drom.ru/kansk/suzuki/sx4/644709656.html,644709656,Сузуки SX4,700000,2008,"бензин, 1.6 л",107.0,АКПП,передний,черный,198 261,2.0,левый,1 поколение,1.6 AT 2WD Comfort,"Канск, Красноярский край",
https://auto.drom.ru/izhevsk/suzuki/sx4/854214176.html,854214176,Сузуки SX4,950000,2012,"бензин, 1.6 л",112.0,АКПП,4WD,синий,175 000,3.0,левый,"1 поколение, рестайлинг",1.6 AT 4WD GLX,Ижевск,
https://auto.drom.ru/kazan/suzuki/vitara/887688151.html,887688151,Сузуки Витара,180000,1992,1.6 л,46.0,автомат,4WD,черный,158 000,2.0,левый,1 поколение,,Казань,
https://auto.drom.ru/moscow/suzuki/vitara/540131009.html,540131009,Сузуки Витара,1850000,2020,"бензин, 1.6 л",117.0,АКПП,4WD,серый,200 000,3.0,левый,"4 поколение, рестайлинг",,Москва,
https://auto.drom.ru/shahty/suzuki/vitara/484500101.html,484500101,Сузуки Витара,1650000,2016,"бензин, 1.6 л",117.0,АКПП,передний,белый,165 000,,левый,4 поколение,1.6 AT 2WD GL+,"Шахты, Ростовская область",
https://auto.drom.ru/solnechnogorsk/suzuki/vitara/265994608.html,265994608,Сузуки Витара,1100000,2015,"бензин, 1.6 л",117.0,механика,передний,серый,110 000,1.0,левый,4 поколение,1.6 MT 2WD GL,"Солнечногорск, Московская область",
https://auto.drom.ru/telma/suzuki/vitara/219265373.html,219265373,Сузуки Витара,2250000,2019,"бензин, 1.4 л",140.0,АКПП,4WD,серый,56 500,1.0,левый,"4 поколение, рестайлинг",1.4 AT 4WD GLX,"Тельма, Иркутская область",
https://auto.drom.ru/telma/suzuki/vitara/482103402.html,482103402,Сузуки Витара,2198000,2019,"бензин, 1.4 л",140.0,АКПП,4WD,бежевый,60 000,2.0,левый,4 поколение,1.4 AT 4WD S,"Тельма, Иркутская область",
https://auto.drom.ru/chelyabinsk/suzuki/vitara/644311783.html,644311783,Сузуки Витара,1750000,2016,"бензин, 1.6 л",117.0,механика,4WD,голубой,80 000,1.0,левый,4 поколение,1.6 MT 4WD GL+,Челябинск,
https://auto.drom.ru/kaliningrad/suzuki/vitara/748211258.html,748211258,Сузуки Витара,1790000,2017,"бензин, 1.6 л",117.0,АКПП,4WD,белый,99 000,1.0,левый,4 поколение,1.6 AT 4WD GL+,Калининград,
https://auto.drom.ru/pyt-yah/suzuki/vitara/901832090.html,901832090,Сузуки Витара,2220000,2021,"бензин, 1.6 л",117.0,АКПП,4WD,серый,102 924,1.0,левый,"4 поколение, рестайлинг",,"Пыть-Ях, Ханты-Мансийский автономный округ",
https://auto.drom.ru/biysk/suzuki/vitara/681422669.html,681422669,Сузуки Витара,510000,2000,"бензин, 2.0 л",127.0,АКПП,4WD,красный,235 500,,левый,2 поколение,2.0 AT 4WD Cabrio JLX,"Бийск, Алтайский край",
https://auto.drom.ru/simferopol/suzuki/vitara/682943104.html,682943104,Сузуки Витара,500000,2002,"бензин, 2.0 л",126.0,механика,задний,зеленый,220 000,3.0,левый,1 поколение,,Симферополь,
https://auto.drom.ru/talmenka/suzuki/vitara/581474860.html,581474860,Сузуки Витара,430000,1995,"бензин, 2.0 л",136.0,механика,4WD,зеленый,352 000,,левый,1 поколение,2.0 MT Sport,"Тальменка, Алтайский край",
https://auto.drom.ru/novosibirsk/suzuki/vitara/427168174.html,427168174,Сузуки Витара,390000,2000,"бензин, 2.0 л",127.0,механика,4WD,черный,200 000,3.0,левый,2 поколение,2.0 MT 4WD Cabrio JLX,Новосибирск,
https://auto.drom.ru/moscow/suzuki/vitara/558399113.html,558399113,Сузуки Витара,1450000,2016,"бензин, 1.6 л",117.0,АКПП,передний,серый,138 000,2.0,левый,4 поколение,1.6 AT 2WD GL,Москва,
https://auto.drom.ru/vologda/suzuki/vitara/608209957.html,608209957,Сузуки Витара,1549000,2015,"бензин, 1.6 л",117.0,АКПП,передний,серый,112 674,3.0,левый,4 поколение,1.6 AT 2WD GL,Вологда,
https://auto.drom.ru/spb/suzuki/vitara/459446407.html,459446407,Сузуки Витара,1699000,2017,"бензин, 1.6 л",117.0,АКПП,4WD,серый,141 300,1.0,левый,4 поколение,1.6 AT 4WD GLX,Санкт-Петербург,
https://auto.drom.ru/omsk/suzuki/vitara/136019576.html,136019576,Сузуки Витара,1765000,2019,"бензин, 1.4 л",140.0,АКПП,передний,желтый,139 008,1.0,левый,"4 поколение, рестайлинг",1.4 AT 2WD GLX,Омск,
https://auto.drom.ru/spb/suzuki/vitara/647002090.html,647002090,Сузуки Витара,1365000,2018,"бензин, 1.6 л",117.0,механика,передний,белый,179 896,1.0,левый,4 поколение,1.6 MT 2WD GL,Санкт-Петербург,
https://auto.drom.ru/moscow/suzuki/vitara/555625561.html,555625561,Сузуки Витара,1280000,2015,"бензин, 1.6 л",117.0,механика,передний,серый,104 915,,левый,4 поколение,1.6 MT 2WD GL,Москва,
https://auto.drom.ru/novosibirsk/suzuki/vitara/731699115.html,731699115,Сузуки Витара,600000,2000,"бензин, 2.0 л",127.0,АКПП,4WD,белый,190 000,,левый,2 поколение,2.0 AT 4WD Cabrio JLX,Новосибирск,
https://auto.drom.ru/habarovsk/nissan/patrol/900435438.html,900435438,Ниссан Патрол,2680000,2011,"бензин, 5.6 л",405.0,АКПП,4WD,белый,216 413,,левый,6 поколение,5.6 AT 4WD Top,Хабаровск,
https://auto.drom.ru/svobodniy/nissan/patrol/589697017.html,589697017,Ниссан Патрол,2200000,2005,"дизель, 3.0 л",160.0,АКПП,4WD,черный,230 000,1.0,левый,"5 поколение, 2 рестайлинг",3.0 Di AT Elegance,"Свободный, Амурская область",
https://auto.drom.ru/novosibirsk/nissan/patrol/709430279.html,709430279,Ниссан Патрол,1800000,2012,"бензин, 5.6 л",405.0,АКПП,4WD,белый,230 000,2.0,левый,6 поколение,5.6 AT 4WD Top,Новосибирск,
https://auto.drom.ru/novosibirsk/nissan/patrol/446942633.html,446942633,Ниссан Патрол,2140000,2012,"бензин, 5.6 л",405.0,АКПП,4WD,белый,235 000,,левый,6 поколение,,Новосибирск,
https://auto.drom.ru/novosibirsk/nissan/patrol/411260844.html,411260844,Ниссан Патрол,1700000,2011,"бензин, 5.6 л",405.0,АКПП,4WD,белый,295 652,,левый,6 поколение,5.6 AT 4WD Top,Новосибирск,
https://auto.drom.ru/krasnoyarsk/nissan/patrol/150208126.html,150208126,Ниссан Патрол,2267000,2012,"бензин, 5.6 л",405.0,АКПП,4WD,бордовый,165 847,,левый,6 поколение,5.6 AT 4WD Top,Красноярск,
https://auto.drom.ru/biysk/nissan/patrol/829380238.html,829380238,Ниссан Патрол,3050000,2001,"дизель, 3.0 л",158.0,АКПП,4WD,серый,304 000,3.0,левый,5 поколение,3.0 TD AT Luxury,"Бийск, Алтайский край",
https://auto.drom.ru/ryazan/nissan/patrol/809210920.html,809210920,Ниссан Патрол,1600000,2012,"бензин, 5.6 л, ГБО",405.0,АКПП,4WD,,344 000,3.0,левый,6 поколение,5.6 AT 4WD High,Рязань,
https://auto.drom.ru/chelyabinsk/nissan/patrol/462385209.html,462385209,Ниссан Патрол,2589000,2012,"бензин, 5.6 л",405.0,АКПП,4WD,фиолетовый,113 000,,левый,6 поколение,,Челябинск,
https://auto.drom.ru/komsomolsk/nissan/patrol/414017903.html,414017903,Ниссан Патрол,1400000,2003,"дизель, 3.0 л",158.0,механика,4WD,серый,354 000,3.0,левый,"5 поколение, рестайлинг",3.0 Di MT Elegance,"Комсомольск-на-Амуре, Хабаровский край",
https://auto.drom.ru/novosibirsk/nissan/patrol/411883636.html,411883636,Ниссан Патрол,1000000,2003,"дизель, 3.0 л",158.0,АКПП,4WD,золотистый,363 000,3.0,левый,"5 поколение, рестайлинг",3.0 Di AT Elegance,Новосибирск,
https://auto.drom.ru/omsk/nissan/patrol/339037313.html,339037313,Ниссан Патрол,1950000,2010,"бензин, 5.6 л",405.0,АКПП,4WD,белый,186 000,3.0,левый,6 поколение,5.6 AT 4WD Top,Омск,
https://auto.drom.ru/yaroslavl/nissan/patrol/573863494.html,573863494,Ниссан Патрол,1799000,2013,"бензин, 5.6 л",405.0,АКПП,4WD,серебристый,237 435,1.0,левый,6 поколение,5.6 AT 4WD High,Ярославль,
https://auto.drom.ru/omsk/nissan/patrol/525050939.html,525050939,Ниссан Патрол,1690000,2008,"дизель, 3.0 л",160.0,АКПП,4WD,черный,268 000,2.0,левый,"5 поколение, 2 рестайлинг",3.0 AT Elegance,Омск,
https://auto.drom.ru/biysk/nissan/patrol/743791154.html,743791154,Ниссан Патрол,4100000,2007,"бензин, 4.8 л",245.0,АКПП,4WD,золотистый,245 000,3.0,левый,"5 поколение, 2 рестайлинг",4.8 AT Elegance,"Бийск, Алтайский край",
https://auto.drom.ru/omsk/nissan/patrol/823008135.html,823008135,Ниссан Патрол,1340000,2003,"дизель, 3.0 л",158.0,АКПП,4WD,серый,240 000,,левый,"5 поколение, рестайлинг",,Омск,
https://auto.drom.ru/palatka/nissan/patrol/319763228.html,319763228,Ниссан Патрол,2975000,2010,"бензин, 5.6 л",405.0,АКПП,4WD,черный,259 866,3.0,левый,6 поколение,,"Палатка, Магаданская область",
https://auto.drom.ru/novosibirsk/nissan/patrol/295363016.html,295363016,Ниссан Патрол,518000,1998,"дизель, 2.8 л",130.0,механика,4WD,зеленый,252 000,1.0,левый,5 поколение,2.8 TDi MT Base,Новосибирск,
https://auto.drom.ru/habarovsk/nissan/patrol/705735310.html,705735310,Ниссан Патрол,1579000,2004,"дизель, 3.0 л",160.0,АКПП,4WD,черный,220 639,,левый,"5 поколение, 2 рестайлинг",3.0 Di AT Elegance,Хабаровск,
https://auto.drom.ru/irkutsk/nissan/patrol/270288395.html,270288395,Ниссан Патрол,2565000,2015,"бензин, 5.6 л",405.0,АКПП,4WD,серый,234 000,1.0,левый,"6 поколение, рестайлинг",5.6 AT 4WD Top,Иркутск,
https://auto.drom.ru/moscow/infiniti/qx50/820666329.html,820666329,Инфинити Ку Икс 50,3890000,2023,"бензин, 2.0 л",268.0,вариатор,передний,черный,55 500,1.0,левый,2 поколение,2.0 CVT Luxe,Москва,
https://auto.drom.ru/ulan-ude/infiniti/qx50/155171040.html,155171040,Инфинити Ку Икс 50,1799000,2013,"бензин, 2.5 л",222.0,АКПП,4WD,белый,210 000,,левый,1 поколение,2.5 Hi-Tech AWD,Улан-Удэ,
https://auto.drom.ru/habarovsk/infiniti/qx50/590865461.html,590865461,Инфинити Ку Икс 50,1875000,2013,"бензин, 2.5 л",222.0,АКПП,4WD,белый,80 000,2.0,левый,1 поколение,2.5 Elite AWD,Хабаровск,
https://auto.drom.ru/kirov/infiniti/qx50/700715084.html,700715084,Инфинити Ку Икс 50,1325000,2013,"бензин, 2.5 л",222.0,АКПП,4WD,черный,199 000,2.0,левый,1 поколение,2.5 Elite AWD,Киров,
https://auto.drom.ru/biysk/infiniti/qx50/835740777.html,835740777,Инфинити Ку Икс 50,1900000,2013,"бензин, 2.5 л",222.0,АКПП,4WD,черный,217 000,3.0,левый,1 поколение,2.5 Elite AWD,"Бийск, Алтайский край",
https://auto.drom.ru/habarovsk/infiniti/qx50/288406778.html,288406778,Инфинити Ку Икс 50,3100000,2018,"бензин, 2.0 л",249.0,вариатор,4WD,серый,126 500,2.0,левый,2 поколение,2.0 CVT Autograph Proactive,Хабаровск,
https://auto.drom.ru/ekaterinburg/infiniti/qx50/118136447.html,118136447,Инфинити Ку Икс 50,2699000,2021,"бензин, 2.0 л",249.0,вариатор,4WD,белый,45 796,2.0,левый,2 поколение,2.0 CVT Pure,Екатеринбург,
https://auto.drom.ru/satka/infiniti/qx50/195351571.html,195351571,Инфинити Ку Икс 50,2550000,2019,"бензин, 2.0 л",272.0,автомат,4WD,коричневый,125 000,1.0,левый,2 поколение,,"Сатка, Челябинская область",
https://auto.drom.ru/tyumen/infiniti/qx50/53775754.html,53775754,Инфинити Ку Икс 50,3570000,2019,"бензин, 2.0 л",249.0,вариатор,4WD,белый,115 000,2.0,левый,2 поколение,2.0 CVT Sensory,Тюмень,
https://auto.drom.ru/irkutsk/infiniti/qx50/685101258.html,685101258,Инфинити Ку Икс 50,2200000,2016,"бензин, 2.5 л",222.0,АКПП,4WD,черный,166 700,,левый,"1 поколение, рестайлинг",2.5 Elite AWD,Иркутск,
https://auto.drom.ru/moscow/infiniti/qx50/944601284.html,944601284,Инфинити Ку Икс 50,1800000,2018,"бензин, 2.0 л",249.0,автомат,4WD,коричневый,235 000,1.0,правый,,,Москва,
https://auto.drom.ru/tyumen/infiniti/qx50/109907615.html,109907615,Инфинити Ку Икс 50,2089000,2017,"бензин, 2.5 л",222.0,АКПП,4WD,черный,147 355,,левый,"1 поколение, рестайлинг",2.5 Hi-Tech AWD,Тюмень,
https://auto.drom.ru/vladivostok/infiniti/qx50/776441267.html,776441267,Инфинити Ку Икс 50,3450000,2019,"бензин, 2.0 л",272.0,вариатор,4WD,синий,73 000,1.0,левый,2 поколение,2.0 CVT 4WD Luxury,Владивосток,
https://auto.drom.ru/turtas/infiniti/qx50/212054791.html,212054791,Инфинити Ку Икс 50,3099000,2018,"бензин, 2.0 л",249.0,вариатор,4WD,белый,155 000,1.0,левый,2 поколение,2.0 CVT Pure,"Туртас, Тюменская область",
https://auto.drom.ru/krasnoyarsk/infiniti/qx50/730150911.html,730150911,Инфинити Ку Икс 50,3997000,2021,"бензин, 2.0 л",272.0,вариатор,4WD,красный,32 000,,левый,2 поколение,2.0 CVT 4WD Luxury,Красноярск,
https://auto.drom.ru/moscow/infiniti/qx50/508374400.html,508374400,Инфинити Ку Икс 50,2369000,2020,"бензин, 2.0 л",249.0,вариатор,4WD,красный,121 050,1.0,левый,2 поколение,2.0 CVT Luxe,Москва,
https://auto.drom.ru/kazan/infiniti/qx50/895874759.html,895874759,Инфинити Ку Икс 50,1949000,2014,"бензин, 2.5 л",222.0,АКПП,4WD,фиолетовый,155 259,1.0,левый,1 поколение,2.5 Elite AWD,Казань,
https://auto.drom.ru/moscow/infiniti/qx50/945510109.html,945510109,Инфинити Ку Икс 50,1797000,2015,"бензин, 2.5 л",222.0,АКПП,4WD,черный,192 000,1.0,левый,1 поколение,2.5 Elite AWD,Москва,
https://auto.drom.ru/strezhevoy/infiniti/qx50/665162867.html,665162867,Инфинити Ку Икс 50,2290000,2014,"бензин, 2.5 л",222.0,АКПП,4WD,бордовый,64 000,1.0,левый,1 поколение,2.5 Elite AWD,"Стрежевой, Томская область",
https://auto.drom.ru/moscow/infiniti/qx50/864474380.html,864474380,Инфинити Ку Икс 50,1500000,2013,"бензин, 2.5 л",222.0,АКПП,4WD,черный,307 000,3.0,левый,1 поколение,2.5 Hi-Tech AWD,Москва,
https://auto.drom.ru/tyumen/infiniti/qx60/794283114.html,794283114,Инфинити Ку Икс 60,2363000,2014,"бензин, 3.5 л",262.0,вариатор,4WD,черный,188 000,,левый,1 поколение,3.5 Elegance,Тюмень,
https://auto.drom.ru/tyumen/infiniti/qx60/403474106.html,403474106,Инфинити Ку Икс 60,2249000,2018,"бензин, 3.5 л",262.0,вариатор,4WD,белый,90 000,,левый,"1 поколение, рестайлинг",,Тюмень,
https://auto.drom.ru/irkutsk/infiniti/qx60/899365285.html,899365285,Инфинити Ку Икс 60,1990000,2018,"бензин, 3.5 л",295.0,вариатор,4WD,черный,140 000,2.0,левый,"1 поколение, рестайлинг",3.5 AWD,Иркутск,
https://auto.drom.ru/tyumen/infiniti/qx60/423054303.html,423054303,Инфинити Ку Икс 60,1899000,2014,"бензин, 3.5 л",262.0,вариатор,4WD,белый,158 826,,левый,1 поколение,3.5 Elite,Тюмень,
https://auto.drom.ru/kazan/infiniti/qx60/108221113.html,108221113,Инфинити Ку Икс 60,1927000,2015,"бензин, 3.5 л",262.0,вариатор,4WD,фиолетовый,107 670,1.0,левый,1 поколение,3.5 Elegance,Казань,
https://auto.drom.ru/ust-labinsk/infiniti/qx60/742506337.html,742506337,Инфинити Ку Икс 60,1770000,2015,"бензин, 2.5 л, гибрид",231.0,вариатор,4WD,серый,140 000,2.0,левый,1 поколение,2.5 Elite + Roof Rail HEV,"Усть-Лабинск, Краснодарский край",
https://auto.drom.ru/novokuznetsk/infiniti/qx60/756451208.html,756451208,Инфинити Ку Икс 60,1490000,2013,"бензин, 3.5 л",262.0,вариатор,4WD,черный,281 221,,левый,1 поколение,,"Новокузнецк, Кемеровская область",
https://auto.drom.ru/monchegorsk/infiniti/qx60/646346059.html,646346059,Инфинити Ку Икс 60,1680000,2015,"бензин, 2.5 л, гибрид",231.0,вариатор,4WD,черный,182 000,2.0,левый,1 поколение,2.5 Premium + Roof Rail HEV,"Мончегорск, Мурманская область",
https://auto.drom.ru/omsk/infiniti/qx60/259787183.html,259787183,Инфинити Ку Икс 60,2250000,2014,"бензин, 3.5 л",265.0,вариатор,4WD,белый,125 000,2.0,левый,1 поколение,3.5 AWD,Омск,
https://auto.drom.ru/novocherkassk/infiniti/qx60/254255356.html,254255356,Инфинити Ку Икс 60,1769000,2014,"бензин, 2.5 л, гибрид",231.0,вариатор,4WD,фиолетовый,179 919,3.0,левый,1 поколение,2.5 Premium HEV,"Новочеркасск, Ростовская область",
https://auto.drom.ru/spb/infiniti/qx60/719959904.html,719959904,Инфинити Ку Икс 60,2399000,2017,"бензин, 3.5 л",262.0,вариатор,4WD,белый,96 482,3.0,левый,"1 поколение, рестайлинг",,Санкт-Петербург,
https://auto.drom.ru/korolev/infiniti/qx60/151617083.html,151617083,Инфинити Ку Икс 60,1500000,2014,"бензин, 3.5 л",262.0,вариатор,4WD,белый,163 000,3.0,левый,1 поколение,,"Королёв, Московская область",
https://auto.drom.ru/nefteyugansk/infiniti/qx60/142222121.html,142222121,Инфинити Ку Икс 60,3300000,2019,"бензин, 3.5 л",283.0,вариатор,4WD,белый,130 000,,левый,"1 поколение, рестайлинг",3.5 CVT Premium,"Нефтеюганск, Ханты-Мансийский автономный округ",
https://auto.drom.ru/moscow/infiniti/qx60/876511893.html,876511893,Инфинити Ку Икс 60,3190000,2018,"бензин, 3.5 л",262.0,вариатор,4WD,черный,89 000,1.0,левый,"1 поколение, рестайлинг",3.5 Premium + Roof Rail,Москва,
https://auto.drom.ru/vladikavkaz/infiniti/qx60/920244025.html,920244025,Инфинити Ку Икс 60,2280000,2014,"бензин, 3.5 л",262.0,вариатор,4WD,бежевый,180 000,1.0,левый,1 поколение,,Владикавказ,
https://auto.drom.ru/nefteyugansk/infiniti/qx60/575405136.html,575405136,Инфинити Ку Икс 60,2100000,2015,"бензин, 3.5 л",262.0,вариатор,4WD,бордовый,134 000,,левый,1 поколение,3.5 Elegance + Roof Rail,"Нефтеюганск, Ханты-Мансийский автономный округ",
https://auto.drom.ru/moscow/infiniti/qx60/538443688.html,538443688,Инфинити Ку Икс 60,7190000,2026,"бензин, 2.0 л",252.0,АКПП,4WD,черный,,,левый,2 поколение,,Москва,
https://auto.drom.ru/moscow/infiniti/qx60/907805786.html,907805786,Инфинити Ку Икс 60,3100000,2018,"бензин, 3.5 л",262.0,вариатор,4WD,серый,38 649,1.0,левый,"1 поколение, рестайлинг",3.5 Elegance + Roof Rail,Москва,
https://auto.drom.ru/tomsk/infiniti/qx60/723852935.html,723852935,Инфинити Ку Икс 60,2285000,2014,"бензин, 3.5 л",262.0,вариатор,4WD,черный,153 243,3.0,левый,1 поколение,3.5 Elite,Томск,
https://auto.drom.ru/ufa/infiniti/qx60/622331124.html,622331124,Инфинити Ку Икс 60,2199000,2016,"бензин, 3.5 л",265.0,вариатор,4WD,серый,123 139,2.0,левый,1 поколение,,Уфа,
https://auto.drom.ru/moscow/infiniti/qx60/686217274.html,686217274,Инфинити Ку Икс 60,6500000,2023,"бензин, 3.5 л",295.0,АКПП,4WD,бежевый,24 300,1.0,левый,2 поколение,3.5 AT Autograph,Москва,
https://auto.drom.ru/moscow/infiniti/qx80/170901188.html,170901188,Инфинити Ку Икс 80,16290000,2026,"бензин, 3.5 л",450.0,АКПП,4WD,черный,32,,левый,2 поколение,3.5 AT AWD Autograph,,
https://auto.drom.ru/chelyabinsk/infiniti/qx80/115805822.html,115805822,Инфинити Ку Икс 80,2750000,2018,"бензин, 5.6 л",405.0,АКПП,4WD,белый,93 000,1.0,левый,"1 поколение, 2 рестайлинг",5.6 AT Luxe Sensory ProActive (7-местный),Челябинск,
https://auto.drom.ru/omsk/infiniti/qx80/201416386.html,201416386,Инфинити Ку Икс 80,4750000,2018,"бензин, 5.6 л",405.0,АКПП,4WD,белый,77 108,1.0,левый,"1 поколение, 2 рестайлинг",5.6 AT Luxe Sensory ProActive (8-местный),Омск,
https://auto.drom.ru/ulan-ude/infiniti/qx80/153960479.html,153960479,Инфинити Ку Икс 80,3550000,2015,"бензин, 5.6 л",405.0,АКПП,4WD,черный,220 000,3.0,левый,"1 поколение, рестайлинг",5.6 AWD Hi-tech (7-местный),Улан-Удэ,
https://auto.drom.ru/novosibirsk/infiniti/qx80/183560283.html,183560283,Инфинити Ку Икс 80,2999000,2014,"бензин, 5.6 л",405.0,АКПП,4WD,черный,181 000,3.0,левый,"1 поколение, рестайлинг",,Новосибирск,
https://auto.drom.ru/pokachi/infiniti/qx80/866520919.html,866520919,Инфинити Ку Икс 80,4600000,2020,"бензин, 5.6 л",405.0,АКПП,4WD,желтый,292 000,1.0,левый,"1 поколение, 2 рестайлинг",5.6 AT Luxe Sensory (7-местный),"Покачи, Ханты-Мансийский автономный округ",
https://auto.drom.ru/spb/infiniti/qx80/897353415.html,897353415,Инфинити Ку Икс 80,16990000,2025,"бензин, 3.5 л",450.0,АКПП,4WD,серый,20,1.0,левый,2 поколение,3.5 AT AWD Autograph,Санкт-Петербург,
https://auto.drom.ru/spb/infiniti/qx80/913455262.html,913455262,Инфинити Ку Икс 80,8627000,2022,"бензин, 5.6 л",405.0,АКПП,4WD,белый,10 549,1.0,левый,"1 поколение, 2 рестайлинг",5.6 AT Luxe Sensory (7-местный),Санкт-Петербург,
https://auto.drom.ru/minsk/infiniti/qx80/174420957.html,174420957,Инфинити Ку Икс 80,15100000,2024,"бензин, 3.5 л",450.0,АКПП,4WD,черный,81,1.0,левый,2 поколение,,Минск,
https://auto.drom.ru/moscow/infiniti/qx80/818934686.html,818934686,Инфинити Ку Икс 80,16290000,2026,"бензин, 3.5 л",450.0,АКПП,4WD,черный,34,,левый,2 поколение,3.5 AT AWD Autograph,,
https://auto.drom.ru/habarovsk/infiniti/qx80/358640601.html,358640601,Инфинити Ку Икс 80,4290000,2018,"бензин, 5.6 л",405.0,АКПП,4WD,черный,205 000,2.0,левый,"1 поколение, 2 рестайлинг",5.6 AT Luxe Sensory ProActive (8-местный),Хабаровск,
https://auto.drom.ru/moscow/infiniti/qx80/102451282.html,102451282,Инфинити Ку Икс 80,6200000,2018,"бензин, 5.6 л",405.0,АКПП,4WD,черный,96 000,3.0,левый,"1 поколение, 2 рестайлинг",5.6 AT Luxe Sensory ProActive (8-местный),Москва,
https://auto.drom.ru/salehard/infiniti/qx80/597283655.html,597283655,Инфинити Ку Икс 80,4000000,2016,"бензин, 5.6 л",405.0,АКПП,4WD,белый,208 403,3.0,левый,"1 поколение, рестайлинг",5.6 AWD (8-местный),Салехард,
https://auto.drom.ru/vladivostok/infiniti/qx80/697188595.html,697188595,Инфинити Ку Икс 80,6000000,2020,"бензин, 5.6 л",405.0,АКПП,4WD,золотистый,84 000,1.0,левый,"1 поколение, 2 рестайлинг",5.6 AT Luxe Sensory (8-местный),Владивосток,
https://auto.drom.ru/vladivostok/infiniti/qx80/565928301.html,565928301,Инфинити Ку Икс 80,5400000,2019,"бензин, 5.6 л",405.0,АКПП,4WD,серый,120 000,2.0,левый,"1 поколение, 2 рестайлинг",5.6 AT Luxe Sensory ProActive (8-местный),Владивосток,
https://auto.drom.ru/moscow/infiniti/qx80/148244702.html,148244702,Инфинити Ку Икс 80,3250000,2017,"бензин, 5.6 л",405.0,АКПП,4WD,белый,194 039,2.0,левый,"1 поколение, рестайлинг",5.6 AWD Hi-tech (7-местный),Москва,
https://auto.drom.ru/habarovsk/infiniti/qx80/204032652.html,204032652,Инфинити Ку Икс 80,5500000,2019,"бензин, 5.6 л",405.0,АКПП,4WD,серебристый,82 505,1.0,левый,"1 поколение, 2 рестайлинг",5.6 AT Luxe Sensory (7-местный),Хабаровск,
https://auto.drom.ru/spb/infiniti/qx80/889396656.html,889396656,Инфинити Ку Икс 80,16990000,2025,"бензин, 3.5 л",450.0,АКПП,4WD,черный,20,1.0,левый,2 поколение,3.5 AT AWD Autograph,Санкт-Петербург,
https://auto.drom.ru/krasnodar/infiniti/qx80/101269312.html,101269312,Инфинити Ку Икс 80,2478000,2014,"бензин, 5.6 л",405.0,АКПП,4WD,белый,275 000,3.0,левый,"1 поколение, рестайлинг",5.6 AWD Hi-tech (8-местный),Краснодар,
https://auto.drom.ru/ufa/infiniti/qx80/569919186.html,569919186,Инфинити Ку Икс 80,4700000,2015,"бензин, 5.6 л",405.0,АКПП,4WD,черный,93 309,2.0,левый,"1 поколение, рестайлинг",5.6 AWD Hi-tech (7-местный),Уфа,
https://auto.drom.ru/chelyabinsk/infiniti/q50/424330673.html,424330673,Инфинити Ку 50,2090000,2015,"бензин, 2.0 л",211.0,АКПП,задний,белый,155 000,3.0,левый,4 поколение,,Челябинск,
https://auto.drom.ru/derbent/infiniti/q50/174320649.html,174320649,Инфинити Ку 50,1750000,2014,"бензин, 2.0 л",211.0,АКПП,задний,белый,79 600,3.0,левый,4 поколение,,"Дербент, Республика Дагестан",
https://auto.drom.ru/odintsovo/infiniti/q50/892029240.html,892029240,Инфинити Ку 50,1850000,2014,"бензин, 2.0 л",211.0,АКПП,задний,голубой,162 000,2.0,левый,4 поколение,2.0 Elegance + NAVI,"Одинцово, Московская область",
https://auto.drom.ru/moscow/infiniti/q50/417419401.html,417419401,Инфинити Ку 50,1920000,2014,"бензин, 2.0 л",211.0,АКПП,задний,черный,98 500,1.0,левый,4 поколение,2.0 Elegance + NAVI,Москва,
https://auto.drom.ru/tyumen/infiniti/q50/931773359.html,931773359,Инфинити Ку 50,1750000,2014,"бензин, 2.0 л",211.0,АКПП,задний,белый,95 200,2.0,левый,4 поколение,2.0 Premium + NAVI,Тюмень,
https://auto.drom.ru/spb/infiniti/q50/580410764.html,580410764,Инфинити Ку 50,1790000,2016,"бензин, 2.0 л",211.0,АКПП,задний,черный,150 900,2.0,левый,4 поколение,2.0 Business,Санкт-Петербург,
https://auto.drom.ru/nefteyugansk/infiniti/q50/759984554.html,759984554,Инфинити Ку 50,1888888,2017,"бензин, 2.0 л",211.0,АКПП,задний,белый,176 600,1.0,левый,4 поколение,2.0 Business + NAVI,"Нефтеюганск, Ханты-Мансийский автономный округ",
https://auto.drom.ru/ozersk-chelyabinsk/infiniti/q50/701566042.html,701566042,Инфинити Ку 50,2550000,2017,"бензин, 2.0 л",211.0,АКПП,задний,черный,155 000,3.0,левый,"4 поколение, рестайлинг",2.0 Luxe,"Озёрск, Челябинская область",
https://auto.drom.ru/krasnoyarsk/infiniti/q50/716835638.html,716835638,Инфинити Ку 50,1800000,2014,"бензин, 2.0 л",211.0,АКПП,задний,серебристый,95 000,1.0,левый,4 поколение,2.0 Elegance + NAVI,Красноярск,
https://auto.drom.ru/omsk/infiniti/q50/599361843.html,599361843,Инфинити Ку 50,2050000,2017,"бензин, 2.0 л",211.0,АКПП,задний,черный,186 700,,левый,4 поколение,,Омск,
https://auto.drom.ru/irkutsk/infiniti/q50/183027437.html,183027437,Инфинити Ку 50,2400000,2015,"бензин, 2.0 л",211.0,АКПП,задний,красный,129 156,,левый,4 поколение,2.0 Premium + NAVI,Иркутск,
https://auto.drom.ru/tyumen/infiniti/q50/277494258.html,277494258,Инфинити Ку 50,1800000,2014,"бензин, 2.0 л",211.0,АКПП,задний,белый,210 000,,левый,4 поколение,2.0 Elegance + NAVI,Тюмень,
https://auto.drom.ru/novosibirsk/infiniti/q50/251900170.html,251900170,Инфинити Ку 50,3300000,2019,"бензин, 3.0 л",304.0,автомат,4WD,черный,74 700,2.0,левый,"4 поколение, рестайлинг",,Новосибирск,
https://auto.drom.ru/rostov-na-donu/infiniti/q50/422952014.html,422952014,Инфинити Ку 50,2060000,2017,"бензин, 2.0 л",211.0,АКПП,задний,серебристый,102 194,2.0,левый,4 поколение,,Ростов-на-Дону,
https://auto.drom.ru/novorossiysk/infiniti/q50/382410648.html,382410648,Инфинити Ку 50,1590000,2015,"бензин, 2.0 л",211.0,АКПП,задний,черный,200 000,,левый,4 поколение,2.0 Premium,"Новороссийск, Краснодарский край",
https://auto.drom.ru/ekaterinburg/infiniti/q50/437596145.html,437596145,Инфинити Ку 50,2150000,2018,"бензин, 2.0 л",211.0,АКПП,задний,черный,158 000,,левый,"4 поколение, рестайлинг",2.0 Pure,Екатеринбург,
https://auto.drom.ru/sevastopol/infiniti/q50/880202908.html,880202908,Инфинити Ку 50,1650000,2015,"бензин, 2.0 л",211.0,АКПП,задний,черный,198 000,,левый,4 поколение,,"Севастополь, Республика Крым",
https://auto.drom.ru/barnaul/infiniti/q50/143535707.html,143535707,Инфинити Ку 50,1599000,2017,"бензин, 2.0 л",211.0,АКПП,задний,синий,118 800,,левый,4 поколение,,Барнаул,
https://auto.drom.ru/spb/infiniti/q50/195903511.html,195903511,Инфинити Ку 50,2650000,2017,"бензин, 3.0 л",405.0,АКПП,4WD,синий,117 000,1.0,левый,4 поколение,3.0 Sport + NAVI,Санкт-Петербург,
https://auto.drom.ru/voronezh/infiniti/q50/195260899.html,195260899,Инфинити Ку 50,1530000,2015,"бензин, 2.0 л",211.0,АКПП,задний,коричневый,213 046,,левый,4 поколение,,Воронеж,
https://auto.drom.ru/kaluga/volkswagen/polo/282187181.html,282187181,Фольксваген Поло,750000,2014,"бензин, 1.6 л",105.0,механика,передний,,280 000,3.0,левый,5 поколение,1.6 MPI MT Comfortline,Калуга,
https://auto.drom.ru/ufa/volkswagen/polo/712044829.html,712044829,Фольксваген Поло,1650000,2020,"бензин, 1.6 л",90.0,механика,передний,серый,61 846,2.0,левый,6 поколение,1.6 MPI MT Respect,Уфа,
https://auto.drom.ru/katyr-yurt/volkswagen/polo/743847779.html,743847779,Фольксваген Поло,590000,2018,"бензин, 1.6 л",110.0,АКПП,передний,,230 000,,левый,"5 поколение, рестайлинг",,"Катыр-Юрт, Чеченская Республика",
https://auto.drom.ru/armavir/volkswagen/polo/179807053.html,179807053,Фольксваген Поло,1350000,2021,"бензин, 1.6 л",110.0,АКПП,передний,белый,128 000,3.0,левый,6 поколение,,"Армавир, Краснодарский край",
https://auto.drom.ru/spb/volkswagen/polo/865001573.html,865001573,Фольксваген Поло,399000,2011,"бензин, 1.6 л",105.0,механика,передний,черный,184 000,,левый,5 поколение,1.6 MPI MT Comfortline,Санкт-Петербург,
https://auto.drom.ru/krasnoyarsk/volkswagen/polo/136943637.html,136943637,Фольксваген Поло,850000,2014,"бензин, 1.6 л",105.0,АКПП,передний,синий,120 000,,левый,5 поколение,,Красноярск,
https://auto.drom.ru/omsk/volkswagen/polo/279043658.html,279043658,Фольксваген Поло,850000,2012,"бензин, 1.6 л",105.0,АКПП,передний,серебристый,221 273,,левый,5 поколение,,Омск,
https://auto.drom.ru/cheboksary/volkswagen/polo/482950904.html,482950904,Фольксваген Поло,1480000,2022,"бензин, 1.6 л",110.0,АКПП,передний,белый,106 152,1.0,левый,6 поколение,1.6 MPI AT Respect,Чебоксары,
https://auto.drom.ru/moscow/volkswagen/polo/597278113.html,597278113,Фольксваген Поло,911000,2020,"бензин, 1.6 л",110.0,АКПП,передний,белый,258 000,1.0,левый,6 поколение,1.6 MPI AT Exclusive,Москва,
https://auto.drom.ru/primorskiy-krym/volkswagen/polo/448476993.html,448476993,Фольксваген Поло,1050000,2020,"бензин, 1.6 л",110.0,АКПП,передний,белый,187 000,,левый,"5 поколение, рестайлинг",1.6 MPI AT Connect,"Приморский, Республика Крым",
https://auto.drom.ru/kemerovo/volkswagen/polo/701496371.html,701496371,Фольксваген Поло,1630000,2022,"бензин, 1.6 л",110.0,АКПП,передний,черный,70 516,1.0,левый,6 поколение,,Кемерово,
https://auto.drom.ru/ekaterinburg/volkswagen/polo/240855133.html,240855133,Фольксваген Поло,325000,2011,"бензин, 1.6 л",105.0,механика,передний,белый,185 000,,левый,5 поколение,1.6 MPI MT Comfortline,Екатеринбург,
https://auto.drom.ru/tyumen/volkswagen/polo/631815553.html,631815553,Фольксваген Поло,1229000,2018,"бензин, 1.6 л",110.0,механика,передний,серый,94 740,1.0,левый,"5 поколение, рестайлинг",,Тюмень,
https://auto.drom.ru/moscow/volkswagen/polo/468140968.html,468140968,Фольксваген Поло,1250000,2021,"бензин, 1.6 л",110.0,АКПП,передний,белый,267 147,3.0,левый,6 поколение,1.6 MPI AT Respect,Москва,
https://auto.drom.ru/ryazan/volkswagen/polo/527999011.html,527999011,Фольксваген Поло,420000,2008,"бензин, 1.4 л",80.0,механика,передний,серебристый,227 441,,левый,"4 поколение, рестайлинг",,Рязань,
https://auto.drom.ru/tver/volkswagen/polo/356068629.html,356068629,Фольксваген Поло,1847000,2021,"бензин, 1.6 л",110.0,АКПП,передний,серый,86 995,2.0,левый,6 поколение,1.6 MPI AT Exclusive,Тверь,
https://auto.drom.ru/orenburg/volkswagen/polo/892320266.html,892320266,Фольксваген Поло,1304000,2019,"бензин, 1.6 л",110.0,АКПП,передний,красный,102 641,2.0,левый,"5 поколение, рестайлинг",1.6 MPI AT Allstar,Оренбург,
https://auto.drom.ru/krasnoyarsk/volkswagen/polo/703414658.html,703414658,Фольксваген Поло,850000,2013,"бензин, 1.6 л",105.0,АКПП,передний,красный,219 000,3.0,левый,5 поколение,1.6 MPI Tiptronic Sochi Edition,Красноярск,
https://auto.drom.ru/tula/volkswagen/polo/53400675.html,53400675,Фольксваген Поло,2070000,2021,"бензин, 1.6 л",110.0,АКПП,передний,серый,48 000,1.0,левый,6 поколение,1.6 MPI AT Exclusive,Тула,
https://auto.drom.ru/sochi/volkswagen/polo/153370450.html,153370450,Фольксваген Поло,929000,2016,"бензин, 1.6 л",110.0,механика,передний,белый,132 680,3.0,левый,"5 поколение, рестайлинг",,"Сочи, Краснодарский край",
https://auto.drom.ru/pskov/volkswagen/golf/348043671.html,348043671,Фольксваген Гольф,60000,1989,"бензин, 1.3 л",55.0,механика,передний,серый,302 943,3.0,левый,"2 поколение, рестайлинг",1.3 MT,Псков,
https://auto.drom.ru/izhevsk/volkswagen/golf/257371131.html,257371131,Фольксваген Гольф,1590000,2011,"бензин, 2.0 л",211.0,робот,передний,черный,181 182,,правый,6 поколение,2.0 GTI,Ижевск,
https://auto.drom.ru/harovsk/volkswagen/golf/787787708.html,787787708,Фольксваген Гольф,135000,1999,"бензин, 1.4 л",75.0,механика,передний,черный,300 000,,левый,4 поколение,1.4 MT Base 5dr.,"Харовск, Вологодская область",
https://auto.drom.ru/sochi/volkswagen/golf/682878191.html,682878191,Фольксваген Гольф,135000,1993,"бензин, 1.6 л",75.0,механика,передний,красный,200 000,,левый,3 поколение,1.6 MT GL 5dr.,"Сочи, Краснодарский край",
https://auto.drom.ru/yablonovskiy/volkswagen/golf/754122752.html,754122752,Фольксваген Гольф,1990000,2018,"бензин, 1.4 л",125.0,робот,передний,синий,108 796,1.0,левый,"7 поколение, рестайлинг",,"Яблоновский, Республика Адыгея",
https://auto.drom.ru/girey/volkswagen/golf/674762095.html,674762095,Фольксваген Гольф,450000,1998,"бензин, 1.4 л",75.0,механика,передний,синий,329 540,,левый,4 поколение,,"Гирей, Краснодарский край",
https://auto.drom.ru/tomsk/volkswagen/golf/831833119.html,831833119,Фольксваген Гольф,1300000,2018,"бензин, 1.2 л",105.0,робот,передний,синий,149 000,2.0,правый,"7 поколение, рестайлинг",,Томск,
https://auto.drom.ru/spb/volkswagen/golf/615131239.html,615131239,Фольксваген Гольф,450000,2011,"бензин, 1.4 л",122.0,робот,передний,золотистый,235 000,3.0,левый,6 поколение,1.4 TSI DSG Comfortline 5dr.,Санкт-Петербург,
https://auto.drom.ru/polevskoy/volkswagen/golf/699674763.html,699674763,Фольксваген Гольф,615000,2012,"бензин, 1.2 л",105.0,механика,передний,серебристый,220 000,2.0,левый,6 поколение,,"Полевской, Свердловская область",
https://auto.drom.ru/yablonovskiy/volkswagen/golf/204004763.html,204004763,Фольксваген Гольф,1559000,2016,"бензин, 1.4 л",125.0,робот,передний,синий,125 557,2.0,левый,7 поколение,1.4 TSI DSG Comfortline 5dr.,"Яблоновский, Республика Адыгея",
https://auto.drom.ru/kazan/volkswagen/golf/164648782.html,164648782,Фольксваген Гольф,579000,2011,"бензин, 1.6 л",102.0,механика,передний,черный,275 600,,левый,6 поколение,,Казань,
https://auto.drom.ru/krasnodar/volkswagen/golf/662590749.html,662590749,Фольксваген Гольф,510000,2012,"бензин, 1.2 л",86.0,механика,передний,черный,188 000,2.0,левый,6 поколение,1.2 TSI MT Comfortline 5dr.,Краснодар,
https://auto.drom.ru/krasnodar/volkswagen/golf/433839116.html,433839116,Фольксваген Гольф,690000,2012,"бензин, 1.4 л",122.0,робот,передний,серый,207 000,,левый,6 поколение,,Краснодар,
https://auto.drom.ru/volgograd/volkswagen/golf/614333205.html,614333205,Фольксваген Гольф,893000,2012,"бензин, 1.4 л",122.0,робот,передний,серый,160 055,,левый,,,Волгоград,
https://auto.drom.ru/saratov/volkswagen/golf/797157058.html,797157058,Фольксваген Гольф,659000,2012,"бензин, 1.4 л",80.0,механика,передний,бежевый,165 000,3.0,левый,6 поколение,1.4 MT Trendline 5dr.,Саратов,
https://auto.drom.ru/hislavichi/volkswagen/golf/857108968.html,857108968,Фольксваген Гольф,920000,2009,"бензин, 1.4 л",122.0,робот,передний,синий,350 000,,левый,6 поколение,1.4 TSI DSG Style 5dr.,"Хиславичи, Смоленская область",
https://auto.drom.ru/belgorod/volkswagen/golf/108657173.html,108657173,Фольксваген Гольф,385000,2003,"бензин, 1.4 л",75.0,механика,передний,черный,364 000,,левый,4 поколение,,Белгород,
https://auto.drom.ru/tyumen/volkswagen/golf/741740932.html,741740932,Фольксваген Гольф,215000,1993,"бензин, 1.6 л",75.0,механика,передний,черный,256 000,,левый,3 поколение,1.6 MT CL 5dr.,Тюмень,
https://auto.drom.ru/chernomorskoe/volkswagen/golf/798073825.html,798073825,Фольксваген Гольф,200000,1997,"бензин, 1.8 л",90.0,механика,передний,черный,20 000,2.0,левый,3 поколение,1.8 MT GT Special 5dr.,"Черноморское, Республика Крым",
https://auto.drom.ru/kurtamysh/volkswagen/golf/441605086.html,441605086,Фольксваген Гольф,375000,2003,"бензин, 1.4 л",75.0,механика,передний,серебристый,303 000,,левый,4 поколение,,"Куртамыш, Курганская область",
https://auto.drom.ru/simferopol/volkswagen/passat/899521915.html,899521915,Фольксваген Пассат,790000,2008,"бензин, 1.8 л",160.0,АКПП,передний,серебристый,235 000,3.0,левый,6 поколение,1.8 TSI AT Highline,Симферополь,
https://auto.drom.ru/ivanovo/volkswagen/passat/894868882.html,894868882,Фольксваген Пассат,1780000,2018,"бензин, 1.8 л",180.0,робот,передний,белый,148 000,3.0,левый,8 поколение,1.8 TSI DSG Highline,Иваново,
https://auto.drom.ru/novoaltaysk/volkswagen/passat/302625727.html,302625727,Фольксваген Пассат,500000,2004,"бензин, 1.8 л",150.0,АКПП,передний,черный,466 000,3.0,левый,"5 поколение, рестайлинг",1.8 Т Tiptronic Comfortline,"Новоалтайск, Алтайский край",
https://auto.drom.ru/krasnogorsk/volkswagen/passat/545909116.html,545909116,Фольксваген Пассат,255000,1999,"бензин, 1.6 л",100.0,механика,передний,зеленый,540 000,,левый,5 поколение,1.6 MT Basic,"Красногорск, Московская область",
https://auto.drom.ru/tomsk/volkswagen/passat/652266929.html,652266929,Фольксваген Пассат,1620000,2015,"бензин, 1.8 л",180.0,робот,передний,серебристый,139 000,2.0,левый,8 поколение,1.8 TSI DSG Highline,Томск,
https://auto.drom.ru/berezovskiy-sverd/volkswagen/passat/517637929.html,517637929,Фольксваген Пассат,1129000,2012,"бензин, 1.8 л",152.0,робот,передний,белый,247 700,,левый,7 поколение,,"Берёзовский, Свердловская область",
https://auto.drom.ru/moscow/volkswagen/passat/931409081.html,931409081,Фольксваген Пассат,520000,2008,"бензин, 1.8 л",160.0,механика,передний,черный,225 000,1.0,левый,6 поколение,,Москва,
https://auto.drom.ru/ulan-ude/volkswagen/passat/270983028.html,270983028,Фольксваген Пассат,1450000,2015,"бензин, 1.4 л",150.0,робот,передний,белый,140 000,1.0,правый,8 поколение,Variant 1.4 TSI Highline,Улан-Удэ,
https://auto.drom.ru/chelyabinsk/volkswagen/passat/940477689.html,940477689,Фольксваген Пассат,200000,2007,"бензин, 2.0 л",150.0,АКПП,передний,черный,300 000,2.0,левый,6 поколение,2.0 FSI AT Highline,Челябинск,
https://auto.drom.ru/toguchin/volkswagen/passat/129075467.html,129075467,Фольксваген Пассат,650000,2006,"бензин, 2.0 л",200.0,АКПП,передний,серый,280 000,1.0,левый,6 поколение,2.0 TFSI Tiptronic,"Тогучин, Новосибирская область",
https://auto.drom.ru/surgut/volkswagen/passat/349704396.html,349704396,Фольксваген Пассат,1069000,2012,"бензин, 1.8 л",152.0,робот,передний,белый,216 010,,левый,7 поколение,1.8 TSI DSG Comfortline,"Сургут, Ханты-Мансийский автономный округ",
https://auto.drom.ru/murom/volkswagen/passat/285578748.html,285578748,Фольксваген Пассат,230000,1999,"бензин, 1.6 л",100.0,механика,передний,синий,370 000,3.0,левый,5 поколение,,"Муром, Владимирская область",
https://auto.drom.ru/tyumen/volkswagen/passat/273968842.html,273968842,Фольксваген Пассат,390000,2001,"бензин, 2.8 л",193.0,АКПП,4WD,черный,322 300,,левый,"5 поколение, рестайлинг",,Тюмень,
https://auto.drom.ru/chelyabinsk/volkswagen/passat/790847844.html,790847844,Фольксваген Пассат,630000,2006,"бензин, 2.0 л, ГБО",150.0,АКПП,передний,синий,320 000,3.0,левый,6 поколение,2.0 FSI AT Highline,Челябинск,
https://auto.drom.ru/tyumen/volkswagen/passat/182409644.html,182409644,Фольксваген Пассат,550000,2003,"бензин, 1.8 л",170.0,АКПП,передний,серебристый,209 000,,левый,"5 поколение, рестайлинг",1.8Т Tiptronic GL,Тюмень,
https://auto.drom.ru/tyumen/volkswagen/passat/598589088.html,598589088,Фольксваген Пассат,1200000,2011,"бензин, 2.0 л",210.0,робот,передний,серый,196 000,,левый,7 поколение,,Тюмень,
https://auto.drom.ru/gornyak/volkswagen/passat/831648603.html,831648603,Фольксваген Пассат,600000,2007,"бензин, 2.0 л",150.0,механика,передний,синий,396 472,,левый,6 поколение,2.0 FSI Comfortline,"Горняк, Алтайский край",
https://auto.drom.ru/konstantinovsk/volkswagen/passat/393427251.html,393427251,Фольксваген Пассат,380000,2000,"бензин, 1.8 л",150.0,АКПП,передний,синий,312 810,,левый,5 поколение,,"Константиновск, Ростовская область",
https://auto.drom.ru/pushkino/volkswagen/passat/584462823.html,584462823,Фольксваген Пассат,265000,1998,"бензин, 1.8 л",125.0,механика,передний,черный,386 000,,левый,5 поколение,,"Пушкино, Московская область",
https://auto.drom.ru/cheremushki/volkswagen/passat/810004433.html,810004433,Фольксваген Пассат,190000,1990,"бензин, 1.8 л",90.0,механика,передний,белый,269 846,1.0,левый,3 поколение,,"Черёмушки, Республика Хакасия",
https://auto.drom.ru/lenino-krym/volkswagen/passat/937399021.html,937399021,Фольксваген Пассат,850000,2006,"дизель, 1.9 л",105.0,механика,передний,серый,220 000,,левый,6 поколение,1.9 TDI MT Trendline,"Ленино, Республика Крым",
https://auto.drom.ru/orenburg/volkswagen/tiguan/699079821.html,699079821,Фольксваген Тигуан,2800000,2020,"бензин, 1.4 л",150.0,робот,4WD,синий,75 760,1.0,левый,2 поколение,1.4 TSI DSG 4Motion Winter Edition,Оренбург,
https://auto.drom.ru/orenburg/volkswagen/tiguan/349609813.html,349609813,Фольксваген Тигуан,1020000,2009,"дизель, 2.0 л",140.0,АКПП,4WD,серый,237 567,2.0,левый,1 поколение,2.0 TDI AT Track&Field,Оренбург,
https://auto.drom.ru/novorossiysk/volkswagen/tiguan/186475195.html,186475195,Фольксваген Тигуан,2000000,2017,"бензин, 1.4 л",125.0,робот,передний,серебристый,120 000,2.0,левый,2 поколение,1.4 TSI DSG Trendline,"Новороссийск, Краснодарский край",
https://auto.drom.ru/naberezhnye-chelny/volkswagen/tiguan/537350381.html,537350381,Фольксваген Тигуан,1250000,2011,"бензин, 2.0 л",200.0,АКПП,4WD,черный,184 000,,левый,"1 поколение, рестайлинг",2.0 TSI AT Sport&Style,"Набережные Челны, Республика Татарстан",
https://auto.drom.ru/omsk/volkswagen/tiguan/748775719.html,748775719,Фольксваген Тигуан,1130000,2012,"бензин, 2.0 л",170.0,АКПП,4WD,синий,245 131,3.0,левый,"1 поколение, рестайлинг",,Омск,
https://auto.drom.ru/spb/volkswagen/tiguan/193911626.html,193911626,Фольксваген Тигуан,1067400,2012,"бензин, 2.0 л",170.0,АКПП,4WD,белый,200 469,3.0,левый,"1 поколение, рестайлинг",,Санкт-Петербург,
https://auto.drom.ru/moscow/volkswagen/tiguan/506442365.html,506442365,Фольксваген Тигуан,3044000,2021,"бензин, 2.0 л",180.0,робот,4WD,черный,65 470,1.0,левый,2 поколение,,Москва,
https://auto.drom.ru/noyabrsk/volkswagen/tiguan/186902473.html,186902473,Фольксваген Тигуан,800000,2010,"бензин, 2.0 л",170.0,АКПП,4WD,синий,178 000,2.0,левый,1 поколение,,"Ноябрьск, Ямало-Ненецкий автономный округ",
https://auto.drom.ru/moscow/volkswagen/tiguan/166467167.html,166467167,Фольксваген Тигуан,1650000,2017,"дизель, 2.0 л",150.0,робот,4WD,бордовый,350 000,1.0,левый,2 поколение,2.0 TDI DSG 4Motion Sportline,Москва,
https://auto.drom.ru/moscow/volkswagen/tiguan/327415747.html,327415747,Фольксваген Тигуан,2900000,2021,"бензин, 2.0 л",180.0,робот,4WD,красный,70 000,1.0,левый,"2 поколение, рестайлинг",2.0 TSI DSG 4Motion Exclusive,Москва,
https://auto.drom.ru/belogorsk-krym/volkswagen/tiguan/332514610.html,332514610,Фольксваген Тигуан,2000000,2015,"дизель, 2.0 л",140.0,АКПП,4WD,белый,159 000,,левый,"1 поколение, рестайлинг",2.0 TDI AT Cup,"Белогорск, Республика Крым",
https://auto.drom.ru/togliatti/volkswagen/tiguan/949381251.html,949381251,Фольксваген Тигуан,999900,2011,"бензин, 1.4 л",122.0,механика,передний,белый,140 288,2.0,левый,"1 поколение, рестайлинг",,"Тольятти, Самарская область",
https://auto.drom.ru/spb/volkswagen/tiguan/224951497.html,224951497,Фольксваген Тигуан,1629700,2013,"бензин, 2.0 л",170.0,АКПП,4WD,серебристый,85 518,1.0,левый,"1 поколение, рестайлинг",,Санкт-Петербург,
https://auto.drom.ru/ivanteevka/volkswagen/tiguan/279183470.html,279183470,Фольксваген Тигуан,1200000,2011,"бензин, 2.0 л",170.0,АКПП,4WD,белый,151 600,,левый,"1 поколение, рестайлинг",2.0 TSI AT Sport&Style,"Ивантеевка, Московская область",
https://auto.drom.ru/moscow/volkswagen/tiguan/151862066.html,151862066,Фольксваген Тигуан,1448000,2016,"бензин, 1.4 л",150.0,робот,передний,серый,150 560,3.0,левый,,,Москва,
https://auto.drom.ru/spb/volkswagen/tiguan/739888176.html,739888176,Фольксваген Тигуан,1599700,2013,"бензин, 2.0 л",170.0,АКПП,4WD,серебристый,97 087,1.0,левый,"1 поколение, рестайлинг",,Санкт-Петербург,
https://auto.drom.ru/kazan/volkswagen/tiguan/475367842.html,475367842,Фольксваген Тигуан,2482000,2020,"бензин, 1.4 л",150.0,робот,передний,черный,135 897,1.0,левый,"2 поколение, рестайлинг",1.4 TSI DSG Status,Казань,
https://auto.drom.ru/simferopol/volkswagen/tiguan/524204659.html,524204659,Фольксваген Тигуан,3800000,2020,"бензин, 2.0 л",220.0,робот,4WD,белый,90 000,2.0,левый,"2 поколение, рестайлинг",2.0 TSI DSG 4Motion R-Line,Симферополь,
https://auto.drom.ru/kemerovo/volkswagen/tiguan/768243461.html,768243461,Фольксваген Тигуан,2775995,2020,"бензин, 1.4 л",150.0,робот,4WD,красный,55 044,1.0,левый,2 поколение,1.4 TSI DSG 4Motion Comfortline,Кемерово,
https://auto.drom.ru/moscow/volkswagen/tiguan/758058921.html,758058921,Фольксваген Тигуан,1350000,2012,"бензин, 2.0 л",170.0,АКПП,4WD,синий,226 000,1.0,левый,"1 поколение, рестайлинг",2.0 TSI AT Sport&Style,Москва,
https://auto.drom.ru/novosibirsk/volkswagen/touareg/596333671.html,596333671,Фольксваген Туарег,1800000,2015,"бензин, 3.6 л",249.0,АКПП,4WD,коричневый,200 000,,левый,"2 поколение, рестайлинг",3.6 FSI,Новосибирск,
https://auto.drom.ru/moscow/volkswagen/touareg/182975540.html,182975540,Фольксваген Туарег,3529000,2013,"дизель, 4.1 л",340.0,АКПП,4WD,черный,262 000,2.0,левый,2 поколение,4.2 TDI Tiptronic Exclusive,Москва,
https://auto.drom.ru/izhevsk/volkswagen/touareg/715289304.html,715289304,Фольксваген Туарег,2200000,2015,"бензин, 3.6 л",249.0,АКПП,4WD,коричневый,142 350,3.0,левый,"2 поколение, рестайлинг",,Ижевск,
https://auto.drom.ru/irkutsk/volkswagen/touareg/797538444.html,797538444,Фольксваген Туарег,1200000,2006,"бензин, 3.6 л",280.0,АКПП,4WD,черный,321 000,,левый,"1 поколение, рестайлинг",3.6 FSI Tiptronic Individual,Иркутск,
https://auto.drom.ru/chebarkul/volkswagen/touareg/145144191.html,145144191,Фольксваген Туарег,900000,2003,"бензин, 3.2 л",220.0,АКПП,4WD,серый,150 000,,левый,1 поколение,3.2 Tiptronic,"Чебаркуль, Челябинская область",
https://auto.drom.ru/gatchina/volkswagen/touareg/616747901.html,616747901,Фольксваген Туарег,1150000,2007,"дизель, 3.0 л",224.0,АКПП,4WD,коричневый,350 000,,левый,"1 поколение, рестайлинг",3.0 TDI BlueMotion Tiptronic,"Гатчина, Ленинградская область",
https://auto.drom.ru/ulan-ude/volkswagen/touareg/682670552.html,682670552,Фольксваген Туарег,380000,2003,"бензин, 3.2 л",220.0,АКПП,4WD,серый,238 000,,левый,1 поколение,3.2 Tiptronic,Улан-Удэ,
https://auto.drom.ru/nizhniy-novgorod/volkswagen/touareg/943083175.html,943083175,Фольксваген Туарег,11900000,2026,"дизель, 3.0 л",286.0,АКПП,4WD,черный,,,левый,"3 поколение, рестайлинг",3.0 TDI AT,Нижний Новгород,
https://auto.drom.ru/kemerovo/volkswagen/touareg/349475956.html,349475956,Фольксваген Туарег,1050000,2008,"бензин, 3.6 л",280.0,АКПП,4WD,черный,204 000,3.0,левый,"1 поколение, рестайлинг",3.6 FSI Tiptronic,Кемерово,
https://auto.drom.ru/simferopol/volkswagen/touareg/472169774.html,472169774,Фольксваген Туарег,1850000,2011,"бензин, 3.6 л",249.0,АКПП,4WD,черный,,,левый,2 поколение,3.6 FSI Tiptronic,Симферополь,
https://auto.drom.ru/novosibirsk/volkswagen/touareg/681000059.html,681000059,Фольксваген Туарег,1320000,2007,"бензин, 3.6 л",280.0,АКПП,4WD,черный,360 536,,левый,"1 поколение, рестайлинг",3.6 FSI Tiptronic Individual,Новосибирск,
https://auto.drom.ru/nizhniy-novgorod/volkswagen/touareg/467190363.html,467190363,Фольксваген Туарег,12900000,2026,"дизель, 3.0 л",286.0,АКПП,4WD,белый,,,левый,"3 поколение, рестайлинг",3.0 TDI AT R-Line Азербайджан,Нижний Новгород,
https://auto.drom.ru/simferopol/volkswagen/touareg/438236774.html,438236774,Фольксваген Туарег,2650000,2013,"дизель, 3.0 л",245.0,АКПП,4WD,черный,113 500,1.0,левый,2 поколение,,Симферополь,
https://auto.drom.ru/surgut/volkswagen/touareg/395010289.html,395010289,Фольксваген Туарег,480000,2005,"дизель, 2.5 л",174.0,механика,4WD,серебристый,349 000,,левый,1 поколение,2.5 TDI MT Kong,"Сургут, Ханты-Мансийский автономный округ",
https://auto.drom.ru/moscow/volkswagen/touareg/752380128.html,752380128,Фольксваген Туарег,5295000,2019,"дизель, 3.0 л",249.0,АКПП,4WD,черный,130 397,2.0,левый,3 поколение,,Москва,
https://auto.drom.ru/krasnoyarsk/volkswagen/touareg/853423473.html,853423473,Фольксваген Туарег,2950000,2017,"бензин, 3.6 л",249.0,АКПП,4WD,белый,229 920,1.0,левый,"2 поколение, рестайлинг",3.6 FSI Wolfsburg Edition,Красноярск,
https://auto.drom.ru/dubrovka-lenobl/volkswagen/touareg/551546019.html,551546019,Фольксваген Туарег,850000,2007,"дизель, 3.0 л",224.0,АКПП,4WD,черный,482 000,,левый,"1 поколение, рестайлинг",3.0 TDI BlueMotion Tiptronic,"Дубровка, Ленинградская область",
https://auto.drom.ru/voronezh/volkswagen/touareg/377851381.html,377851381,Фольксваген Туарег,4200000,2018,"дизель, 3.0 л",249.0,АКПП,4WD,серый,250 000,2.0,левый,3 поколение,,Воронеж,
https://auto.drom.ru/kropotkin/volkswagen/touareg/919618552.html,919618552,Фольксваген Туарег,950000,2003,"бензин, 3.2 л",220.0,АКПП,4WD,черный,291 000,3.0,левый,1 поколение,,"Кропоткин, Краснодарский край",
https://auto.drom.ru/ekaterinburg/volkswagen/touareg/459170345.html,459170345,Фольксваген Туарег,4899000,2019,"дизель, 3.0 л",249.0,АКПП,4WD,синий,147 552,1.0,левый,3 поколение,3.0 TDI AT Status,Екатеринбург,
https://auto.drom.ru/ekaterinburg/volkswagen/teramont/228347487.html,228347487,Фольксваген Терамонт,3490000,2019,"бензин, 2.0 л",220.0,АКПП,4WD,серый,167 296,,левый,1 поколение,2.0 TSI AT Status,Екатеринбург,
https://auto.drom.ru/moscow/volkswagen/teramont/523540231.html,523540231,Фольксваген Терамонт,7300000,2026,"бензин, 2.0 л",270.0,АКПП,4WD,черный,,,левый,2 поколение,,Москва,
https://auto.drom.ru/moscow/volkswagen/teramont/683846798.html,683846798,Фольксваген Терамонт,4198000,2021,"бензин, 2.0 л",220.0,АКПП,4WD,серый,69 508,1.0,левый,"1 поколение, рестайлинг",2.0 TSI AT R-Line,Москва,
https://auto.drom.ru/moscow/volkswagen/teramont/759626457.html,759626457,Фольксваген Терамонт,7300000,2026,"бензин, 2.0 л",270.0,АКПП,4WD,черный,,,левый,2 поколение,,Москва,
https://auto.drom.ru/moscow/volkswagen/teramont/637595665.html,637595665,Фольксваген Терамонт,7300000,2026,"бензин, 2.0 л",270.0,АКПП,4WD,фиолетовый,,,левый,2 поколение,,Москва,
https://auto.drom.ru/ufa/volkswagen/teramont/689377066.html,689377066,Фольксваген Терамонт,4950000,2021,"бензин, 2.0 л",220.0,АКПП,4WD,черный,26 000,1.0,левый,"1 поколение, рестайлинг",2.0 TSI AT Exclusive,Уфа,
https://auto.drom.ru/nizhniy-novgorod/volkswagen/teramont/941225851.html,941225851,Фольксваген Терамонт,2645000,2018,"бензин, 2.0 л",220.0,АКПП,4WD,серый,75 359,,левый,1 поколение,2.0 TSI AT Status,Нижний Новгород,
https://auto.drom.ru/moscow/volkswagen/teramont/463418716.html,463418716,Фольксваген Терамонт,7300000,2026,"бензин, 2.0 л",270.0,АКПП,4WD,белый,,,левый,2 поколение,,Москва,
https://auto.drom.ru/ekaterinburg/volkswagen/teramont/902275905.html,902275905,Фольксваген Терамонт,4700000,2021,"бензин, 2.0 л",220.0,АКПП,4WD,черный,49 000,1.0,левый,"1 поколение, рестайлинг",,Екатеринбург,
https://auto.drom.ru/moscow/volkswagen/teramont/642143611.html,642143611,Фольксваген Терамонт,7300000,2026,"бензин, 2.0 л",270.0,АКПП,4WD,черный,,,левый,2 поколение,,Москва,
https://auto.drom.ru/ufa/volkswagen/teramont/391542055.html,391542055,Фольксваген Терамонт,2450000,2018,"бензин, 2.0 л",220.0,АКПП,4WD,серый,249 851,3.0,левый,1 поколение,2.0 TSI AT Respect,Уфа,
https://auto.drom.ru/moscow/volkswagen/teramont/924869672.html,924869672,Фольксваген Терамонт,7300000,2026,"бензин, 2.0 л",270.0,АКПП,4WD,черный,,,левый,2 поколение,,Москва,
https://auto.drom.ru/moscow/volkswagen/teramont/697051075.html,697051075,Фольксваген Терамонт,7300000,2026,"бензин, 2.0 л",270.0,АКПП,4WD,черный,,,левый,2 поколение,,Москва,
https://auto.drom.ru/moscow/volkswagen/teramont/754901265.html,754901265,Фольксваген Терамонт,5930000,2026,"бензин, 2.0 л",270.0,АКПП,4WD,черный,,,левый,2 поколение,,Москва,
https://auto.drom.ru/moscow/volkswagen/teramont/611777171.html,611777171,Фольксваген Терамонт,3349088,2018,"бензин, 2.0 л",220.0,автомат,4WD,синий,127 397,2.0,левый,,,Москва,
https://auto.drom.ru/moscow/volkswagen/teramont/820955513.html,820955513,Фольксваген Терамонт,6450000,2026,"бензин, 2.0 л",270.0,АКПП,4WD,черный,,,левый,2 поколение,,Москва,
https://auto.drom.ru/megion/volkswagen/teramont/872933707.html,872933707,Фольксваген Терамонт,4290000,2021,"бензин, 3.6 л",249.0,АКПП,4WD,белый,102 000,1.0,левый,"1 поколение, рестайлинг",3.6 FSI AT R-Line,"Мегион, Ханты-Мансийский автономный округ",
https://auto.drom.ru/moscow/volkswagen/teramont/592032078.html,592032078,Фольксваген Терамонт,5828000,2026,"бензин, 2.0 л",220.0,АКПП,4WD,черный,,,левый,"1 поколение, рестайлинг",2.0 TSI AT Respect,Москва,
https://auto.drom.ru/moscow/volkswagen/teramont/581373535.html,581373535,Фольксваген Терамонт,6450000,2026,"бензин, 2.0 л",270.0,АКПП,4WD,коричневый,,,левый,2 поколение,,Москва,
https://auto.drom.ru/moscow/volkswagen/teramont/679570842.html,679570842,Фольксваген Терамонт,7300000,2026,"бензин, 2.0 л",270.0,АКПП,4WD,черный,,,левый,2 поколение,,Москва,
https://auto.drom.ru/habarovsk/volkswagen/arteon/656760481.html,656760481,Фольксваген Артеон,4388888,2022,"бензин, 2.0 л",280.0,автомат,4WD,белый,28 000,1.0,правый,"1 поколение, рестайлинг",,Хабаровск,
https://auto.drom.ru/novosibirsk/volkswagen/arteon/247607528.html,247607528,Фольксваген Артеон,2990000,2020,"бензин, 2.0 л",190.0,робот,передний,белый,138 500,2.0,левый,1 поколение,,Новосибирск,
https://auto.drom.ru/vladivostok/volkswagen/arteon/128148527.html,128148527,Фольксваген Артеон,2777000,2019,"бензин, 2.0 л",280.0,робот,4WD,белый,125 000,1.0,правый,1 поколение,2.0 TSI 4Motion R-Line Advance,Владивосток,
https://auto.drom.ru/chelyabinsk/volkswagen/arteon/360985870.html,360985870,Фольксваген Артеон,4200000,2020,"бензин, 2.0 л",190.0,робот,передний,золотистый,53 000,2.0,левый,1 поколение,2.0 TSI DSG R-Line,Челябинск,
https://auto.drom.ru/voronezh/volkswagen/arteon/162185860.html,162185860,Фольксваген Артеон,3583000,2019,"дизель, 2.0 л",190.0,робот,передний,серый,155 008,1.0,левый,1 поколение,,Воронеж,
https://auto.drom.ru/moscow/volkswagen/arteon/267945669.html,267945669,Фольксваген Артеон,3050000,2020,"бензин, 2.0 л",268.0,автомат,4WD,серый,67 921,1.0,левый,,,Москва,
https://auto.drom.ru/elektrostal/volkswagen/arteon/135956248.html,135956248,Фольксваген Артеон,3700000,2019,"дизель, 2.0 л",240.0,робот,4WD,серый,90 000,1.0,левый,1 поколение,2.0 TDI DSG R-Line,"Электросталь, Московская область",
https://auto.drom.ru/kazan/volkswagen/arteon/362274879.html,362274879,Фольксваген Артеон,2930000,2020,"бензин, 2.0 л",190.0,робот,передний,белый,97 500,2.0,левый,1 поколение,2.0 TSI DSG R-Line,Казань,
https://auto.drom.ru/habarovsk/volkswagen/arteon/116053187.html,116053187,Фольксваген Артеон,3100000,2019,"бензин, 2.0 л",190.0,робот,передний,серый,122 000,2.0,левый,1 поколение,2.0 TSI DSG Elegance,Хабаровск,
https://auto.drom.ru/habarovsk/volkswagen/arteon/748888536.html,748888536,Фольксваген Артеон,2800000,2018,"бензин, 2.0 л",280.0,робот,4WD,черный,77 600,1.0,правый,1 поколение,2.0 TSI 4Motion Elegance,Хабаровск,
https://auto.drom.ru/tyumen/volkswagen/arteon/841947946.html,841947946,Фольксваген Артеон,3899000,2020,"дизель, 2.0 л",190.0,робот,4WD,черный,59 637,1.0,левый,1 поколение,,Тюмень,
https://auto.drom.ru/chelyabinsk/volkswagen/arteon/360996067.html,360996067,Фольксваген Артеон,3750000,2019,"дизель, 2.0 л",190.0,робот,4WD,белый,150 000,1.0,левый,1 поколение,,Челябинск,
https://auto.drom.ru/simferopol/volkswagen/arteon/904609829.html,904609829,Фольксваген Артеон,2700000,2020,"бензин, 2.0 л",268.0,автомат,4WD,белый,80 000,1.0,левый,1 поколение,,Симферополь,
https://auto.drom.ru/vladivostok/volkswagen/arteon/945319682.html,945319682,Фольксваген Артеон,2269000,2018,"бензин, 2.0 л",280.0,робот,4WD,черный,107 000,3.0,правый,1 поколение,2.0 TSI 4Motion Elegance,Владивосток,
https://auto.drom.ru/simferopol/volkswagen/arteon/899943039.html,899943039,Фольксваген Артеон,3499999,2019,"дизель, 2.0 л",190.0,робот,передний,черный,143 000,1.0,левый,1 поколение,2.0 TDI DSG Elegance,Симферополь,
https://auto.drom.ru/dzhankoy/volkswagen/arteon/305195855.html,305195855,Фольксваген Артеон,3199000,2020,"бензин, 2.0 л",280.0,робот,4WD,серый,91 000,2.0,левый,"1 поколение, рестайлинг",2.0 TSI DSG R-Line,"Джанкой, Республика Крым",
https://auto.drom.ru/yevpatoriya/volkswagen/arteon/330268606.html,330268606,Фольксваген Артеон,3700000,2021,"дизель, 2.0 л",200.0,робот,передний,белый,71 000,1.0,левый,"1 поколение, рестайлинг",2.0 TDI DSG Elegance,"Евпатория, Республика Крым",
https://auto.drom.ru/vologda/volkswagen/arteon/857515214.html,857515214,Фольксваген Артеон,2700000,2018,"дизель, 2.0 л",190.0,робот,4WD,серебристый,195 000,1.0,левый,1 поколение,2.0 TDI DSG Elegance,Вологда,
https://auto.drom.ru/belovo/volkswagen/arteon/524756104.html,524756104,Фольксваген Артеон,3100000,2019,"дизель, 2.0 л",190.0,робот,передний,белый,100 000,1.0,левый,1 поколение,2.0 TDI DSG Elegance,"Белово, Кемеровская область",
https://auto.drom.ru/moscow/volkswagen/arteon/737603166.html,737603166,Фольксваген Артеон,2880000,2020,"бензин, 2.0 л",190.0,робот,передний,золотистый,143 804,3.0,левый,1 поколение,2.0 TSI DSG R-Line Premium,Москва,
https://auto.drom.ru/yaroslavl/volkswagen/jetta/929418862.html,929418862,Фольксваген Джетта,1050000,2012,"бензин, 1.4 л",122.0,механика,передний,синий,217 500,3.0,левый,6 поколение,1.4 TSI MT Highline,Ярославль,
https://auto.drom.ru/nizhniy-novgorod/volkswagen/jetta/208312382.html,208312382,Фольксваген Джетта,1099000,2012,"бензин, 1.6 л",105.0,АКПП,передний,серый,138 583,1.0,левый,6 поколение,1.6 AT Comfortline,Нижний Новгород,
https://auto.drom.ru/simferopol/volkswagen/jetta/500953367.html,500953367,Фольксваген Джетта,790000,2015,"бензин, 1.6 л",105.0,механика,передний,синий,177 100,3.0,левый,"6 поколение, рестайлинг",1.6 MPI MT Highline,Симферополь,
https://auto.drom.ru/noyabrsk/volkswagen/jetta/275396640.html,275396640,Фольксваген Джетта,600000,2007,"бензин, 1.6 л",102.0,АКПП,передний,синий,255 000,3.0,левый,5 поколение,,"Ноябрьск, Ямало-Ненецкий автономный округ",
https://auto.drom.ru/nazran/volkswagen/jetta/636093876.html,636093876,Фольксваген Джетта,870000,2015,"бензин, 1.4 л",122.0,механика,передний,белый,250 000,1.0,левый,"6 поколение, рестайлинг",1.4 TSI MT Highline,Назрань,
https://auto.drom.ru/vihorevka/volkswagen/jetta/106527590.html,106527590,Фольксваген Джетта,950000,2008,"бензин, 1.6 л",102.0,АКПП,передний,красный,219 000,,левый,5 поколение,,"Вихоревка, Иркутская область",
https://auto.drom.ru/krasnodar/volkswagen/jetta/738031620.html,738031620,Фольксваген Джетта,1100000,2012,"бензин, 1.6 л",105.0,АКПП,передний,серый,190 000,,левый,6 поколение,1.6 AT Trendline,Краснодар,
https://auto.drom.ru/minsk/volkswagen/jetta/863229826.html,863229826,Фольксваген Джетта,1638000,2023,"бензин, 1.5 л",160.0,АКПП,передний,серый,31 000,,левый,"7 поколение, рестайлинг",1.5 TSI Tiptronic Sport,Минск,
https://auto.drom.ru/ryazan/volkswagen/jetta/336416202.html,336416202,Фольксваген Джетта,950000,2013,"бензин, 1.4 л",122.0,робот,передний,белый,199 487,3.0,левый,6 поколение,1.4 TSI DSG Sochi Edition,Рязань,
https://auto.drom.ru/moscow/volkswagen/jetta/427648992.html,427648992,Фольксваген Джетта,960000,2013,"бензин, 1.6 л",105.0,АКПП,передний,серебристый,194 500,1.0,левый,6 поколение,1.6 AT Comfortline,Москва,
https://auto.drom.ru/omsk/volkswagen/jetta/734699187.html,734699187,Фольксваген Джетта,1020000,2013,"бензин, 1.6 л",105.0,механика,передний,белый,140 000,2.0,левый,6 поколение,1.6 MT Comfortline,Омск,
https://auto.drom.ru/vologda/volkswagen/jetta/155796986.html,155796986,Фольксваген Джетта,829000,2013,"бензин, 1.6 л",105.0,механика,передний,серебристый,199 900,3.0,левый,6 поколение,1.6 MT Trendline,Вологда,
https://auto.drom.ru/spb/volkswagen/jetta/750850716.html,750850716,Фольксваген Джетта,898000,2013,"бензин, 1.6 л",105.0,АКПП,передний,черный,224 210,3.0,левый,6 поколение,1.6 AT Trendline,Санкт-Петербург,
https://auto.drom.ru/novominskaya/volkswagen/jetta/299062549.html,299062549,Фольксваген Джетта,620000,2009,"бензин, 1.6 л",102.0,АКПП,передний,белый,248 133,,левый,5 поколение,,"Новоминская, Краснодарский край",
https://auto.drom.ru/orenburg/volkswagen/jetta/924913361.html,924913361,Фольксваген Джетта,1078000,2015,"бензин, 1.6 л",85.0,механика,передний,белый,159 290,2.0,левый,"6 поколение, рестайлинг",,Оренбург,
https://auto.drom.ru/moscow/volkswagen/jetta/431147697.html,431147697,Фольксваген Джетта,999000,2013,"бензин, 1.4 л",150.0,робот,передний,белый,187 734,2.0,левый,6 поколение,1.4 TSI DSG Highline,Москва,
https://auto.drom.ru/krasnoyarsk/volkswagen/jetta/857905536.html,857905536,Фольксваген Джетта,900000,2012,"бензин, 1.4 л",122.0,механика,передний,серый,130 000,,левый,6 поколение,1.4 TSI MT Comfortline,Красноярск,
https://auto.drom.ru/tyumen/volkswagen/jetta/889093466.html,889093466,Фольксваген Джетта,1000000,2013,"бензин, 1.6 л",105.0,механика,передний,белый,233 033,1.0,левый,6 поколение,1.6 MT Comfortline,Тюмень,
https://auto.drom.ru/khanty-mansiysk/volkswagen/jetta/493611142.html,493611142,Фольксваген Джетта,1330000,2018,"бензин, 1.6 л",110.0,АКПП,передний,синий,178 000,3.0,левый,"6 поколение, рестайлинг",1.6 MPI AT Life,Ханты-Мансийск,
https://auto.drom.ru/orel/volkswagen/jetta/788331808.html,788331808,Фольксваген Джетта,980000,2014,"бензин, 1.6 л",105.0,АКПП,передний,черный,186 817,,левый,6 поколение,,Орел,
https://auto.drom.ru/krasnoyarsk/volkswagen/jetta/130519699.html,130519699,Фольксваген Джетта,845000,2012,"бензин, 1.4 л",122.0,робот,передний,серый,185 200,,левый,6 поколение,1.4 TSI DSG Trendline,Красноярск,
https://auto.drom.ru/moscow/skoda/octavia/514090259.html,514090259,Шкода Октавия,780000,2014,"бензин, 1.4 л",140.0,робот,передний,белый,240 000,2.0,левый,3 поколение,1.4 TSI DSG Elegance,Москва,
https://auto.drom.ru/spb/skoda/octavia/678403605.html,678403605,Шкода Октавия,585000,2012,"бензин, 1.6 л",102.0,механика,передний,белый,167 804,,левый,"2 поколение, рестайлинг",1.6 MPI MT Elegance,Санкт-Петербург,
https://auto.drom.ru/syzran/skoda/octavia/582239688.html,582239688,Шкода Октавия,1950000,2021,"бензин, 1.4 л",150.0,АКПП,передний,серый,131 500,,левый,4 поколение,1.4 TSI AT Ambition Plus Hockey Edition,"Сызрань, Самарская область",
https://auto.drom.ru/perm/skoda/octavia/510100532.html,510100532,Шкода Октавия,1150000,2014,"бензин, 1.4 л",140.0,робот,передний,серый,190 000,,левый,3 поколение,,Пермь,
https://auto.drom.ru/novokuznetsk/skoda/octavia/627255408.html,627255408,Шкода Октавия,1100000,2015,"бензин, 1.4 л",140.0,робот,передний,серебристый,221 000,2.0,левый,3 поколение,1.4 TSI DSG Ambition,"Новокузнецк, Кемеровская область",
https://auto.drom.ru/spb/skoda/octavia/162498717.html,162498717,Шкода Октавия,300000,2008,"бензин, 1.6 л",115.0,механика,передний,голубой,208 108,,левый,2 поколение,,Санкт-Петербург,
https://auto.drom.ru/petrozavodsk/skoda/octavia/561338103.html,561338103,Шкода Октавия,499000,2012,"бензин, 1.8 л",152.0,механика,передний,серебристый,,,левый,"2 поколение, рестайлинг",,Петрозаводск,
https://auto.drom.ru/novosibirsk/skoda/octavia/295183285.html,295183285,Шкода Октавия,1350000,2016,"бензин, 1.8 л",180.0,механика,передний,белый,247 153,,левый,3 поколение,1.8 TSI MT Ambition Hockey Edition,Новосибирск,
https://auto.drom.ru/rostov-na-donu/skoda/octavia/486192145.html,486192145,Шкода Октавия,565000,2006,"бензин, 1.6 л",102.0,механика,передний,серебристый,247 000,3.0,левый,"1 поколение, рестайлинг",1.6 MPI MT Elegance,Ростов-на-Дону,
https://auto.drom.ru/orenburg/skoda/octavia/945044967.html,945044967,Шкода Октавия,784000,2013,"бензин, 1.4 л",140.0,механика,передний,красный,223 315,,левый,3 поколение,1.4 TSI MT Ambition,Оренбург,
https://auto.drom.ru/simferopol/skoda/octavia/869497609.html,869497609,Шкода Октавия,850000,2008,"бензин, 2.0 л",200.0,механика,передний,синий,290 000,3.0,левый,2 поколение,2.0 FSI MT RS,Симферополь,
https://auto.drom.ru/simferopol/skoda/octavia/475494192.html,475494192,Шкода Октавия,1250000,2012,"бензин, 2.0 л",200.0,робот,передний,синий,193 000,,левый,"2 поколение, рестайлинг",2.0 TSI DSG RS,Симферополь,
https://auto.drom.ru/moscow/skoda/octavia/742686812.html,742686812,Шкода Октавия,145000,2003,"бензин, 1.6 л",101.0,АКПП,передний,серебристый,141 000,,левый,"1 поколение, рестайлинг",1.6 AT Ambiente,Москва,
https://auto.drom.ru/spb/skoda/octavia/655214941.html,655214941,Шкода Октавия,1975000,2017,"бензин, 1.4 л",150.0,робот,передний,серый,137 884,1.0,левый,3 поколение,,Санкт-Петербург,
https://auto.drom.ru/naberezhnye-chelny/skoda/octavia/150738230.html,150738230,Шкода Октавия,2300000,2018,"бензин, 1.8 л",180.0,робот,4WD,белый,172 964,,левый,"3 поколение, рестайлинг",,"Набережные Челны, Республика Татарстан",
https://auto.drom.ru/moscow/skoda/octavia/676730088.html,676730088,Шкода Октавия,1700000,2017,"бензин, 1.8 л",180.0,робот,передний,белый,193 000,3.0,левый,3 поколение,,Москва,
https://auto.drom.ru/kazan/skoda/octavia/811953542.html,811953542,Шкода Октавия,640000,2012,"бензин, 1.6 л",102.0,механика,передний,серебристый,230 000,2.0,левый,"2 поколение, рестайлинг",,Казань,
https://auto.drom.ru/belogorsk-krym/skoda/octavia/546764506.html,546764506,Шкода Октавия,990000,2012,"бензин, 1.6 л",102.0,АКПП,передний,белый,250 000,,левый,"2 поколение, рестайлинг",,"Белогорск, Республика Крым",
https://auto.drom.ru/orenburg/skoda/octavia/789656093.html,789656093,Шкода Октавия,1150000,2016,"бензин, 1.4 л",150.0,механика,передний,белый,201 338,3.0,левый,3 поколение,1.4 TSI MT Ambition,Оренбург,
https://auto.drom.ru/omsk/skoda/octavia/342391273.html,342391273,Шкода Октавия,750000,2011,"бензин, 1.4 л",80.0,механика,передний,серый,210 000,3.0,левый,"2 поколение, рестайлинг",,Омск,
https://auto.drom.ru/obninsk/skoda/rapid/450346167.html,450346167,Шкода Рапид,1500000,2020,"бензин, 1.6 л",110.0,АКПП,передний,белый,59 000,1.0,левый,2 поколение,1.6 MPI AT Active,"Обнинск, Калужская область",
https://auto.drom.ru/volgograd/skoda/rapid/866797429.html,866797429,Шкода Рапид,1399000,2018,"бензин, 1.4 л",125.0,робот,передний,белый,160 664,2.0,левый,"1 поколение, рестайлинг",1.4 TSI DSG Hockey Edition Ambition,Волгоград,
https://auto.drom.ru/moscow/skoda/rapid/294106969.html,294106969,Шкода Рапид,1200000,2017,"бензин, 1.6 л",110.0,механика,передний,белый,144 754,3.0,левый,1 поколение,,Москва,
https://auto.drom.ru/moscow/skoda/rapid/358407980.html,358407980,Шкода Рапид,999000,2014,"бензин, 1.4 л",122.0,робот,передний,белый,225 677,1.0,левый,1 поколение,,Москва,
https://auto.drom.ru/krasnodar/skoda/rapid/754773837.html,754773837,Шкода Рапид,650000,2014,"бензин, 1.6 л",105.0,механика,передний,синий,192 000,,левый,1 поколение,,Краснодар,
https://auto.drom.ru/perm/skoda/rapid/212059774.html,212059774,Шкода Рапид,1299000,2018,"бензин, 1.6 л",90.0,механика,передний,белый,119 227,2.0,левый,"1 поколение, рестайлинг",1.6 MPI MT Style,Пермь,
https://auto.drom.ru/rostov-na-donu/skoda/rapid/699339888.html,699339888,Шкода Рапид,1020000,2017,"бензин, 1.6 л",110.0,АКПП,передний,белый,187 910,,левый,1 поколение,1.6 MPI AT Ambition Hockey Edition,Ростов-на-Дону,
https://auto.drom.ru/moscow/skoda/rapid/483147624.html,483147624,Шкода Рапид,1390000,2019,"бензин, 1.6 л",110.0,автомат,передний,бежевый,150 500,2.0,левый,"1 поколение, рестайлинг",,Москва,
https://auto.drom.ru/oktyabrsk/skoda/rapid/441230321.html,441230321,Шкода Рапид,770000,2015,"бензин, 1.6 л",110.0,механика,передний,белый,139 000,3.0,левый,1 поколение,1.6 MPI MT Ambition Hockey Edition,"Октябрьский, Республика Башкортостан",
https://auto.drom.ru/grozniy/skoda/rapid/577406914.html,577406914,Шкода Рапид,560000,2017,"бензин, 1.6 л, ГБО",90.0,механика,передний,белый,350 000,,левый,1 поколение,,Грозный,
https://auto.drom.ru/perm/skoda/rapid/914945633.html,914945633,Шкода Рапид,1419000,2018,"бензин, 1.4 л",125.0,робот,передний,бежевый,137 510,2.0,левый,"1 поколение, рестайлинг",1.4 TSI DSG Style,Пермь,
https://auto.drom.ru/cheboksary/skoda/rapid/281483646.html,281483646,Шкода Рапид,1370000,2021,"бензин, 1.6 л",110.0,АКПП,передний,белый,177 220,1.0,левый,2 поколение,1.6 MPI AT Active,Чебоксары,
https://auto.drom.ru/moscow/skoda/rapid/472513974.html,472513974,Шкода Рапид,1090000,2015,"бензин, 1.6 л",110.0,АКПП,передний,белый,79 000,2.0,левый,1 поколение,,Москва,
https://auto.drom.ru/zasechnoe/skoda/rapid/909850795.html,909850795,Шкода Рапид,1190000,2017,"бензин, 1.6 л",90.0,механика,передний,черный,99 804,2.0,левый,"1 поколение, рестайлинг",1.6 MPI MT Active,"Засечное, Пензенская область",
https://auto.drom.ru/moscow/skoda/rapid/200079664.html,200079664,Шкода Рапид,1788000,2022,"бензин, 1.6 л",110.0,АКПП,передний,черный,98 994,3.0,левый,2 поколение,,Москва,
https://auto.drom.ru/spb/skoda/rapid/787275228.html,787275228,Шкода Рапид,1189000,2018,"бензин, 1.6 л",90.0,механика,передний,синий,139 000,2.0,левый,"1 поколение, рестайлинг",1.6 MPI MT Hockey Edition Active,Санкт-Петербург,
https://auto.drom.ru/vologda/skoda/rapid/579746199.html,579746199,Шкода Рапид,1099000,2016,"бензин, 1.6 л",90.0,механика,передний,синий,104 000,2.0,левый,1 поколение,1.6 MPI MT Ambition,Вологда,
https://auto.drom.ru/krasnodar/skoda/rapid/843783607.html,843783607,Шкода Рапид,1400000,2016,"бензин, 1.2 л",90.0,механика,передний,белый,35 000,1.0,левый,1 поколение,,Краснодар,
https://auto.drom.ru/perm/skoda/rapid/597562229.html,597562229,Шкода Рапид,1599000,2020,"бензин, 1.6 л",110.0,АКПП,передний,коричневый,148 000,1.0,левый,2 поколение,1.6 MPI AT Ambition,Пермь,
https://auto.drom.ru/kamensk-uralskiy/skoda/rapid/486343714.html,486343714,Шкода Рапид,1350000,2017,"бензин, 1.6 л",90.0,механика,передний,синий,55 000,,левый,1 поколение,1.6 MPI MT Active,"Каменск-Уральский, Свердловская область",
https://auto.drom.ru/tyumen/skoda/rapid/310342601.html,310342601,Шкода Рапид,1049000,2016,"бензин, 1.6 л",110.0,механика,передний,черный,151 869,3.0,левый,1 поколение,,Тюмень,
https://auto.drom.ru/tyumen/skoda/superb/549045957.html,549045957,Шкода Суперб,2869000,2021,"бензин, 2.0 л",190.0,робот,передний,белый,61 850,3.0,левый,"3 поколение, рестайлинг",2.0 TSI DSG Style,Тюмень,
https://auto.drom.ru/moscow/skoda/superb/792596624.html,792596624,Шкода Суперб,3775000,2025,"бензин, 1.5 л, гибрид",150.0,робот,передний,черный,,,левый,4 поколение,,Москва,
https://auto.drom.ru/moscow/skoda/superb/491345791.html,491345791,Шкода Суперб,3775000,2025,"бензин, 1.4 л",150.0,робот,передний,черный,,,левый,"3 поколение, рестайлинг",1.4T TSI DSG Exclusive 280,Москва,
https://auto.drom.ru/kemerovo/skoda/superb/580912458.html,580912458,Шкода Суперб,745000,2008,"бензин, 1.8 л",160.0,механика,передний,красный,210 000,,левый,2 поколение,,Кемерово,
https://auto.drom.ru/novosibirsk/skoda/superb/827537062.html,827537062,Шкода Суперб,1245000,2013,"бензин, 1.8 л",152.0,робот,передний,коричневый,147 500,1.0,левый,"2 поколение, рестайлинг",1.8 TSI DSG Ambition,Новосибирск,
https://auto.drom.ru/rostov-na-donu/skoda/superb/284383617.html,284383617,Шкода Суперб,2650000,2016,"бензин, 2.0 л",280.0,робот,4WD,коричневый,166 000,2.0,левый,3 поколение,2.0 TSI 4x4 DSG Laurin&Klement,Ростов-на-Дону,
https://auto.drom.ru/moscow/skoda/superb/447836009.html,447836009,Шкода Суперб,1500000,2016,"бензин, 1.4 л",150.0,робот,передний,серый,183 000,2.0,левый,3 поколение,1.4 TSI DSG Ambition,Москва,
https://auto.drom.ru/ufa/skoda/superb/788810559.html,788810559,Шкода Суперб,1299000,2014,"бензин, 1.8 л",152.0,робот,передний,серый,221 781,2.0,левый,"2 поколение, рестайлинг",1.8 TSI DSG Ambition,Уфа,
https://auto.drom.ru/sovetskiy-krym/skoda/superb/902880324.html,902880324,Шкода Суперб,1950000,2015,"бензин, 2.0 л",220.0,робот,передний,коричневый,207 987,3.0,левый,3 поколение,2.0 TSI DSG Ambition,"Советский, Республика Крым",
https://auto.drom.ru/nizhniy-novgorod/skoda/superb/548758972.html,548758972,Шкода Суперб,749999,2009,"бензин, 1.8 л",160.0,механика,передний,черный,277 424,,,,,Нижний Новгород,
https://auto.drom.ru/moscow/skoda/superb/377706247.html,377706247,Шкода Суперб,979000,2010,"бензин, 1.8 л",152.0,робот,передний,черный,105 799,1.0,левый,2 поколение,,Москва,
https://auto.drom.ru/moscow/skoda/superb/366385982.html,366385982,Шкода Суперб,2380000,2015,"бензин, 1.8 л",180.0,робот,передний,коричневый,87 391,1.0,левый,3 поколение,1.8 TSI DSG L&K,Москва,
https://auto.drom.ru/moscow/skoda/superb/345007585.html,345007585,Шкода Суперб,3775000,2025,"бензин, 1.4 л",150.0,робот,передний,черный,,,левый,"3 поколение, рестайлинг",1.4T TSI DSG Exclusive 280,Москва,
https://auto.drom.ru/moscow/skoda/superb/626173778.html,626173778,Шкода Суперб,3775000,2026,"бензин, 1.4 л",150.0,робот,передний,черный,,,левый,"3 поколение, рестайлинг",1.4T TSI DSG Exclusive 280,Москва,
https://auto.drom.ru/barnaul/skoda/superb/123264245.html,123264245,Шкода Суперб,1250000,2017,"бензин, 1.8 л",180.0,робот,передний,серый,222 000,3.0,левый,3 поколение,1.8 TSI DSG Style,Барнаул,
https://auto.drom.ru/moscow/skoda/superb/412584350.html,412584350,Шкода Суперб,3775000,2026,"бензин, 1.4 л",150.0,робот,передний,черный,,,левый,"3 поколение, рестайлинг",1.4T TSI DSG Exclusive 280,Москва,
https://auto.drom.ru/moscow/skoda/superb/899153983.html,899153983,Шкода Суперб,3775000,2025,"бензин, 1.5 л, гибрид",150.0,робот,передний,черный,,,левый,4 поколение,,Москва,
https://auto.drom.ru/krasnoyarsk/skoda/superb/225722269.html,225722269,Шкода Суперб,955000,2012,"бензин, 1.8 л",152.0,АКПП,передний,красный,126 000,2.0,левый,2 поколение,1.8 TSI AT Active,Красноярск,
https://auto.drom.ru/moscow/skoda/superb/876067365.html,876067365,Шкода Суперб,3775000,2026,"бензин, 1.4 л",150.0,робот,передний,черный,,,левый,"3 поколение, рестайлинг",1.4T TSI DSG Exclusive 280,Москва,
https://auto.drom.ru/ishimbay/skoda/superb/187654205.html,187654205,Шкода Суперб,1200000,2010,"бензин, 1.8 л",152.0,робот,передний,черный,160 000,,левый,2 поколение,1.8 TSI DSG Elegance,"Ишимбай, Республика Башкортостан",
https://auto.drom.ru/surgut/skoda/kodiaq/927165486.html,927165486,Шкода Кодиак,2195950,2018,"бензин, 1.4 л",150.0,робот,4WD,серый,153 689,1.0,левый,1 поколение,1.4 TSI DSG 4x4 Style,"Сургут, Ханты-Мансийский автономный округ",
https://auto.drom.ru/spb/skoda/kodiaq/559410567.html,559410567,Шкода Кодиак,1999000,2018,"бензин, 2.0 л",180.0,робот,4WD,белый,173 489,2.0,левый,1 поколение,2.0 TSI DSG Style,Санкт-Петербург,
https://auto.drom.ru/rostov-na-donu/skoda/kodiaq/815517248.html,815517248,Шкода Кодиак,1899000,2018,"бензин, 1.4 л",150.0,робот,4WD,серый,221 212,2.0,левый,1 поколение,1.4 TSI DSG Style Plus,Ростов-на-Дону,
https://auto.drom.ru/novosibirsk/skoda/kodiaq/692711208.html,692711208,Шкода Кодиак,3500000,2021,"бензин, 2.0 л",180.0,робот,4WD,серый,92 000,1.0,левый,1 поколение,,Новосибирск,
https://auto.drom.ru/ekaterinburg/skoda/kodiaq/729168773.html,729168773,Шкода Кодиак,2795000,2018,"дизель, 2.0 л",150.0,робот,4WD,белый,106 685,2.0,левый,1 поколение,2.0 TDI DSG Style Plus,Екатеринбург,
https://auto.drom.ru/spb/skoda/kodiaq/931787867.html,931787867,Шкода Кодиак,2350000,2019,"бензин, 1.4 л",150.0,робот,передний,зеленый,103 030,3.0,левый,1 поколение,,Санкт-Петербург,
https://auto.drom.ru/spb/skoda/kodiaq/883753701.html,883753701,Шкода Кодиак,2820000,2020,"бензин, 2.0 л",180.0,робот,4WD,белый,172 135,2.0,левый,1 поколение,,Санкт-Петербург,
https://auto.drom.ru/rostov-na-donu/skoda/kodiaq/339006471.html,339006471,Шкода Кодиак,2279000,2018,"бензин, 1.4 л",150.0,робот,4WD,серый,155 585,,левый,1 поколение,,Ростов-на-Дону,
https://auto.drom.ru/ekaterinburg/skoda/kodiaq/891359790.html,891359790,Шкода Кодиак,2770000,2018,"бензин, 2.0 л",180.0,робот,4WD,серый,162 000,1.0,левый,1 поколение,,Екатеринбург,
https://auto.drom.ru/spb/skoda/kodiaq/890391773.html,890391773,Шкода Кодиак,3600000,2020,"дизель, 2.0 л",150.0,робот,4WD,зеленый,77 597,,левый,1 поколение,,Санкт-Петербург,
https://auto.drom.ru/barnaul/skoda/kodiaq/571757886.html,571757886,Шкода Кодиак,3900000,2021,"бензин, 2.0 л",180.0,робот,4WD,белый,72 000,1.0,левый,1 поколение,,Барнаул,
https://auto.drom.ru/tyumen/skoda/kodiaq/326711149.html,326711149,Шкода Кодиак,3270000,2021,"бензин, 2.0 л",180.0,робот,4WD,зеленый,115 010,2.0,левый,1 поколение,2.0 TSI DSG 4x4 Ambition,Тюмень,
https://auto.drom.ru/ekaterinburg/skoda/kodiaq/497204296.html,497204296,Шкода Кодиак,2200000,2018,"бензин, 1.4 л",150.0,робот,4WD,коричневый,124 263,1.0,левый,1 поколение,1.4 TSI DSG 4x4 Ambition,Екатеринбург,
https://auto.drom.ru/novosibirsk/skoda/kodiaq/914544210.html,914544210,Шкода Кодиак,3150000,2019,"бензин, 2.0 л",180.0,робот,4WD,белый,93 000,3.0,левый,1 поколение,2.0 TSI DSG Ambition,Новосибирск,
https://auto.drom.ru/rostov-na-donu/skoda/kodiaq/382380332.html,382380332,Шкода Кодиак,2300000,2019,"бензин, 1.4 л",125.0,механика,передний,белый,103 000,2.0,левый,1 поколение,1.4 TSI MT Active,Ростов-на-Дону,
https://auto.drom.ru/kemerovo/skoda/kodiaq/290666806.html,290666806,Шкода Кодиак,2274999,2020,"бензин, 2.0 л",180.0,робот,4WD,белый,206 556,2.0,левый,1 поколение,2.0 TSI DSG Style,Кемерово,
https://auto.drom.ru/spb/skoda/kodiaq/459195136.html,459195136,Шкода Кодиак,2926300,2022,"бензин, 2.0 л",186.0,робот,передний,белый,164 933,1.0,левый,1 поколение,,Санкт-Петербург,
https://auto.drom.ru/miass/skoda/kodiaq/321796038.html,321796038,Шкода Кодиак,2000000,2019,"бензин, 1.4 л",150.0,робот,передний,зеленый,159 690,2.0,левый,1 поколение,1.4 TSI DSG Style,"Миасс, Челябинская область",
https://auto.drom.ru/kamensk-uralskiy/skoda/kodiaq/613937832.html,613937832,Шкода Кодиак,2500000,2019,"бензин, 1.4 л",150.0,робот,передний,бежевый,26 000,1.0,левый,1 поколение,1.4 TSI DSG Active,"Каменск-Уральский, Свердловская область",
https://auto.drom.ru/surgut/skoda/kodiaq/416950539.html,416950539,Шкода Кодиак,2570000,2018,"бензин, 1.4 л",150.0,робот,4WD,бежевый,122 897,1.0,левый,1 поколение,,"Сургут, Ханты-Мансийский автономный округ",
https://auto.drom.ru/moscow/skoda/karoq/426607984.html,426607984,Шкода Карок,2450000,2021,"бензин, 1.4 л",150.0,робот,4WD,черный,85 932,1.0,левый,1 поколение,,Москва,
https://auto.drom.ru/omsk/skoda/karoq/498025190.html,498025190,Шкода Карок,2300000,2021,"бензин, 1.4 л",150.0,робот,4WD,белый,87 000,1.0,левый,1 поколение,1.4 TSI 4x4 DSG Style,Омск,
https://auto.drom.ru/novorossiysk/skoda/karoq/659382231.html,659382231,Шкода Карок,2000000,2020,"бензин, 1.4 л",150.0,АКПП,передний,серый,97 891,2.0,левый,1 поколение,1.4 TSI AT Style,"Новороссийск, Краснодарский край",
https://auto.drom.ru/kemerovo/skoda/karoq/323344955.html,323344955,Шкода Карок,1899999,2021,"бензин, 1.4 л",150.0,АКПП,передний,зеленый,138 923,3.0,левый,1 поколение,1.4 TSI AT Style,Кемерово,
https://auto.drom.ru/chehov/skoda/karoq/265151307.html,265151307,Шкода Карок,2300000,2021,"бензин, 1.6 л",110.0,механика,передний,черный,47 000,1.0,левый,1 поколение,,"Чехов, Московская область",
https://auto.drom.ru/chelyabinsk/skoda/karoq/173100793.html,173100793,Шкода Карок,2250000,2020,"бензин, 1.4 л",150.0,АКПП,передний,коричневый,150 800,1.0,левый,1 поколение,1.4 TSI AT Ambition,Челябинск,
https://auto.drom.ru/naberezhnye-chelny/skoda/karoq/894436781.html,894436781,Шкода Карок,2510000,2020,"бензин, 1.4 л",150.0,робот,4WD,синий,59 882,1.0,левый,1 поколение,,"Набережные Челны, Республика Татарстан",
https://auto.drom.ru/chelyabinsk/skoda/karoq/913144141.html,913144141,Шкода Карок,2300000,2021,"бензин, 1.4 л",150.0,АКПП,передний,черный,106 200,1.0,левый,1 поколение,,Челябинск,
https://auto.drom.ru/novosibirsk/skoda/karoq/538087266.html,538087266,Шкода Карок,1540000,2020,"бензин, 1.4 л",150.0,автомат,передний,серый,207 100,1.0,левый,,,Новосибирск,
https://auto.drom.ru/novokuznetsk/skoda/karoq/779648129.html,779648129,Шкода Карок,2350000,2020,"бензин, 1.4 л",150.0,робот,4WD,серый,92 000,1.0,левый,1 поколение,1.4 TSI 4x4 DSG Ambition,"Новокузнецк, Кемеровская область",
https://auto.drom.ru/yaroslavl/skoda/karoq/875653190.html,875653190,Шкода Карок,2265000,2020,"бензин, 1.5 л",150.0,автомат,4WD,серый,94 764,3.0,левый,,,Ярославль,
https://auto.drom.ru/tyumen/skoda/karoq/350609831.html,350609831,Шкода Карок,2469000,2022,"бензин, 1.4 л",150.0,автомат,передний,серый,41 329,1.0,левый,,,Тюмень,
https://auto.drom.ru/saratov/skoda/karoq/474628748.html,474628748,Шкода Карок,2500000,2021,"бензин, 1.4 л",150.0,робот,4WD,черный,80 960,2.0,левый,1 поколение,,Саратов,
https://auto.drom.ru/kazan/skoda/karoq/713542157.html,713542157,Шкода Карок,2250000,2020,"бензин, 1.4 л",150.0,АКПП,передний,серый,69 200,1.0,левый,1 поколение,1.4 TSI AT Active,Казань,
https://auto.drom.ru/krasnodar/skoda/karoq/811889495.html,811889495,Шкода Карок,1783000,2020,"бензин, 1.4 л",150.0,автомат,передний,зеленый,166 273,2.0,левый,,,Краснодар,
https://auto.drom.ru/samara/skoda/karoq/836198693.html,836198693,Шкода Карок,1899000,2020,"бензин, 1.4 л",150.0,АКПП,передний,черный,134 405,1.0,левый,1 поколение,1.4 TSI AT Ambition,Самара,
https://auto.drom.ru/moscow/skoda/karoq/881167908.html,881167908,Шкода Карок,2400000,2021,"бензин, 1.4 л",150.0,автомат,передний,зеленый,84 475,1.0,левый,,,Москва,
https://auto.drom.ru/ekaterinburg/skoda/karoq/517827433.html,517827433,Шкода Карок,2259000,2021,"бензин, 1.4 л",150.0,АКПП,передний,серый,74 641,1.0,левый,1 поколение,1.4 TSI AT Style,Екатеринбург,
https://auto.drom.ru/moscow/skoda/karoq/224488351.html,224488351,Шкода Карок,2190000,2020,"бензин, 1.4 л",150.0,робот,4WD,серый,62 000,2.0,левый,1 поколение,1.4 TSI 4x4 DSG Ambition,Москва,
https://auto.drom.ru/penza/skoda/karoq/540134243.html,540134243,Шкода Карок,2500000,2020,"бензин, 1.4 л",150.0,АКПП,передний,серый,90 300,1.0,левый,1 поколение,1.4 TSI AT Ambition,Пенза,
https://auto.drom.ru/ekaterinburg/skoda/yeti/183836705.html,183836705,Шкода Йети,745000,2013,"бензин, 1.2 л",105.0,робот,передний,белый,153 554,2.0,левый,1 поколение,1.2 TSI DSG Active,Екатеринбург,
https://auto.drom.ru/samara/skoda/yeti/332960019.html,332960019,Шкода Йети,1200000,2010,2.0 л,140.0,автомат,4WD,бордовый,115 598,3.0,левый,1 поколение,,Самара,
https://auto.drom.ru/pushkino/skoda/yeti/668525041.html,668525041,Шкода Йети,750000,2012,"бензин, 1.8 л",152.0,робот,4WD,коричневый,178 323,,левый,1 поколение,1.8 TSI DSG 4x4 Ambition,"Пушкино, Московская область",
https://auto.drom.ru/arhangelsk/skoda/yeti/890534218.html,890534218,Шкода Йети,685000,2010,"бензин, 1.2 л",105.0,робот,передний,черный,187 000,,левый,1 поколение,,Архангельск,
https://auto.drom.ru/zheleznovodsk/skoda/yeti/879340706.html,879340706,Шкода Йети,820000,2012,"бензин, 1.2 л",105.0,робот,передний,белый,186 000,,левый,1 поколение,1.2 TSI DSG Active,"Железноводск, Ставропольский край",
https://auto.drom.ru/ufa/skoda/yeti/810519526.html,810519526,Шкода Йети,1399000,2017,"бензин, 1.6 л",110.0,АКПП,передний,серый,219 154,,левый,"1 поколение, рестайлинг",1.6 MPI AT Active,Уфа,
https://auto.drom.ru/spb/skoda/yeti/877565201.html,877565201,Шкода Йети,620000,2012,"бензин, 1.2 л",105.0,робот,передний,серебристый,171 177,,левый,1 поколение,1.2 TSI DSG Ambition,Санкт-Петербург,
https://auto.drom.ru/nizhniy-novgorod/skoda/yeti/285882474.html,285882474,Шкода Йети,699990,2012,"бензин, 1.2 л",105.0,механика,передний,серебристый,151 035,1.0,левый,1 поколение,,Нижний Новгород,
https://auto.drom.ru/rostov-na-donu/skoda/yeti/215448674.html,215448674,Шкода Йети,1220000,2015,"бензин, 1.6 л",110.0,АКПП,передний,серебристый,200 000,1.0,левый,"1 поколение, рестайлинг",,Ростов-на-Дону,
https://auto.drom.ru/omsk/skoda/yeti/284958681.html,284958681,Шкода Йети,845000,2013,"бензин, 1.8 л",152.0,робот,4WD,серый,230 000,,левый,1 поколение,1.8 TSI DSG 4x4 Active,Омск,
https://auto.drom.ru/krasnodar/skoda/yeti/278985562.html,278985562,Шкода Йети,950000,2013,"бензин, 1.8 л",152.0,робот,4WD,серебристый,187 952,,левый,1 поколение,1.8 TSI DSG 4x4 Elegance,Краснодар,
https://auto.drom.ru/omsk/skoda/yeti/523191113.html,523191113,Шкода Йети,1300000,2013,"дизель, 2.0 л",140.0,робот,4WD,белый,217 500,2.0,левый,1 поколение,,Омск,
https://auto.drom.ru/krasnoyarsk/skoda/yeti/457428100.html,457428100,Шкода Йети,830000,2015,"бензин, 1.6 л",110.0,механика,передний,белый,151 043,,левый,"1 поколение, рестайлинг",1.6 MPI MT Adventure,Красноярск,
https://auto.drom.ru/ekaterinburg/skoda/yeti/463470552.html,463470552,Шкода Йети,850000,2012,"бензин, 1.2 л",105.0,робот,передний,синий,198 029,,левый,1 поколение,,Екатеринбург,
https://auto.drom.ru/izhevsk/skoda/yeti/571329268.html,571329268,Шкода Йети,999000,2014,"бензин, 1.6 л",110.0,механика,передний,белый,167 063,,левый,"1 поколение, рестайлинг",,Ижевск,
https://auto.drom.ru/novaya-igirma/skoda/yeti/878045480.html,878045480,Шкода Йети,650000,2012,"бензин, 1.2 л",105.0,робот,передний,красный,163 200,3.0,левый,1 поколение,,"Новая Игирма, Иркутская область",
https://auto.drom.ru/moscow/skoda/yeti/771405516.html,771405516,Шкода Йети,935000,2014,"бензин, 1.4 л",122.0,робот,передний,белый,125 665,3.0,левый,1 поколение,,Москва,
https://auto.drom.ru/perm/skoda/yeti/325212273.html,325212273,Шкода Йети,1399000,2014,"бензин, 1.8 л",152.0,робот,4WD,белый,146 000,,левый,"1 поколение, рестайлинг",1.8 TSI DSG 4x4 Elegance Outdoor,Пермь,
https://auto.drom.ru/orel/skoda/yeti/757558710.html,757558710,Шкода Йети,960000,2016,"бензин, 1.6 л",110.0,механика,передний,белый,189 000,2.0,левый,"1 поколение, рестайлинг",1.6 MPI MT Ambition,Орел,
https://auto.drom.ru/spb/skoda/yeti/258834506.html,258834506,Шкода Йети,998000,2012,"бензин, 1.2 л",105.0,робот,передний,серый,58 598,1.0,левый,1 поколение,1.2 TSI DSG Ambition,Санкт-Петербург,
https://auto.drom.ru/rostov-na-donu/skoda/fabia/755164482.html,755164482,Шкода Фабия,850000,2014,"бензин, 1.4 л",86.0,механика,передний,серебристый,159 000,2.0,левый,"2 поколение, рестайлинг",1.4 MT Ambition,Ростов-на-Дону,
https://auto.drom.ru/krasnodar/skoda/fabia/207191463.html,207191463,Шкода Фабия,420000,2011,"бензин, 1.2 л",70.0,механика,передний,белый,140 000,2.0,левый,"2 поколение, рестайлинг",1.2 HTP MT Elegance,Краснодар,
https://auto.drom.ru/barnaul/skoda/fabia/123583147.html,123583147,Шкода Фабия,557000,2011,"бензин, 1.4 л",86.0,механика,передний,красный,224 000,,левый,"2 поколение, рестайлинг",1.4 MT Elegance,Барнаул,
https://auto.drom.ru/petuhovo/skoda/fabia/341291290.html,341291290,Шкода Фабия,430000,2009,"бензин, 1.2 л",70.0,механика,передний,серый,223 000,3.0,левый,2 поколение,,"Петухово, Курганская область",
https://auto.drom.ru/krasnodar/skoda/fabia/853430594.html,853430594,Шкода Фабия,305000,2007,"бензин, 1.2 л",64.0,механика,передний,серый,332 138,,левый,"1 поколение, рестайлинг",,Краснодар,
https://auto.drom.ru/balebey/skoda/fabia/136497328.html,136497328,Шкода Фабия,380000,2013,"бензин, 1.2 л",70.0,механика,передний,белый,180 000,3.0,левый,"2 поколение, рестайлинг",,"Белебей, Республика Башкортостан",
https://auto.drom.ru/krasnodar/skoda/fabia/706541615.html,706541615,Шкода Фабия,600000,2011,"бензин, 1.6 л",105.0,АКПП,передний,серый,199 800,,левый,"2 поколение, рестайлинг",1.6 AT Elegance,Краснодар,
https://auto.drom.ru/naberezhnye-chelny/skoda/fabia/634725289.html,634725289,Шкода Фабия,650000,2008,"бензин, 1.6 л",105.0,АКПП,передний,бежевый,186 903,3.0,левый,2 поколение,1.6 AT Elegance,"Набережные Челны, Республика Татарстан",
https://auto.drom.ru/penza/skoda/fabia/258148965.html,258148965,Шкода Фабия,397000,2007,"бензин, 1.2 л",64.0,механика,передний,голубой,188 000,,левый,"1 поколение, рестайлинг",,Пенза,
https://auto.drom.ru/tyumen/skoda/fabia/340577398.html,340577398,Шкода Фабия,580000,2012,"бензин, 1.6 л",105.0,механика,передний,серебристый,171 196,3.0,левый,"2 поколение, рестайлинг",,Тюмень,
https://auto.drom.ru/novosibirsk/skoda/fabia/419393772.html,419393772,Шкода Фабия,390000,2008,"бензин, 1.4 л",86.0,механика,передний,белый,208 000,,левый,2 поколение,,Новосибирск,
https://auto.drom.ru/izhevsk/skoda/fabia/333036023.html,333036023,Шкода Фабия,639000,2012,"бензин, 1.4 л",86.0,механика,передний,зеленый,162 055,3.0,левый,"2 поколение, рестайлинг",1.4 MT Elegance,Ижевск,
https://auto.drom.ru/ekaterinburg/skoda/fabia/630331687.html,630331687,Шкода Фабия,519900,2012,"бензин, 1.4 л",86.0,механика,передний,белый,260 000,2.0,левый,"2 поколение, рестайлинг",,Екатеринбург,
https://auto.drom.ru/kaskara/skoda/fabia/503378724.html,503378724,Шкода Фабия,235000,2011,"бензин, 1.2 л",70.0,механика,передний,серый,218 112,,левый,"2 поколение, рестайлинг",1.2 HTP MT Classic,"Каскара, Тюменская область",
https://auto.drom.ru/dolgoderevenskoe/skoda/fabia/336407225.html,336407225,Шкода Фабия,370000,2008,"бензин, 1.2 л",70.0,механика,передний,красный,315 000,,левый,2 поколение,,"Долгодеревенское, Челябинская область",
https://auto.drom.ru/yevpatoriya/skoda/fabia/321816036.html,321816036,Шкода Фабия,499000,2008,"бензин, 1.2 л",70.0,механика,передний,серый,259 000,,левый,2 поколение,1.2 HTP MT Classic,"Евпатория, Республика Крым",
https://auto.drom.ru/krasnoyarsk/skoda/fabia/297076372.html,297076372,Шкода Фабия,797000,2014,"бензин, 1.6 л",105.0,АКПП,передний,желтый,171 691,3.0,левый,"2 поколение, рестайлинг",1.6 AT Elegance,Красноярск,
https://auto.drom.ru/spb/skoda/fabia/917766140.html,917766140,Шкода Фабия,240000,2007,"бензин, 1.2 л",64.0,механика,передний,синий,250 000,,левый,"1 поколение, рестайлинг",,Санкт-Петербург,
https://auto.drom.ru/tomsk/skoda/fabia/751991312.html,751991312,Шкода Фабия,590000,2010,"бензин, 1.6 л",105.0,АКПП,передний,черный,166 209,3.0,левый,"2 поколение, рестайлинг",,Томск,
https://auto.drom.ru/kemerovo/skoda/fabia/547423624.html,547423624,Шкода Фабия,439995,2013,"бензин, 1.2 л",70.0,механика,передний,белый,224 221,3.0,левый,"2 поколение, рестайлинг",1.2 MT Active,Кемерово,
https://auto.drom.ru/ufa/skoda/roomster/101947454.html,101947454,Шкода Румстер,550000,2012,"бензин, 1.6 л",105.0,АКПП,передний,серый,360 000,3.0,левый,"1 поколение, рестайлинг",1.6 AT Ambition,Уфа,
https://auto.drom.ru/spb/skoda/roomster/875817481.html,875817481,Шкода Румстер,500000,2013,"бензин, 1.4 л",86.0,механика,передний,бордовый,249 000,3.0,левый,"1 поколение, рестайлинг",1.4 MT Ambition,Санкт-Петербург,
https://auto.drom.ru/novosibirsk/skoda/roomster/109646531.html,109646531,Шкода Румстер,680000,2012,"бензин, 1.6 л",105.0,АКПП,передний,белый,190 000,2.0,левый,"1 поколение, рестайлинг",1.6 AT Ambition,Новосибирск,
https://auto.drom.ru/lipetsk/skoda/roomster/675022760.html,675022760,Шкода Румстер,500000,2008,"бензин, 1.4 л",86.0,механика,передний,синий,246 749,3.0,левый,1 поколение,1.4 MT Comfort,Липецк,
https://auto.drom.ru/orenburg/skoda/roomster/124106175.html,124106175,Шкода Румстер,478000,2007,"бензин, 1.4 л",86.0,механика,передний,синий,79 210,2.0,левый,1 поколение,1.4 MT Style,Оренбург,
https://auto.drom.ru/borovichi/skoda/roomster/806628592.html,806628592,Шкода Румстер,400000,2008,"бензин, 1.2 л",64.0,механика,передний,,250 000,1.0,левый,1 поколение,1.2 MT Base,"Боровичи, Новгородская область",
https://auto.drom.ru/efremov/skoda/roomster/376612669.html,376612669,Шкода Румстер,500000,2008,"бензин, 1.4 л, ГБО",86.0,механика,передний,синий,300 000,2.0,левый,1 поколение,1.4 MT Sport,"Ефремов, Тульская область",
https://auto.drom.ru/anapa/skoda/roomster/118371097.html,118371097,Шкода Румстер,500000,2011,"бензин, 1.4 л",86.0,механика,передний,белый,280 000,,левый,"1 поколение, рестайлинг",1.4 MT Ambition,"Анапа, Краснодарский край",
https://auto.drom.ru/omsk/skoda/roomster/740961313.html,740961313,Шкода Румстер,599000,2012,"бензин, 1.6 л",105.0,АКПП,передний,белый,141 000,,левый,"1 поколение, рестайлинг",1.6 AT Ambition,Омск,
https://auto.drom.ru/shchelkovo/skoda/roomster/511897425.html,511897425,Шкода Румстер,250000,2007,"бензин, 1.2 л",64.0,механика,передний,черный,311 605,1.0,левый,1 поколение,1.2 MT Base,"Щёлково, Московская область",
https://auto.drom.ru/simferopol/skoda/roomster/296818626.html,296818626,Шкода Румстер,710000,2014,"бензин, 1.6 л",105.0,АКПП,передний,белый,220 000,,левый,"1 поколение, рестайлинг",1.6 AT Ambition,Симферополь,
https://auto.drom.ru/ivangorod/skoda/roomster/391932343.html,391932343,Шкода Румстер,380000,2007,"бензин, 1.2 л",64.0,механика,передний,черный,194 000,2.0,левый,1 поколение,1.2 MT Base,"Ивангород, Ленинградская область",
https://auto.drom.ru/izhevsk/skoda/roomster/539241304.html,539241304,Шкода Румстер,667000,2014,"бензин, 1.4 л",86.0,механика,передний,белый,174 000,3.0,левый,"1 поколение, рестайлинг",1.4 MT Ambition,Ижевск,
https://auto.drom.ru/tyumen/skoda/roomster/932439931.html,932439931,Шкода Румстер,645000,2011,"бензин, 1.4 л",86.0,механика,передний,белый,276 000,3.0,левый,"1 поколение, рестайлинг",1.4 MT Ambition,Тюмень,
https://auto.drom.ru/samara/skoda/roomster/228289477.html,228289477,Шкода Румстер,400000,2007,"бензин, 1.4 л",86.0,механика,передний,синий,256 000,2.0,левый,1 поколение,1.4 MT Base,Самара,
https://auto.drom.ru/irkutsk/skoda/roomster/858239068.html,858239068,Шкода Румстер,625000,2007,"бензин, 1.6 л",105.0,АКПП,передний,синий,150 024,,левый,1 поколение,1.6 AT Comfort,Иркутск,
https://auto.drom.ru/krasnoyarsk/skoda/roomster/477747680.html,477747680,Шкода Румстер,497000,2009,"бензин, 1.6 л",105.0,АКПП,передний,серый,153 000,,левый,1 поколение,,Красноярск,
https://auto.drom.ru/krasnoyarsk/skoda/roomster/276433038.html,276433038,Шкода Румстер,649000,2009,"бензин, 1.6 л",105.0,АКПП,передний,белый,247 000,,левый,1 поколение,,Красноярск,
https://auto.drom.ru/krasnogvardeyskoe/skoda/roomster/361133536.html,361133536,Шкода Румстер,535000,2008,"бензин, 1.4 л",86.0,механика,передний,серый,220,,левый,1 поколение,1.4 MT Comfort,"Красногвардейское, Республика Крым",
https://auto.drom.ru/maloyaroslavets/skoda/roomster/385065941.html,385065941,Шкода Румстер,350000,2008,"бензин, 1.4 л",86.0,механика,передний,белый,219 000,2.0,левый,1 поколение,,"Малоярославец, Калужская область",
https://auto.drom.ru/chelyabinsk/audi/a3/509540581.html,509540581,Ауди А3,920000,2011,"бензин, 1.4 л",125.0,робот,передний,серый,167 000,3.0,левый,"2 поколение, 2 рестайлинг",1.4 TFSI S Tronic Ambiente,Челябинск,
https://auto.drom.ru/spb/audi/a3/180024872.html,180024872,Ауди А3,1199000,2013,"бензин, 1.4 л",122.0,робот,передний,белый,204 903,2.0,левый,3 поколение,,Санкт-Петербург,
https://auto.drom.ru/spb/audi/a3/165281505.html,165281505,Ауди А3,4190000,2026,"бензин, 1.5 л",160.0,робот,передний,серый,,,левый,"4 поколение, рестайлинг",L 1.5 35 TFSI S Tronic Flying Spur Premium Edition + Luxury Package,Санкт-Петербург,
https://auto.drom.ru/moscow/audi/a3/559517893.html,559517893,Ауди А3,2130000,2019,"бензин, 1.4 л",150.0,робот,передний,серый,102 020,2.0,левый,"3 поколение, рестайлинг",1.4 35 TFSI COD ultra S tronic Sport,Москва,
https://auto.drom.ru/vladivostok/audi/a3/943113364.html,943113364,Ауди А3,1251000,2020,"бензин, 1.4 л",122.0,робот,передний,черный,94 000,1.0,правый,"3 поколение, рестайлинг",1.4 30 TFSI,Владивосток,
https://auto.drom.ru/izhevsk/audi/a3/603176808.html,603176808,Ауди А3,1590000,2015,"бензин, 1.4 л",125.0,робот,передний,серый,197 510,3.0,левый,3 поколение,1.4 TFSI S tronic Attraction,Ижевск,
https://auto.drom.ru/surgut/audi/a3/350262025.html,350262025,Ауди А3,1395000,2014,"бензин, 1.4 л",125.0,робот,передний,красный,133 000,,левый,3 поколение,1.4 TFSI S tronic Ambiente,"Сургут, Ханты-Мансийский автономный округ",
https://auto.drom.ru/stavropol/audi/a3/196475304.html,196475304,Ауди А3,1800000,2016,"бензин, 1.4 л",150.0,робот,передний,белый,100 000,2.0,левый,"3 поколение, рестайлинг",,Ставрополь,
https://auto.drom.ru/meleuz/audi/a3/458311922.html,458311922,Ауди А3,650000,2008,"бензин, 1.6 л",102.0,робот,передний,черный,312 000,,левый,"2 поколение, 2 рестайлинг",1.6 S tronic Ambition,"Мелеуз, Республика Башкортостан",
https://auto.drom.ru/spb/audi/a3/631187596.html,631187596,Ауди А3,3990000,2026,"бензин, 1.5 л",160.0,робот,передний,серый,,,левый,"4 поколение, рестайлинг",L 1.5 35 TFSI S Tronic Flying Spur Premium Edition + Luxury Package,Санкт-Петербург,
https://auto.drom.ru/krasnoyarsk/audi/a3/413870991.html,413870991,Ауди А3,2830000,2021,"бензин, 1.4 л",150.0,АКПП,передний,серый,58 592,2.0,левый,4 поколение,1.4 35 TFSI Tiptronic Sport,Красноярск,
https://auto.drom.ru/orenburg/audi/a3/218019286.html,218019286,Ауди А3,290000,1999,"бензин, 1.6 л",101.0,механика,передний,серый,299 000,,левый,1 поколение,1.6 MT,Оренбург,
https://auto.drom.ru/moscow/audi/a3/128647305.html,128647305,Ауди А3,1250000,2014,"бензин, 1.4 л",125.0,робот,передний,черный,225 000,2.0,левый,3 поколение,1.4 TFSI S Tronic Attraction,Москва,
https://auto.drom.ru/tyumen/audi/a3/223846248.html,223846248,Ауди А3,900000,2008,"бензин, 1.4 л",125.0,робот,передний,синий,250 000,,левый,"2 поколение, 2 рестайлинг",1.4 TFSI S Tronic Ambition,Тюмень,
https://auto.drom.ru/simferopol/audi/a3/669997353.html,669997353,Ауди А3,120000,1997,"бензин, 1.8 л",125.0,механика,передний,,150 000,,левый,1 поколение,1.8 MT,Симферополь,
https://auto.drom.ru/spb/audi/a3/736626685.html,736626685,Ауди А3,3997000,2025,"бензин, 1.5 л",160.0,робот,передний,серый,,,левый,"4 поколение, рестайлинг",1.5 35 TFSI S Tronic Flying Spur Premium,Санкт-Петербург,
https://auto.drom.ru/perm/audi/a3/382698473.html,382698473,Ауди А3,1399000,2014,"бензин, 1.4 л",125.0,робот,передний,синий,165 292,2.0,левый,3 поколение,,Пермь,
https://auto.drom.ru/voronezh/audi/a3/856383083.html,856383083,Ауди А3,1549000,2016,"бензин, 1.4 л",150.0,робот,передний,белый,179 116,,левый,3 поколение,,Воронеж,
https://auto.drom.ru/spb/audi/a3/445967200.html,445967200,Ауди А3,4390000,2026,"бензин, 1.5 л",160.0,робот,передний,серый,,,левый,"4 поколение, рестайлинг",L 1.5 35 TFSI S Tronic Flying Spur Premium Edition + Luxury Package,Санкт-Петербург,
https://auto.drom.ru/spb/audi/a3/872253498.html,872253498,Ауди А3,400000,1996,"бензин, 1.8 л",125.0,автомат,передний,серый,303 185,,левый,1 поколение,,Санкт-Петербург,
https://auto.drom.ru/simferopol/audi/a4/829348529.html,829348529,Ауди А4,1250000,2013,"бензин, 1.8 л",120.0,вариатор,передний,белый,210 000,,левый,"4 поколение, рестайлинг",1.8 TFSI Multitronic Ambition,Симферополь,
https://auto.drom.ru/moscow/audi/a4/650642687.html,650642687,Ауди А4,3189800,2022,"бензин, 2.0 л",150.0,робот,передний,белый,51 000,1.0,левый,"5 поколение, рестайлинг",,Москва,
https://auto.drom.ru/kemerovo/audi/a4/296226601.html,296226601,Ауди А4,550000,2011,"бензин, 1.8 л",160.0,вариатор,передний,черный,265 000,,левый,4 поколение,1.8 TFSI Multitronic Ambiente,Кемерово,
https://auto.drom.ru/krasnoyarsk/audi/a4/822967637.html,822967637,Ауди А4,1350000,2013,"бензин, 1.8 л",120.0,вариатор,передний,черный,238 000,1.0,левый,"4 поколение, рестайлинг",,Красноярск,
https://auto.drom.ru/pechory/audi/a4/360098032.html,360098032,Ауди А4,10000,2003,"дизель, 1.9 л",100.0,механика,передний,белый,111 111,3.0,левый,2 поколение,1.9 TDI MT,"Печоры, Псковская область",
https://auto.drom.ru/novosibirsk/audi/a4/110521681.html,110521681,Ауди А4,1790000,2016,"бензин, 1.4 л",150.0,робот,передний,черный,69 000,1.0,правый,5 поколение,1.4 TFSI Sport,Новосибирск,
https://auto.drom.ru/irkutsk/audi/a4/498380872.html,498380872,Ауди А4,350000,2000,"бензин, 2.0 л",130.0,вариатор,передний,черный,200 000,,левый,2 поколение,2.0 Multitronic,Иркутск,
https://auto.drom.ru/kemerovo/audi/a4/878058327.html,878058327,Ауди А4,1349995,2008,"бензин, 2.0 л",211.0,робот,4WD,серый,279 491,2.0,левый,4 поколение,2.0 TFSI quattro S Tronic,Кемерово,
https://auto.drom.ru/omsk/audi/a4/822449476.html,822449476,Ауди А4,278000,1995,"бензин, 1.6 л",101.0,механика,передний,черный,235 000,1.0,левый,1 поколение,1.6 MT,Омск,
https://auto.drom.ru/moscow/audi/a4/616842495.html,616842495,Ауди А4,635000,2007,"дизель, 2.0 л",140.0,вариатор,передний,черный,530 000,3.0,левый,3 поколение,2.0 TDI Multitronic,Москва,
https://auto.drom.ru/moscow/audi/a4/320746639.html,320746639,Ауди А4,1980000,2018,"дизель, 2.0 л",150.0,робот,передний,серый,273 500,,левый,5 поколение,2.0 35 TDI S tronic Sport,Москва,
https://auto.drom.ru/chelyabinsk/audi/a4/550577759.html,550577759,Ауди А4,455000,2004,"бензин, 1.8 л",170.0,вариатор,передний,серый,282 200,2.0,левый,2 поколение,1.8T Multitronic,Челябинск,
https://auto.drom.ru/podkumok/audi/a4/280626421.html,280626421,Ауди А4,575000,2006,"бензин, 2.0 л",130.0,вариатор,передний,синий,196 000,3.0,левый,3 поколение,,"Подкумок, Ставропольский край",
https://auto.drom.ru/moscow/audi/a4/132469422.html,132469422,Ауди А4,1390000,2014,"бензин, 1.8 л",170.0,вариатор,передний,черный,204 187,,левый,"4 поколение, рестайлинг",1.8 TFSI Multitronic Comfort,Москва,
https://auto.drom.ru/novosibirsk/audi/a4/467873073.html,467873073,Ауди А4,1350000,2016,"бензин, 1.4 л",150.0,робот,передний,белый,118 000,2.0,правый,5 поколение,Avant 1.4 TFSI 1st Edition,Новосибирск,
https://auto.drom.ru/chelyabinsk/audi/a4/270854617.html,270854617,Ауди А4,1790000,2014,"бензин, 2.0 л",225.0,робот,4WD,белый,209 000,,левый,"4 поколение, рестайлинг",2.0 TFSI quattro S Tronic,Челябинск,
https://auto.drom.ru/valuyki/audi/a4/109803816.html,109803816,Ауди А4,525000,2001,"дизель, 2.5 л",155.0,механика,передний,синий,430 948,3.0,левый,2 поколение,2.5 TDI MT,"Валуйки, Белгородская область",
https://auto.drom.ru/khanty-mansiysk/audi/a4/251189986.html,251189986,Ауди А4,950000,2008,"бензин, 1.8 л",160.0,вариатор,передний,белый,183 000,2.0,левый,4 поколение,,Ханты-Мансийск,
https://auto.drom.ru/minsk/audi/a4/232494301.html,232494301,Ауди А4,3221000,2022,"бензин, 2.0 л",265.0,автомат,4WD,серый,26 000,,левый,"5 поколение, рестайлинг",,Минск,
https://auto.drom.ru/chelyabinsk/audi/a4/834553069.html,834553069,Ауди А4,1950000,2018,"бензин, 1.4 л",150.0,робот,передний,белый,105 000,1.0,правый,5 поколение,,Челябинск,
https://auto.drom.ru/izhevsk/audi/a5/887616298.html,887616298,Ауди А5,1800000,2013,"бензин, 2.0 л",225.0,робот,4WD,белый,196 300,3.0,левый,"1 поколение, рестайлинг",,Ижевск,
https://auto.drom.ru/rostov-na-donu/audi/a5/914922728.html,914922728,Ауди А5,1300000,2009,"бензин, 2.0 л",211.0,робот,4WD,белый,278 000,,левый,1 поколение,2.0 TFSI quattro S tronic,Ростов-на-Дону,
https://auto.drom.ru/tyumen/audi/a5/609521073.html,609521073,Ауди А5,3750000,2019,"бензин, 2.0 л",249.0,робот,4WD,черный,110 000,1.0,левый,2 поколение,,Тюмень,
https://auto.drom.ru/moscow/audi/a5/345337916.html,345337916,Ауди А5,6059000,2025,"бензин, 2.0 л",204.0,робот,4WD,серый,9 835,2.0,левый,3 поколение,,Москва,
https://auto.drom.ru/moscow/audi/a5/759452518.html,759452518,Ауди А5,6710000,2026,"бензин, 2.0 л",204.0,робот,4WD,черный,26,1.0,левый,3 поколение,,Москва,
https://auto.drom.ru/moscow/audi/a5/214134534.html,214134534,Ауди А5,5670000,2025,"бензин, 2.0 л",204.0,робот,4WD,серый,,,левый,3 поколение,2.0 40 TFSI quattro S tronic Edition One,Москва,
https://auto.drom.ru/perm/audi/a5/293094003.html,293094003,Ауди А5,1770000,2013,"бензин, 2.0 л",225.0,робот,4WD,черный,216 000,3.0,левый,"1 поколение, рестайлинг",2.0 TFSI quattro S Tronic,Пермь,
https://auto.drom.ru/ufa/audi/a5/671106882.html,671106882,Ауди А5,3499000,2019,"дизель, 2.0 л",190.0,робот,4WD,белый,74 752,,левый,2 поколение,2.0 40 TDI quattro S tronic Design,Уфа,
https://auto.drom.ru/sochi/audi/a5/503561134.html,503561134,Ауди А5,1300000,2014,"бензин, 1.8 л",170.0,вариатор,передний,белый,137 000,3.0,левый,"1 поколение, рестайлинг",,"Сочи, Краснодарский край",
https://auto.drom.ru/kostroma/audi/a5/768695111.html,768695111,Ауди А5,1250000,2010,"бензин, 2.0 л",211.0,робот,4WD,белый,242 000,,левый,1 поколение,2.0 TFSI quattro S tronic,Кострома,
https://auto.drom.ru/irkutsk/audi/a5/682201277.html,682201277,Ауди А5,1999000,2013,"бензин, 2.0 л",225.0,робот,4WD,,181 000,,левый,"1 поколение, рестайлинг",2.0 TFSI quattro S Tronic,Иркутск,
https://auto.drom.ru/ufa/audi/a5/846644799.html,846644799,Ауди А5,2799000,2018,"бензин, 2.0 л",249.0,робот,4WD,синий,180 000,2.0,левый,2 поколение,2.0 45 TFSI quattro S tronic Sport,Уфа,
https://auto.drom.ru/spb/audi/a5/713273658.html,713273658,Ауди А5,6500000,2026,"бензин, 2.0 л",204.0,робот,4WD,серый,,,левый,3 поколение,,Санкт-Петербург,
https://auto.drom.ru/spb/audi/a5/495496984.html,495496984,Ауди А5,6390000,2025,"бензин, 2.0 л",204.0,робот,4WD,синий,5 000,,левый,3 поколение,2.0 40 TFSI quattro S tronic,Санкт-Петербург,
https://auto.drom.ru/spb/audi/a5/850676455.html,850676455,Ауди А5,2469700,2019,"бензин, 2.0 л",190.0,робот,передний,белый,169 683,1.0,левый,2 поколение,,Санкт-Петербург,
https://auto.drom.ru/ekaterinburg/audi/a5/102132220.html,102132220,Ауди А5,2320000,2018,"дизель, 2.0 л",190.0,робот,4WD,белый,163 000,,левый,2 поколение,2.0 TDI quattro S tronic,Екатеринбург,
https://auto.drom.ru/spb/audi/a5/893876226.html,893876226,Ауди А5,990000,2012,"бензин, 1.8 л",170.0,вариатор,передний,красный,220 000,,левый,"1 поколение, рестайлинг",1.8 TFSI Multitronic,Санкт-Петербург,
https://auto.drom.ru/omsk/audi/a5/140053433.html,140053433,Ауди А5,3199000,2018,"дизель, 2.0 л",190.0,робот,4WD,черный,176 990,1.0,левый,2 поколение,,Омск,
https://auto.drom.ru/kemerovo/audi/a5/348770893.html,348770893,Ауди А5,1050000,2009,"бензин, 1.8 л",160.0,вариатор,передний,черный,256 000,,левый,1 поколение,1.8 TFSI Multitronic,Кемерово,
https://auto.drom.ru/kaliningrad/audi/a5/106384379.html,106384379,Ауди А5,1299999,2010,"бензин, 2.0 л",180.0,вариатор,передний,синий,258 400,3.0,левый,1 поколение,2.0 TFSI Multitronic,Калининград,
https://auto.drom.ru/gubkin/audi/a6/677995207.html,677995207,Ауди А6,1100000,2010,"дизель, 2.0 л",170.0,вариатор,передний,синий,314 750,,левый,"3 поколение, рестайлинг",2.0 TDI multitronic,"Губкин, Белгородская область",
https://auto.drom.ru/mozyr/audi/a6/810114848.html,810114848,Ауди А6,2247000,2014,"дизель, 3.0 л",326.0,АКПП,4WD,серый,220 221,,левый,"4 поколение, рестайлинг",3.0 TDI quattro Tiptronic competition,"Мозырь, Гомельская область",
https://auto.drom.ru/moscow/audi/a6/681263659.html,681263659,Ауди А6,4350000,2020,"бензин, 2.0 л, гибрид",265.0,робот,4WD,серый,99 697,2.0,левый,5 поколение,,Москва,
https://auto.drom.ru/kerch/audi/a6/894527510.html,894527510,Ауди А6,1070000,2010,"бензин, 2.0 л",170.0,вариатор,передний,черный,232 000,3.0,левый,"3 поколение, рестайлинг",2.0 TFSI multitronic,"Керчь, Республика Крым",
https://auto.drom.ru/moscow/audi/a6/190909277.html,190909277,Ауди А6,4038000,2020,"бензин, 2.0 л",245.0,робот,передний,белый,134 000,1.0,левый,5 поколение,,Москва,
https://auto.drom.ru/raevskaya/audi/a6/430127512.html,430127512,Ауди А6,165000,2002,"бензин, 2.4 л",170.0,вариатор,передний,черный,300 000,,левый,"2 поколение, рестайлинг",2.4 CVT,"Раевская, Краснодарский край",
https://auto.drom.ru/moscow/audi/a6/477222966.html,477222966,Ауди А6,4300000,2020,"дизель, 2.0 л",190.0,робот,передний,серый,129 737,1.0,левый,5 поколение,2.0 40 TDI S tronic,Москва,
https://auto.drom.ru/berdsk/audi/a6/527755945.html,527755945,Ауди А6,450000,2003,"бензин, 2.0 л",130.0,вариатор,передний,серебристый,185 000,3.0,левый,"2 поколение, рестайлинг",,"Бердск, Новосибирская область",
https://auto.drom.ru/voronezh/audi/a6/184022401.html,184022401,Ауди А6,310000,2000,"бензин, 2.4 л",165.0,АКПП,передний,черный,366 870,,левый,2 поколение,,Воронеж,
https://auto.drom.ru/moscow/audi/a6/822505851.html,822505851,Ауди А6,199000,2001,"дизель, 2.5 л",155.0,механика,передний,черный,450 000,3.0,левый,"2 поколение, рестайлинг",2.5 TDI MT,Москва,
https://auto.drom.ru/volgograd/audi/a6/855791543.html,855791543,Ауди А6,300000,1997,"бензин, 2.4 л",165.0,АКПП,передний,серебристый,252 000,,левый,2 поколение,2.4 AT,Волгоград,
https://auto.drom.ru/moscow/audi/a6/250147948.html,250147948,Ауди А6,1800000,2012,"бензин, 2.8 л",204.0,робот,4WD,черный,175 000,,левый,4 поколение,2.8 FSI quattro S tronic,Москва,
https://auto.drom.ru/nizhniya-salda/audi/a6/774239705.html,774239705,Ауди А6,500000,2002,"бензин, 3.0 л",220.0,механика,передний,черный,160 000,,левый,"2 поколение, рестайлинг",3.0 MT,"Нижняя Салда, Свердловская область",
https://auto.drom.ru/sochi/audi/a6/564538458.html,564538458,Ауди А6,1700000,2011,"бензин, 3.0 л",300.0,робот,4WD,серый,270 000,,левый,4 поколение,3.0 TFSI quattro S tronic,"Сочи, Краснодарский край",
https://auto.drom.ru/spb/audi/a6/728110120.html,728110120,Ауди А6,3899000,2019,"дизель, 2.0 л, гибрид",204.0,робот,4WD,синий,95 388,1.0,левый,5 поколение,,Санкт-Петербург,
https://auto.drom.ru/novosibirsk/audi/a6/193207673.html,193207673,Ауди А6,900000,2008,"бензин, 2.4 л",177.0,вариатор,передний,черный,215 000,2.0,левый,3 поколение,2.4 multitronic,Новосибирск,
https://auto.drom.ru/priyutovo/audi/a6/204475648.html,204475648,Ауди А6,2200000,2017,"бензин, 1.8 л",190.0,робот,передний,черный,147 000,3.0,левый,"4 поколение, рестайлинг",1.8 TFSI S tronic,"Приютово, Республика Башкортостан",
https://auto.drom.ru/prohladniy/audi/a6/905052690.html,905052690,Ауди А6,350000,1997,"бензин, 2.4 л",165.0,АКПП,4WD,зеленый,855 985,,левый,2 поколение,2.4 quattro AT,"Прохладный, Кабардино-Балкарская Республика",
https://auto.drom.ru/bakhchysaray/audi/a6/125985168.html,125985168,Ауди А6,1800000,2014,"бензин, 2.0 л",180.0,вариатор,передний,черный,140 000,3.0,левый,4 поколение,,"Бахчисарай, Республика Крым",
https://auto.drom.ru/barnaul/audi/a6/219061145.html,219061145,Ауди А6,155000,1999,"бензин, 2.8 л",193.0,механика,передний,зеленый,400 000,,левый,2 поколение,,Барнаул,
https://auto.drom.ru/spb/audi/q3/863464725.html,863464725,Ауди Ку 3,4499500,2026,"бензин, 1.5 л",160.0,робот,передний,серый,,,левый,2 поколение,,Санкт-Петербург,
https://auto.drom.ru/kemerovo/audi/q3/528533403.html,528533403,Ауди Ку 3,1799995,2016,"бензин, 1.4 л",150.0,робот,передний,черный,72 523,1.0,левый,"1 поколение, рестайлинг",1.4 TFSI S tronic Comfort,Кемерово,
https://auto.drom.ru/moscow/audi/q3/851522011.html,851522011,Ауди Ку 3,4998000,2025,"бензин, 2.0 л",220.0,робот,4WD,серый,5 552,1.0,левый,2 поколение,2.0 45 TFSI S tronic quattro Fashion,Москва,
https://auto.drom.ru/vladivostok/audi/q3/597069606.html,597069606,Ауди Ку 3,1728000,2021,"бензин, 1.5 л",150.0,робот,передний,белый,119 000,,правый,2 поколение,1.5 35 TFSI advanced,,
https://auto.drom.ru/irkutsk/audi/q3/343528745.html,343528745,Ауди Ку 3,1550000,2014,"бензин, 1.4 л",150.0,робот,передний,красный,90 000,1.0,правый,1 поколение,1.4 TFSI,Иркутск,
https://auto.drom.ru/vladivostok/audi/q3/760497346.html,760497346,Ауди Ку 3,2780000,2022,"бензин, 1.4 л",150.0,робот,передний,серый,21 000,,левый,2 поколение,,,
https://auto.drom.ru/novosibirsk/audi/q3/271111204.html,271111204,Ауди Ку 3,3730000,2026,"бензин, 1.5 л",160.0,робот,передний,серый,,,левый,2 поколение,,Новосибирск,
https://auto.drom.ru/omsk/audi/q3/445436954.html,445436954,Ауди Ку 3,1850000,2016,"бензин, 2.0 л",180.0,робот,4WD,черный,167 000,,левый,"1 поколение, рестайлинг",,Омск,
https://auto.drom.ru/novosibirsk/audi/q3/812189225.html,812189225,Ауди Ку 3,1850000,2012,"бензин, 2.0 л",170.0,робот,4WD,бежевый,79 000,3.0,левый,1 поколение,2.0 TFSI quattro S tronic,Новосибирск,
https://auto.drom.ru/moscow/audi/q3/298215919.html,298215919,Ауди Ку 3,2300000,2018,"бензин, 2.0 л",180.0,робот,4WD,красный,185 000,1.0,левый,"1 поколение, 2 рестайлинг",2.0 40 TFSI quattro S tronic,Москва,
https://auto.drom.ru/togliatti/audi/q3/113874567.html,113874567,Ауди Ку 3,1500000,2012,"бензин, 2.0 л",170.0,робот,4WD,белый,180 000,3.0,левый,1 поколение,2.0 TFSI quattro S tronic,"Тольятти, Самарская область",
https://auto.drom.ru/moscow/audi/q3/568978030.html,568978030,Ауди Ку 3,4000000,2026,"бензин, 1.5 л",160.0,робот,передний,серый,50,1.0,левый,2 поколение,1.5 35 TFSI S tronic Fashion,Москва,
https://auto.drom.ru/izhevsk/audi/q3/658330192.html,658330192,Ауди Ку 3,3850000,2026,"бензин, 1.5 л",160.0,робот,передний,белый,51,1.0,левый,2 поколение,1.5 35 TFSI S tronic Progressive,Ижевск,
https://auto.drom.ru/spb/audi/q3/840935753.html,840935753,Ауди Ку 3,7350000,2026,"бензин, 2.0 л",258.0,автомат,4WD,синий,,,левый,,,Санкт-Петербург,
https://auto.drom.ru/spb/audi/q3/276413386.html,276413386,Ауди Ку 3,5500000,2026,"бензин, 2.0 л",220.0,робот,4WD,серый,,,левый,2 поколение,2.0 45 TFSI S tronic quattro Fashion,Санкт-Петербург,
https://auto.drom.ru/moscow/audi/q3/252059469.html,252059469,Ауди Ку 3,3850000,2026,"бензин, 1.5 л",160.0,робот,передний,,,,левый,2 поколение,,Москва,
https://auto.drom.ru/izhevsk/audi/q3/679133544.html,679133544,Ауди Ку 3,1849000,2013,"бензин, 2.0 л",170.0,робот,4WD,коричневый,150 826,3.0,левый,1 поколение,2.0 TFSI quattro S tronic,Ижевск,
https://auto.drom.ru/ussuriisk/audi/q3/913039699.html,913039699,Ауди Ку 3,2240000,2020,"бензин, 1.4 л",150.0,робот,передний,синий,21 100,,левый,2 поколение,1.4 35 TFSI S tronic Progressive,,
https://auto.drom.ru/izhevsk/audi/q3/568755908.html,568755908,Ауди Ку 3,1440000,2013,"бензин, 2.0 л",170.0,робот,4WD,белый,178 303,3.0,левый,1 поколение,2.0 TFSI quattro S tronic,Ижевск,
https://auto.drom.ru/moscow/audi/q3/635318241.html,635318241,Ауди Ку 3,4500000,2026,"бензин, 1.5 л",160.0,робот,передний,белый,,,левый,2 поколение,,Москва,
https://auto.drom.ru/nizhnekamsk/audi/q5/631873034.html,631873034,Ауди Ку 5,2246000,2014,"дизель, 2.0 л",177.0,робот,4WD,черный,126 141,1.0,левый,"1 поколение, рестайлинг",,"Нижнекамск, Республика Татарстан",
https://auto.drom.ru/krasnodar/audi/q5/837232041.html,837232041,Ауди Ку 5,1510000,2009,"бензин, 2.0 л",180.0,АКПП,4WD,белый,240 000,,левый,1 поколение,2.0 TFSI quattro tiptronic,Краснодар,
https://auto.drom.ru/perm/audi/q5/400032036.html,400032036,Ауди Ку 5,1550000,2012,"бензин, 2.0 л",225.0,АКПП,4WD,белый,168 961,2.0,левый,"1 поколение, рестайлинг",,Пермь,
https://auto.drom.ru/spb/audi/q5/399318239.html,399318239,Ауди Ку 5,6899500,2026,"бензин, 2.0 л",204.0,робот,4WD,серебристый,,,левый,3 поколение,,Санкт-Петербург,
https://auto.drom.ru/krasnoyarsk/audi/q5/457521850.html,457521850,Ауди Ку 5,2199000,2015,"бензин, 2.0 л",225.0,АКПП,4WD,черный,124 702,,левый,"1 поколение, рестайлинг",2.0 TFSI quattro tiptronic Sport,Красноярск,
https://auto.drom.ru/roslavl/audi/q5/932310738.html,932310738,Ауди Ку 5,1300000,2012,"бензин, 2.0 л",211.0,АКПП,4WD,черный,222 000,3.0,левый,1 поколение,,"Рославль, Смоленская область",
https://auto.drom.ru/nizhnekamsk/audi/q5/143563113.html,143563113,Ауди Ку 5,1540000,2011,"бензин, 2.0 л",211.0,автомат,4WD,синий,332 863,1.0,левый,,,"Нижнекамск, Республика Татарстан",
https://auto.drom.ru/saratov/audi/q5/178631847.html,178631847,Ауди Ку 5,2899000,2014,"бензин, 2.0 л",225.0,АКПП,4WD,золотистый,225 863,3.0,левый,"1 поколение, рестайлинг",,Саратов,
https://auto.drom.ru/krasnoyarsk/audi/q5/457033996.html,457033996,Ауди Ку 5,3110000,2018,"бензин, 2.0 л",249.0,робот,4WD,белый,99 700,,левый,2 поколение,2.0 45 TFSI quattro S tronic Sport,Красноярск,
https://auto.drom.ru/ekaterinburg/audi/q5/761141130.html,761141130,Ауди Ку 5,3099000,2017,"бензин, 2.0 л",249.0,робот,4WD,коричневый,121 777,3.0,левый,2 поколение,,Екатеринбург,
https://auto.drom.ru/irkutsk/audi/q5/135696377.html,135696377,Ауди Ку 5,2000000,2012,"бензин, 2.0 л",211.0,АКПП,4WD,серый,175 000,3.0,левый,1 поколение,2.0 TFSI quattro tiptronic,Иркутск,
https://auto.drom.ru/perm/audi/q5/596903161.html,596903161,Ауди Ку 5,1400000,2012,"бензин, 3.2 л",270.0,робот,4WD,черный,153 000,3.0,левый,1 поколение,,Пермь,
https://auto.drom.ru/moscow/audi/q5/738057670.html,738057670,Ауди Ку 5,2250000,2016,"бензин, 2.0 л",230.0,АКПП,4WD,белый,128 527,3.0,левый,"1 поколение, рестайлинг",2.0 TFSI quattro tiptronic Comfort,Москва,
https://auto.drom.ru/kaliningrad/audi/q5/766405362.html,766405362,Ауди Ку 5,1700000,2013,"бензин, 2.0 л",225.0,АКПП,4WD,красный,230 000,2.0,левый,"1 поколение, рестайлинг",2.0 TFSI quattro tiptronic,Калининград,
https://auto.drom.ru/izhevsk/audi/q5/455855364.html,455855364,Ауди Ку 5,1399000,2012,"бензин, 2.0 л",211.0,АКПП,4WD,серый,275 044,,левый,1 поколение,2.0 TFSI quattro tiptronic,Ижевск,
https://auto.drom.ru/spb/audi/q5/194732198.html,194732198,Ауди Ку 5,6040000,2025,"бензин, 2.0 л",,автомат,4WD,черный,,,левый,,,Санкт-Петербург,
https://auto.drom.ru/surgut/audi/q5/895926635.html,895926635,Ауди Ку 5,5999000,2026,"бензин, 2.0 л, гибрид",204.0,робот,4WD,черный,,,левый,3 поколение,L 2.0T quattro S tronic Hybrid Exclusive,"Сургут, Ханты-Мансийский автономный округ",
https://auto.drom.ru/minsk/audi/q5/735353458.html,735353458,Ауди Ку 5,3177000,2018,"дизель, 3.0 л",231.0,автомат,4WD,черный,236 000,,левый,2 поколение,,Минск,
https://auto.drom.ru/izhevsk/audi/q5/802127420.html,802127420,Ауди Ку 5,1899000,2013,"бензин, 2.0 л",225.0,АКПП,4WD,синий,188 214,3.0,левый,"1 поколение, рестайлинг",,Ижевск,
https://auto.drom.ru/novosibirsk/audi/q5/152041958.html,152041958,Ауди Ку 5,3100000,2017,"бензин, 2.0 л",249.0,робот,4WD,серый,153 000,3.0,левый,2 поколение,2.0 45 TFSI quattro S tronic Sport,Новосибирск,
https://auto.drom.ru/lensk/audi/q7/392469550.html,392469550,Ауди Ку 7,1000000,2007,"дизель, 3.0 л",233.0,АКПП,4WD,серый,172 000,3.0,левый,1 поколение,3.0 TDI quattro tiptronic,"Ленск, Республика Саха (Якутия)",
https://auto.drom.ru/chelyabinsk/audi/q7/742329322.html,742329322,Ауди Ку 7,2379000,2014,"дизель, 3.0 л",245.0,АКПП,4WD,синий,317 000,,левый,"1 поколение, рестайлинг",,Челябинск,
https://auto.drom.ru/dzerzhinskiy/audi/q7/213234798.html,213234798,Ауди Ку 7,4100000,2019,"дизель, 3.0 л",249.0,АКПП,4WD,серый,163 500,3.0,левый,2 поколение,3.0 45 TDI quattro tiptronic Business,"Дзержинский, Московская область",
https://auto.drom.ru/anapa/audi/q7/885967426.html,885967426,Ауди Ку 7,6800000,2021,"дизель, 3.0 л, гибрид",286.0,АКПП,4WD,черный,116 000,2.0,левый,"2 поколение, рестайлинг",3.0 50 TDI quattro tiptronic,"Анапа, Краснодарский край",
https://auto.drom.ru/hasavyurt/audi/q7/399430278.html,399430278,Ауди Ку 7,1550000,2011,"бензин, 3.0 л",333.0,АКПП,4WD,черный,153 000,2.0,левый,"1 поколение, рестайлинг",3.0 TFSI quattro tiptronic,"Хасавюрт, Республика Дагестан",
https://auto.drom.ru/irkutsk/audi/q7/357958321.html,357958321,Ауди Ку 7,5200000,2019,"бензин, 2.0 л",252.0,АКПП,4WD,белый,29 000,,левый,2 поколение,,Иркутск,
https://auto.drom.ru/irkutsk/audi/q7/898294277.html,898294277,Ауди Ку 7,4150000,2015,"бензин, 3.0 л",333.0,АКПП,4WD,серый,168 000,3.0,левый,2 поколение,3.0 55 TFSI quattro tiptronic Business,Иркутск,
https://auto.drom.ru/moscow/audi/q7/925165795.html,925165795,Ауди Ку 7,6950000,2021,"дизель, 3.0 л",249.0,АКПП,4WD,черный,132 000,2.0,левый,"2 поколение, рестайлинг",3.0 45 TDI quattro tiptronic,Москва,
https://auto.drom.ru/moscow/audi/q7/136079017.html,136079017,Ауди Ку 7,3249000,2015,"бензин, 3.0 л",333.0,АКПП,4WD,черный,90 054,3.0,левый,2 поколение,3.0 55 TFSI quattro tiptronic Advance,Москва,
https://auto.drom.ru/kemerovo/audi/q7/859419383.html,859419383,Ауди Ку 7,1579000,2011,"дизель, 3.0 л",240.0,АКПП,4WD,белый,248 618,,левый,"1 поколение, рестайлинг",3.0 TDI quattro tiptronic,Кемерово,
https://auto.drom.ru/ussuriisk/audi/q7/369241110.html,369241110,Ауди Ку 7,2500000,2011,"бензин, 3.0 л",333.0,АКПП,4WD,белый,179 000,3.0,левый,"1 поколение, рестайлинг",3.0 TFSI quattro tiptronic,"Уссурийск, Приморский край",
https://auto.drom.ru/surgut/audi/q7/650085361.html,650085361,Ауди Ку 7,4600000,2015,"дизель, 3.0 л",249.0,АКПП,4WD,белый,63 000,,левый,2 поколение,3.0 45 TDI quattro tiptronic,"Сургут, Ханты-Мансийский автономный округ",
https://auto.drom.ru/maykop/audi/q7/498410727.html,498410727,Ауди Ку 7,1500000,2008,"дизель, 3.0 л",240.0,АКПП,4WD,белый,330 000,,левый,1 поколение,3.0 TDI quattro tiptronic,Майкоп,
https://auto.drom.ru/simferopol/audi/q7/426699030.html,426699030,Ауди Ку 7,8500000,2022,"бензин, 3.0 л, гибрид",340.0,АКПП,4WD,белый,35 000,1.0,левый,"2 поколение, рестайлинг",3.0 55 TFSI quattro tiptronic S line Premium,Симферополь,
https://auto.drom.ru/pyt-yah/audi/q7/494632329.html,494632329,Ауди Ку 7,1495000,2007,"дизель, 3.0 л",233.0,АКПП,4WD,черный,364 000,,левый,1 поколение,,"Пыть-Ях, Ханты-Мансийский автономный округ",
https://auto.drom.ru/cherepovets/audi/q7/319157551.html,319157551,Ауди Ку 7,4469999,2017,"бензин, 3.0 л",333.0,АКПП,4WD,черный,124 000,1.0,левый,2 поколение,3.0 55 TFSI quattro tiptronic Business,"Череповец, Вологодская область",
https://auto.drom.ru/krasnoyarsk/audi/q7/151019922.html,151019922,Ауди Ку 7,3550000,2015,"бензин, 3.0 л",333.0,АКПП,4WD,черный,232 000,2.0,левый,2 поколение,3.0 55 TFSI quattro tiptronic Business,Красноярск,
https://auto.drom.ru/spb/audi/q7/796810232.html,796810232,Ауди Ку 7,1989000,2012,"дизель, 3.0 л",245.0,АКПП,4WD,коричневый,254 406,2.0,левый,"1 поколение, рестайлинг",3.0 TDI quattro tiptronic,Санкт-Петербург,
https://auto.drom.ru/irkutsk/audi/q7/501217694.html,501217694,Ауди Ку 7,1650000,2006,"дизель, 3.0 л",233.0,АКПП,4WD,серебристый,102 000,3.0,левый,1 поколение,3.0 TDI quattro tiptronic,Иркутск,
https://auto.drom.ru/belgorod/audi/q7/322792257.html,322792257,Ауди Ку 7,940000,2006,"бензин, 4.2 л",350.0,АКПП,4WD,черный,170 000,,левый,1 поколение,4.2 FSI quattro tiptronic,Белгород,
https://auto.drom.ru/moscow/audi/q8/147586899.html,147586899,Ауди Ку 8,7000000,2020,"бензин, 3.0 л, гибрид",340.0,АКПП,4WD,белый,145 675,1.0,левый,1 поколение,3.0 55 TFSI quattro tiptronic,Москва,
https://auto.drom.ru/moscow/audi/q8/638772513.html,638772513,Ауди Ку 8,15300000,2026,"дизель, 3.0 л",286.0,АКПП,4WD,,,,левый,"1 поколение, рестайлинг",,Москва,
https://auto.drom.ru/krasnoyarsk/audi/q8/487325523.html,487325523,Ауди Ку 8,10700000,2021,"бензин, 3.0 л, гибрид",340.0,АКПП,4WD,черный,72 000,2.0,левый,1 поколение,3.0 55 TFSI quattro tiptronic Sport,Красноярск,
https://auto.drom.ru/novokuznetsk/audi/q8/698164046.html,698164046,Ауди Ку 8,5900000,2019,"дизель, 3.0 л",249.0,АКПП,4WD,серый,158 000,2.0,левый,1 поколение,3.0 45 TDI quattro tiptronic Sport,"Новокузнецк, Кемеровская область",
https://auto.drom.ru/moscow/audi/q8/315179742.html,315179742,Ауди Ку 8,15200000,2026,"дизель, 3.0 л",286.0,АКПП,4WD,серый,,,левый,"1 поколение, рестайлинг",,Москва,
https://auto.drom.ru/moscow/audi/q8/793840721.html,793840721,Ауди Ку 8,15200000,2026,"дизель, 3.0 л",286.0,АКПП,4WD,серый,,,левый,"1 поколение, рестайлинг",,Москва,
https://auto.drom.ru/spb/audi/q8/144250096.html,144250096,Ауди Ку 8,13700000,2025,"дизель, 3.0 л",286.0,АКПП,4WD,коричневый,15 000,1.0,левый,"1 поколение, рестайлинг",3.0 50 TDI quattro tiptronic,Санкт-Петербург,
https://auto.drom.ru/chelyabinsk/audi/q8/772231874.html,772231874,Ауди Ку 8,6390000,2019,"дизель, 3.0 л",249.0,АКПП,4WD,синий,132 600,2.0,левый,1 поколение,3.0 45 TDI quattro tiptronic Sport,Челябинск,
https://auto.drom.ru/novosibirsk/audi/q8/624179499.html,624179499,Ауди Ку 8,5500000,2019,"бензин, 3.0 л, гибрид",340.0,АКПП,4WD,белый,190 000,1.0,левый,1 поколение,3.0 55 TFSI quattro tiptronic Sport,Новосибирск,
https://auto.drom.ru/moscow/audi/q8/168300061.html,168300061,Ауди Ку 8,5800000,2018,"бензин, 3.0 л, гибрид",340.0,АКПП,4WD,черный,124 720,3.0,левый,1 поколение,3.0 55 TFSI quattro tiptronic Design,Москва,
https://auto.drom.ru/novosibirsk/audi/q8/759460004.html,759460004,Ауди Ку 8,9090000,2023,"бензин, 3.0 л, гибрид",340.0,АКПП,4WD,черный,3,,левый,1 поколение,,Новосибирск,
https://auto.drom.ru/novosibirsk/audi/q8/117828879.html,117828879,Ауди Ку 8,8000000,2020,"дизель, 3.0 л",249.0,АКПП,4WD,серый,85 509,1.0,левый,1 поколение,3.0 45 TDI quattro tiptronic Sport,Новосибирск,
https://auto.drom.ru/barnaul/audi/q8/821933791.html,821933791,Ауди Ку 8,14599999,2025,"дизель, 3.0 л",286.0,АКПП,4WD,серый,7 000,1.0,левый,"1 поколение, рестайлинг",,Барнаул,
https://auto.drom.ru/moscow/audi/q8/799522063.html,799522063,Ауди Ку 8,15200000,2026,"дизель, 3.0 л",286.0,АКПП,4WD,серый,,,левый,"1 поколение, рестайлинг",,Москва,
https://auto.drom.ru/moscow/audi/q8/253218930.html,253218930,Ауди Ку 8,5000000,2019,"бензин, 3.0 л, гибрид",340.0,АКПП,4WD,серый,166 100,,левый,1 поколение,3.0 55 TFSI quattro tiptronic,Москва,
https://auto.drom.ru/novosibirsk/audi/q8/362854568.html,362854568,Ауди Ку 8,5050000,2019,"бензин, 3.0 л, гибрид",340.0,АКПП,4WD,черный,44 931,,левый,1 поколение,,Новосибирск,
https://auto.drom.ru/moscow/audi/q8/782764902.html,782764902,Ауди Ку 8,8890000,2023,"бензин, 3.0 л, гибрид",340.0,АКПП,4WD,черный,3,,левый,1 поколение,,Москва,
https://auto.drom.ru/chita/audi/q8/875735951.html,875735951,Ауди Ку 8,8000000,2021,"бензин, 3.0 л, гибрид",340.0,АКПП,4WD,черный,56 700,1.0,левый,1 поколение,3.0 55 TFSI quattro tiptronic Sport,Чита,
https://auto.drom.ru/irkutsk/audi/q8/422260467.html,422260467,Ауди Ку 8,6700000,2020,"бензин, 3.0 л, гибрид",340.0,АКПП,4WD,синий,110 000,2.0,левый,1 поколение,,Иркутск,
https://auto.drom.ru/izhevsk/audi/q8/198623964.html,198623964,Ауди Ку 8,5402326,2019,"дизель, 3.0 л",249.0,АКПП,4WD,черный,134 174,2.0,левый,1 поколение,3.0 45 TDI quattro tiptronic Sport,Ижевск,
https://auto.drom.ru/spb/audi/a8/721279562.html,721279562,Ауди А8,2390000,2016,"бензин, 3.0 л",310.0,АКПП,4WD,черный,175 000,3.0,левый,"3 поколение, рестайлинг",,Санкт-Петербург,
https://auto.drom.ru/tyumen/audi/a8/323564997.html,323564997,Ауди А8,2500000,2013,"бензин, 3.0 л",290.0,АКПП,4WD,черный,8 000,,левый,3 поколение,3.0 TFSI quattro Tiptronic,Тюмень,
https://auto.drom.ru/moscow/audi/a8/263183034.html,263183034,Ауди А8,2190000,2015,"бензин, 3.0 л",310.0,АКПП,4WD,черный,199 000,2.0,левый,"3 поколение, рестайлинг",3.0 TFSI quattro tiptronic L,Москва,
https://auto.drom.ru/ekaterinburg/audi/a8/849531529.html,849531529,Ауди А8,3350000,2016,"бензин, 3.0 л",310.0,АКПП,4WD,бежевый,187 563,3.0,левый,"3 поколение, рестайлинг",3.0 TFSI quattro tiptronic L,Екатеринбург,
https://auto.drom.ru/tyumen/audi/a8/816159973.html,816159973,Ауди А8,2499000,2013,"бензин, 6.3 л",500.0,АКПП,4WD,серый,75 116,3.0,левый,3 поколение,6.3 W12 FSI quattro Tiptronic L,Тюмень,
https://auto.drom.ru/nizhnevartovsk/audi/a8/431217797.html,431217797,Ауди А8,390000,2002,"бензин, 4.2 л",335.0,АКПП,4WD,черный,280 000,,левый,2 поколение,4.2 Tiptronic quattro,"Нижневартовск, Ханты-Мансийский автономный округ",
https://auto.drom.ru/krasnoyarsk/audi/a8/624840612.html,624840612,Ауди А8,1000000,2007,"бензин, 4.2 л",350.0,АКПП,4WD,черный,240 000,,левый,"2 поколение, рестайлинг",4.2 FSI Tiptronic quattro,Красноярск,
https://auto.drom.ru/grozniy/audi/a8/507424070.html,507424070,Ауди А8,1100000,2007,"бензин, 4.2 л",350.0,АКПП,4WD,черный,190,3.0,левый,"2 поколение, рестайлинг",4.2 FSI Tiptronic quattro,Грозный,
https://auto.drom.ru/moscow/audi/a8/105924896.html,105924896,Ауди А8,6750000,2022,"бензин, 3.0 л, гибрид",340.0,АКПП,4WD,черный,70 564,1.0,левый,"4 поколение, рестайлинг",3.0 55 TFSI quattro tiptronic L,Москва,
https://auto.drom.ru/ekaterinburg/audi/a8/788752065.html,788752065,Ауди А8,1030000,2006,"бензин, 4.2 л",350.0,АКПП,4WD,черный,214 000,,левый,"2 поколение, рестайлинг",4.2 FSI Tiptronic quattro Langversion,Екатеринбург,
https://auto.drom.ru/chernogorsk/audi/a8/308598759.html,308598759,Ауди А8,1950000,2011,"бензин, 3.0 л",290.0,АКПП,4WD,черный,310 000,3.0,левый,3 поколение,3.0 TFSI quattro Tiptronic L,"Черногорск, Республика Хакасия",
https://auto.drom.ru/tyumen/audi/a8/890227027.html,890227027,Ауди А8,6000000,2018,"дизель, 3.0 л, гибрид",286.0,АКПП,4WD,черный,100 000,2.0,левый,4 поколение,,Тюмень,
https://auto.drom.ru/kursk/audi/a8/306951587.html,306951587,Ауди А8,650000,2005,"бензин, 3.0 л",220.0,вариатор,передний,серебристый,348 000,,левый,2 поколение,3.0 Multitronic L,Курск,
https://auto.drom.ru/irkutsk/audi/a8/647190546.html,647190546,Ауди А8,800000,2003,"бензин, 4.2 л",335.0,АКПП,4WD,синий,170 000,,левый,2 поколение,4.2 Tiptronic quattro,Иркутск,
https://auto.drom.ru/chelyabinsk/audi/a8/220596335.html,220596335,Ауди А8,2900000,2015,"бензин, 3.0 л",310.0,АКПП,4WD,белый,139 957,3.0,левый,"3 поколение, рестайлинг",,Челябинск,
https://auto.drom.ru/syzran/audi/a8/884245694.html,884245694,Ауди А8,850000,2000,"бензин, 4.2 л",310.0,АКПП,4WD,черный,221 847,,левый,"1 поколение, рестайлинг",4.2 AT quattro Long,"Сызрань, Самарская область",
https://auto.drom.ru/krasnoyarsk/audi/a8/782624322.html,782624322,Ауди А8,900000,2006,"бензин, 3.7 л",280.0,АКПП,4WD,синий,270 000,,левый,"2 поколение, рестайлинг",3.7 Tiptronic quattro,Красноярск,
https://auto.drom.ru/sevastopol/audi/a8/779878565.html,779878565,Ауди А8,8380000,2021,"бензин, 3.0 л, гибрид",340.0,АКПП,4WD,синий,42 000,1.0,левый,4 поколение,3.0 55 TFSI quattro tiptronic Business,"Севастополь, Республика Крым",
https://auto.drom.ru/chelyabinsk/audi/a8/851767435.html,851767435,Ауди А8,665000,1997,"бензин, 3.7 л",230.0,АКПП,4WD,черный,400 000,,левый,1 поколение,3.7 AT quattro,Челябинск,
https://auto.drom.ru/shahty/audi/a8/186925098.html,186925098,Ауди А8,420000,1994,"бензин, 4.2 л",300.0,АКПП,4WD,красный,,,левый,1 поколение,4.2 AT quattro,"Шахты, Ростовская область",
https://auto.drom.ru/stavropol/bmw/1-series/901672951.html,901672951,БМВ 1 серии,1047000,2012,"бензин, 1.6 л",170.0,АКПП,задний,белый,207 706,1.0,левый,2 поколение,,Ставрополь,
https://auto.drom.ru/achinsk/bmw/1-series/728208867.html,728208867,БМВ 1 серии,890000,2011,"бензин, 1.6 л",116.0,АКПП,задний,черный,240 000,3.0,левый,"1 поколение, рестайлинг",116i AT,"Ачинск, Красноярский край",
https://auto.drom.ru/semikarakorsk/bmw/1-series/233197457.html,233197457,БМВ 1 серии,1270000,2012,"бензин, 1.6 л",136.0,АКПП,задний,красный,155 000,3.0,левый,2 поколение,116i AT Base,"Семикаракорск, Ростовская область",
https://auto.drom.ru/kazan/bmw/1-series/531685960.html,531685960,БМВ 1 серии,1250000,2014,"бензин, 1.6 л",136.0,АКПП,задний,черный,183 000,2.0,левый,2 поколение,116i AT Sport Line,Казань,
https://auto.drom.ru/moscow/bmw/1-series/583530597.html,583530597,БМВ 1 серии,1650000,2008,"бензин, 3.0 л",218.0,АКПП,задний,желтый,186 000,,левый,"1 поколение, рестайлинг",125i AT,Москва,
https://auto.drom.ru/krasnoyarsk/bmw/1-series/188703140.html,188703140,БМВ 1 серии,870000,2008,"бензин, 1.6 л",116.0,АКПП,задний,белый,230 000,,левый,"1 поколение, рестайлинг",116i AT Base,Красноярск,
https://auto.drom.ru/vladivostok/bmw/1-series/785024489.html,785024489,БМВ 1 серии,1189000,2016,"бензин, 1.6 л",177.0,АКПП,задний,синий,124 000,1.0,правый,"2 поколение, рестайлинг",120i M Sport,Владивосток,
https://auto.drom.ru/biysk/bmw/1-series/223075508.html,223075508,БМВ 1 серии,1350000,2016,"бензин, 1.5 л",136.0,АКПП,задний,белый,88 000,1.0,правый,"2 поколение, рестайлинг",,"Бийск, Алтайский край",
https://auto.drom.ru/spb/bmw/1-series/683848780.html,683848780,БМВ 1 серии,2150000,2019,"бензин, 1.5 л",140.0,робот,передний,красный,44 900,,левый,3 поколение,118i SAT Sport Line,Санкт-Петербург,
https://auto.drom.ru/krasnoyarsk/bmw/1-series/172237785.html,172237785,БМВ 1 серии,1549000,2021,"бензин, 1.5 л",140.0,робот,передний,белый,91 100,,правый,3 поколение,,Красноярск,
https://auto.drom.ru/vladivostok/bmw/1-series/691076937.html,691076937,БМВ 1 серии,1830000,2022,"бензин, 1.5 л",140.0,робот,передний,белый,30 000,,левый,2 поколение,,,
https://auto.drom.ru/ekaterinburg/bmw/1-series/213500726.html,213500726,БМВ 1 серии,1150000,2011,"бензин, 1.6 л",136.0,АКПП,задний,белый,167 103,3.0,левый,2 поколение,116i AT Базовая,Екатеринбург,
https://auto.drom.ru/penza/bmw/1-series/817370927.html,817370927,БМВ 1 серии,470000,2006,"бензин, 1.6 л",115.0,механика,задний,черный,300 000,,левый,1 поколение,116i MT Base,Пенза,
https://auto.drom.ru/tyumen/bmw/1-series/275452986.html,275452986,БМВ 1 серии,2146045,2022,"бензин, 1.5 л",140.0,робот,передний,белый,34 000,,левый,2 поколение,120i DCT M Sport Night Edition,,
https://auto.drom.ru/gatchina/bmw/1-series/768449399.html,768449399,БМВ 1 серии,570000,2006,"бензин, 2.0 л",129.0,АКПП,задний,голубой,210 000,3.0,левый,1 поколение,118i AT Base,"Гатчина, Ленинградская область",
https://auto.drom.ru/kazan/bmw/1-series/208579160.html,208579160,БМВ 1 серии,900000,2012,"бензин, 1.6 л",170.0,АКПП,задний,белый,217 962,,левый,2 поколение,,Казань,
https://auto.drom.ru/vladivostok/bmw/1-series/516283991.html,516283991,БМВ 1 серии,1700000,2022,"бензин, 1.5 л",140.0,робот,передний,белый,25 600,1.0,правый,3 поколение,118i M Sport,Владивосток,
https://auto.drom.ru/tula/bmw/1-series/839522994.html,839522994,БМВ 1 серии,1420000,2016,"бензин, 1.5 л",136.0,АКПП,задний,,,,левый,"2 поколение, рестайлинг",,Тула,
https://auto.drom.ru/novosibirsk/bmw/1-series/344448586.html,344448586,БМВ 1 серии,850000,2012,"бензин, 1.6 л",136.0,АКПП,задний,черный,238 997,,левый,2 поколение,116i AT Базовая,Новосибирск,
https://auto.drom.ru/ust-labinsk/bmw/1-series/926344332.html,926344332,БМВ 1 серии,550000,2009,"бензин, 1.6 л",116.0,АКПП,задний,белый,324 657,,левый,"1 поколение, рестайлинг",,"Усть-Лабинск, Краснодарский край",
https://auto.drom.ru/moscow/bmw/3-series/446617550.html,446617550,БМВ 3 серии,3700000,2020,"бензин, 2.0 л",184.0,АКПП,задний,оранжевый,105 688,1.0,левый,7 поколение,320i AT Luxury,Москва,
https://auto.drom.ru/spb/bmw/3-series/303326874.html,303326874,БМВ 3 серии,1699585,2014,"бензин, 2.0 л",184.0,АКПП,4WD,серый,168 413,3.0,левый,6 поколение,,Санкт-Петербург,
https://auto.drom.ru/abakan/bmw/3-series/932254034.html,932254034,БМВ 3 серии,1649000,2017,"бензин, 1.5 л",136.0,АКПП,задний,белый,106 326,1.0,правый,"6 поколение, рестайлинг",318i M Sport,Абакан,
https://auto.drom.ru/moscow/bmw/3-series/277410417.html,277410417,БМВ 3 серии,6270000,2025,"дизель, 2.0 л",190.0,АКПП,задний,черный,,,левый,"7 поколение, рестайлинг",,Москва,
https://auto.drom.ru/grodno/bmw/3-series/171124669.html,171124669,БМВ 3 серии,605000,2003,"дизель, 2.0 л",116.0,механика,задний,серебристый,514 423,,левый,"4 поколение, рестайлинг",,Гродно,
https://auto.drom.ru/krasnodar/bmw/3-series/278462993.html,278462993,БМВ 3 серии,2265000,2018,"бензин, 2.0 л",184.0,АКПП,4WD,синий,158 607,3.0,левый,,,Краснодар,
https://auto.drom.ru/spb/bmw/3-series/500233668.html,500233668,БМВ 3 серии,3990000,2021,"дизель, 2.0 л",190.0,АКПП,4WD,синий,93 000,2.0,левый,7 поколение,320d AT xDrive M Sport Pure,Санкт-Петербург,
https://auto.drom.ru/novosibirsk/bmw/3-series/664241477.html,664241477,БМВ 3 серии,1060000,2001,"бензин, 2.2 л",170.0,АКПП,задний,черный,408 000,,левый,4 поколение,320i AT,Новосибирск,
https://auto.drom.ru/eiysk/bmw/3-series/869451210.html,869451210,БМВ 3 серии,650000,2000,"бензин, 3.0 л",231.0,механика,задний,черный,400 000,,левый,4 поколение,330i MT,"Ейск, Краснодарский край",
https://auto.drom.ru/minvody/bmw/3-series/729126642.html,729126642,БМВ 3 серии,899000,2005,"бензин, 2.0 л",150.0,механика,задний,черный,272 454,,левый,5 поколение,320i MT,"Минеральные Воды, Ставропольский край",
https://auto.drom.ru/ryazan/bmw/3-series/833859531.html,833859531,БМВ 3 серии,450000,2006,"бензин, 2.5 л",218.0,АКПП,4WD,черный,406 000,,левый,5 поколение,325xi AT,Рязань,
https://auto.drom.ru/moscow/bmw/3-series/440977302.html,440977302,БМВ 3 серии,2000000,2020,"бензин, 2.0 л",184.0,АКПП,4WD,черный,42 000,,левый,7 поколение,325Li AT xDrive M Sport,Москва,
https://auto.drom.ru/armavir/bmw/3-series/534506415.html,534506415,БМВ 3 серии,1050000,2009,"бензин, 2.0 л",156.0,АКПП,задний,черный,237 000,3.0,левый,"5 поколение, рестайлинг",,"Армавир, Краснодарский край",
https://auto.drom.ru/sochi/bmw/3-series/471450691.html,471450691,БМВ 3 серии,5799000,2020,"бензин, 3.0 л",387.0,АКПП,4WD,черный,67 949,1.0,левый,7 поколение,,"Сочи, Краснодарский край",
https://auto.drom.ru/moscow/bmw/3-series/676286688.html,676286688,БМВ 3 серии,2549077,2020,"бензин, 2.0 л",156.0,АКПП,задний,черный,176 991,2.0,левый,7 поколение,,Москва,
https://auto.drom.ru/spb/bmw/3-series/225548004.html,225548004,БМВ 3 серии,1100000,2007,"бензин, 2.5 л",218.0,АКПП,4WD,серебристый,420 000,,левый,5 поколение,325xi AT,Санкт-Петербург,
https://auto.drom.ru/noyabrsk/bmw/3-series/657863906.html,657863906,БМВ 3 серии,1550000,2009,"бензин, 2.0 л",170.0,механика,задний,серый,263 105,2.0,левый,"5 поколение, рестайлинг",320i MT,"Ноябрьск, Ямало-Ненецкий автономный округ",
https://auto.drom.ru/simferopol/bmw/3-series/864546009.html,864546009,БМВ 3 серии,2650000,2011,"бензин, 2.0 л",245.0,АКПП,задний,черный,210 000,3.0,левый,6 поколение,,Симферополь,
https://auto.drom.ru/ekaterinburg/bmw/3-series/890982998.html,890982998,БМВ 3 серии,670000,2002,"бензин, 2.2 л",170.0,АКПП,задний,черный,369 500,,левый,"4 поколение, рестайлинг",320i АT,Екатеринбург,
https://auto.drom.ru/novosibirsk/bmw/3-series/514754885.html,514754885,БМВ 3 серии,2450000,2016,"дизель, 2.0 л",190.0,АКПП,4WD,белый,169 000,2.0,левый,"6 поколение, рестайлинг",320d AT xDrive 100 Years Edition,Новосибирск,
https://auto.drom.ru/krasnoyarsk/bmw/5-series/561285106.html,561285106,БМВ 5 серии,3650000,2019,"дизель, 2.0 л",190.0,АКПП,4WD,серый,86 000,1.0,левый,7 поколение,520d AT xDrive M Sport,Красноярск,
https://auto.drom.ru/moscow/bmw/5-series/563410323.html,563410323,БМВ 5 серии,1600000,2013,"дизель, 2.0 л",184.0,АКПП,задний,черный,190 474,,левый,"6 поколение, рестайлинг",520d AT,Москва,
https://auto.drom.ru/moscow/bmw/5-series/471525036.html,471525036,БМВ 5 серии,3374042,2020,"бензин, 2.0 л",252.0,АКПП,задний,черный,81 932,2.0,левый,7 поколение,,Москва,
https://auto.drom.ru/stavropol/bmw/5-series/745616638.html,745616638,БМВ 5 серии,4300000,2018,"дизель, 3.0 л",249.0,АКПП,4WD,серый,135 000,2.0,левый,7 поколение,530d AT xDrive M Sport,Ставрополь,
https://auto.drom.ru/barnaul/bmw/5-series/153485763.html,153485763,БМВ 5 серии,1470000,2011,"бензин, 2.5 л",204.0,АКПП,задний,черный,150 000,3.0,левый,6 поколение,523i АT Базовая,Барнаул,
https://auto.drom.ru/moscow/bmw/5-series/758193674.html,758193674,БМВ 5 серии,1850000,2013,"дизель, 2.0 л",218.0,АКПП,4WD,белый,235 000,1.0,левый,"6 поколение, рестайлинг",525d AT xDrive,Москва,
https://auto.drom.ru/simferopol/bmw/5-series/941031285.html,941031285,БМВ 5 серии,500000,1996,"бензин, 2.0 л",150.0,механика,задний,серебристый,600 000,,левый,4 поколение,520i MT,Симферополь,
https://auto.drom.ru/barnaul/bmw/5-series/775019535.html,775019535,БМВ 5 серии,400000,1998,"бензин, 2.0 л",150.0,механика,задний,серебристый,888 888,,левый,4 поколение,520i MT,Барнаул,
https://auto.drom.ru/rubtsovsk/bmw/5-series/618001898.html,618001898,БМВ 5 серии,1200000,2006,"бензин, 2.5 л",218.0,АКПП,задний,серый,321 576,3.0,левый,5 поколение,525i AT,"Рубцовск, Алтайский край",
https://auto.drom.ru/minvody/bmw/5-series/108321779.html,108321779,БМВ 5 серии,1374000,2011,"бензин, 2.0 л",184.0,АКПП,задний,серый,244 344,,левый,6 поколение,,"Минеральные Воды, Ставропольский край",
https://auto.drom.ru/moscow/bmw/5-series/738992676.html,738992676,БМВ 5 серии,3840000,2021,"бензин, 2.0 л",184.0,АКПП,задний,черный,116 000,2.0,левый,"7 поколение, рестайлинг",520i AT Luxury,Москва,
https://auto.drom.ru/tyumen/bmw/5-series/417724441.html,417724441,БМВ 5 серии,1450000,2012,"бензин, 2.0 л",184.0,АКПП,задний,серый,155 000,3.0,левый,6 поколение,520i AT,Тюмень,
https://auto.drom.ru/moscow/bmw/5-series/757158360.html,757158360,БМВ 5 серии,7350000,2024,"бензин, 2.0 л",258.0,АКПП,4WD,белый,22 000,,левый,8 поколение,,Москва,
https://auto.drom.ru/moscow/bmw/5-series/465663236.html,465663236,БМВ 5 серии,180000,1993,"бензин, 2.0 л",150.0,механика,задний,серый,360 000,,левый,3 поколение,520i MT,Москва,
https://auto.drom.ru/gomel/bmw/5-series/322684217.html,322684217,БМВ 5 серии,4235000,2022,"бензин, 2.0 л, гибрид",286.0,автомат,4WD,черный,60 641,,левый,"7 поколение, рестайлинг",,Гомель,
https://auto.drom.ru/kaluga/bmw/5-series/403951694.html,403951694,БМВ 5 серии,840000,2005,"бензин, 2.5 л",192.0,АКПП,задний,серый,352 000,,левый,5 поколение,525i AT,Калуга,
https://auto.drom.ru/ekaterinburg/bmw/5-series/580381036.html,580381036,БМВ 5 серии,4680000,2020,"бензин, 2.0 л",184.0,АКПП,задний,серый,45 700,1.0,левый,"7 поколение, рестайлинг",520i AT M Sport,Екатеринбург,
https://auto.drom.ru/yakutsk/bmw/5-series/130260460.html,130260460,БМВ 5 серии,2995000,2018,"бензин, 2.0 л",252.0,АКПП,задний,белый,99 000,1.0,правый,7 поколение,530i M Sport,Якутск,
https://auto.drom.ru/kazan/bmw/5-series/794675385.html,794675385,БМВ 5 серии,4250000,2019,"дизель, 3.0 л",265.0,АКПП,4WD,серый,115 429,3.0,левый,7 поколение,,Казань,
https://auto.drom.ru/moscow/bmw/5-series/406471026.html,406471026,БМВ 5 серии,5490000,2021,"бензин, 2.0 л",249.0,АКПП,4WD,синий,54 935,2.0,левый,"7 поколение, рестайлинг",530i AT xDrive  M Sport Plus,Москва,
https://auto.drom.ru/novosibirsk/bmw/7-series/797842508.html,797842508,БМВ 7 серии,2350000,2015,"дизель, 3.0 л",258.0,АКПП,4WD,белый,220 000,,левый,"5 поколение, рестайлинг",,Новосибирск,
https://auto.drom.ru/moscow/bmw/7-series/554118828.html,554118828,БМВ 7 серии,1300000,2013,"бензин, 4.4 л",449.0,АКПП,4WD,черный,410 000,,левый,"5 поколение, рестайлинг",750Li AT xDrive,Москва,
https://auto.drom.ru/belgorod/bmw/7-series/287111200.html,287111200,БМВ 7 серии,1555555,2010,"бензин, 4.4 л",407.0,АКПП,4WD,белый,57 000,3.0,левый,5 поколение,750Li AT xDrive,Белгород,
https://auto.drom.ru/yakutsk/bmw/7-series/411798178.html,411798178,БМВ 7 серии,750000,1998,"бензин, 5.4 л",326.0,АКПП,задний,черный,403 000,,левый,3 поколение,,Якутск,
https://auto.drom.ru/novosibirsk/bmw/7-series/800848463.html,800848463,БМВ 7 серии,6150000,2020,"бензин, 3.0 л",340.0,АКПП,4WD,серый,49 200,1.0,левый,"6 поколение, рестайлинг",740Li AT xDrive Base,Новосибирск,
https://auto.drom.ru/saky/bmw/7-series/486709659.html,486709659,БМВ 7 серии,3600000,2016,"дизель, 3.0 л",320.0,АКПП,4WD,черный,150 000,2.0,левый,6 поколение,740Ld AT xDrive,"Саки, Республика Крым",
https://auto.drom.ru/moscow/bmw/7-series/817306828.html,817306828,БМВ 7 серии,1600000,2013,"бензин, 4.4 л",449.0,АКПП,4WD,черный,317 786,,левый,"5 поколение, рестайлинг",750Li AT xDrive,Москва,
https://auto.drom.ru/moscow/bmw/7-series/850056782.html,850056782,БМВ 7 серии,5250000,2020,"дизель, 3.0 л",249.0,АКПП,4WD,черный,145 791,,левый,"6 поколение, рестайлинг",,Москва,
https://auto.drom.ru/moscow/bmw/7-series/768100703.html,768100703,БМВ 7 серии,5250000,2020,"дизель, 3.0 л",249.0,АКПП,4WD,черный,145 791,,левый,"6 поколение, рестайлинг",,Москва,
https://auto.drom.ru/maykop/bmw/7-series/884052653.html,884052653,БМВ 7 серии,1650000,2009,"бензин, 3.0 л",326.0,АКПП,задний,серый,230 000,3.0,левый,5 поколение,740i AT,Майкоп,
https://auto.drom.ru/novosibirsk/bmw/7-series/929902528.html,929902528,БМВ 7 серии,500000,2008,"бензин, 4.4 л",407.0,АКПП,задний,черный,189 000,,левый,5 поколение,750Li AT,Новосибирск,
https://auto.drom.ru/kovrov/bmw/7-series/665563003.html,665563003,БМВ 7 серии,670000,1996,"бензин, 2.8 л",193.0,АКПП,задний,черный,450 000,3.0,левый,3 поколение,728i AT,"Ковров, Владимирская область",
https://auto.drom.ru/samara/bmw/7-series/374222459.html,374222459,БМВ 7 серии,1380000,2012,"бензин, 4.4 л",450.0,АКПП,4WD,черный,197 918,,левый,"5 поколение, рестайлинг",750Li AT xDrive,Самара,
https://auto.drom.ru/chita/bmw/7-series/591972847.html,591972847,БМВ 7 серии,405000,2002,"бензин, 4.4 л",333.0,АКПП,задний,серый,300 000,,левый,4 поколение,745i AT,Чита,
https://auto.drom.ru/irkutsk/bmw/7-series/616354072.html,616354072,БМВ 7 серии,6990000,2020,"бензин, 6.6 л",610.0,АКПП,4WD,черный,127 000,1.0,левый,6 поколение,M760i AT xDrive,Иркутск,
https://auto.drom.ru/moscow/bmw/7-series/227846926.html,227846926,БМВ 7 серии,15390000,2025,"бензин, 3.0 л, гибрид",375.0,АКПП,4WD,черный,1 548,1.0,левый,7 поколение,740i xDrive,Москва,
https://auto.drom.ru/stavropol/bmw/7-series/101768789.html,101768789,БМВ 7 серии,14000000,2023,"бензин, 3.0 л",381.0,АКПП,задний,черный,5 000,1.0,левый,7 поколение,,Ставрополь,
https://auto.drom.ru/moscow/bmw/7-series/542390700.html,542390700,БМВ 7 серии,6500000,2020,"дизель, 3.0 л",340.0,АКПП,4WD,черный,240 000,3.0,левый,"6 поколение, рестайлинг",,Москва,
https://auto.drom.ru/simferopol/bmw/7-series/438653951.html,438653951,БМВ 7 серии,13000000,2023,"бензин, 3.0 л",272.0,АКПП,задний,синий,28 000,2.0,левый,7 поколение,735Li AT M Sport,Симферополь,
https://auto.drom.ru/tambov/bmw/7-series/378819477.html,378819477,БМВ 7 серии,2450000,2016,"бензин, 4.4 л",450.0,АКПП,4WD,черный,278 000,,левый,6 поколение,750i AT xDrive,Тамбов,
https://auto.drom.ru/tomsk/bmw/x1/686640138.html,686640138,БМВ Х1,2407000,2021,"бензин, 1.5 л",140.0,робот,передний,белый,53 131,,левый,"2 поколение, рестайлинг",sDrive 20Li SAT Fashion,,
https://auto.drom.ru/kemerovo/bmw/x1/480831471.html,480831471,БМВ Х1,5495000,2025,"бензин, 2.0 л",204.0,робот,4WD,белый,3 000,1.0,левый,3 поколение,xDrive 25Li SAT M Sport,Кемерово,
https://auto.drom.ru/ulan-ude/bmw/x1/257719464.html,257719464,БМВ Х1,3100000,2021,"бензин, 1.5 л",140.0,робот,передний,серый,11 000,,правый,"2 поколение, рестайлинг",sDrive 18i xLine,Улан-Удэ,
https://auto.drom.ru/ufa/bmw/x1/457788133.html,457788133,БМВ Х1,1130000,2014,"бензин, 2.0 л",150.0,АКПП,задний,белый,177 302,,левый,"1 поколение, рестайлинг",,Уфа,
https://auto.drom.ru/krasnodar/bmw/x1/858114384.html,858114384,БМВ Х1,3380000,2021,"дизель, 2.0 л",150.0,АКПП,4WD,черный,115 000,2.0,левый,"2 поколение, рестайлинг",xDrive18d AT Advantage,Краснодар,
https://auto.drom.ru/spb/bmw/x1/576015503.html,576015503,БМВ Х1,2459000,2017,"дизель, 2.0 л",150.0,АКПП,4WD,синий,109 978,3.0,левый,2 поколение,,Санкт-Петербург,
https://auto.drom.ru/ussuriisk/bmw/x1/218255145.html,218255145,БМВ Х1,3300000,2021,"дизель, 2.0 л",150.0,АКПП,4WD,черный,36 646,1.0,правый,"2 поколение, рестайлинг",xDrive 18d,"Уссурийск, Приморский край",
https://auto.drom.ru/orel/bmw/x1/942834864.html,942834864,БМВ Х1,3257000,2019,"дизель, 2.0 л",150.0,АКПП,4WD,синий,37 322,1.0,левый,2 поколение,,Орел,
https://auto.drom.ru/kemerovo/bmw/x1/786035501.html,786035501,БМВ Х1,1329995,2013,"бензин, 2.0 л",184.0,АКПП,4WD,белый,197 934,,левый,"1 поколение, рестайлинг",xDrive 20i AT,Кемерово,
https://auto.drom.ru/spb/bmw/x1/926962636.html,926962636,БМВ Х1,2999700,2020,"бензин, 2.0 л",192.0,автомат,4WD,белый,78 682,1.0,левый,,,Санкт-Петербург,
https://auto.drom.ru/spb/bmw/x1/509981158.html,509981158,БМВ Х1,6700000,2025,"бензин, 2.0 л, гибрид",300.0,робот,4WD,черный,,,левый,3 поколение,M35Li,Санкт-Петербург,
https://auto.drom.ru/moscow/bmw/x1/341732290.html,341732290,БМВ Х1,2399000,2014,"бензин, 2.0 л",184.0,АКПП,4WD,черный,115 000,2.0,левый,"1 поколение, рестайлинг",,Москва,
https://auto.drom.ru/nyagan/bmw/x1/132509953.html,132509953,БМВ Х1,5699000,2026,"бензин, 2.0 л",204.0,робот,4WD,черный,10,1.0,левый,3 поколение,xDrive 25Li SAT M Sport,"Нягань, Ханты-Мансийский автономный округ",
https://auto.drom.ru/vladivostok/bmw/x1/453361426.html,453361426,БМВ Х1,2630000,2022,"бензин, 1.5 л",140.0,робот,передний,,38 964,,левый,"2 поколение, рестайлинг",,,
https://auto.drom.ru/grodno/bmw/x1/310827689.html,310827689,БМВ Х1,1723000,2022,"дизель, 1.5 л",116.0,робот,передний,черный,170 000,,левый,"2 поколение, рестайлинг",sDrive16d DKG Advantage,Гродно,
https://auto.drom.ru/spb/bmw/x1/911862926.html,911862926,БМВ Х1,2990000,2019,"бензин, 2.0 л",192.0,автомат,4WD,синий,84 428,2.0,левый,,,Санкт-Петербург,
https://auto.drom.ru/kirov/bmw/x1/845100179.html,845100179,БМВ Х1,6600000,2025,"бензин, 2.0 л, гибрид",300.0,робот,4WD,белый,,,левый,3 поколение,M35Li,Киров,
https://auto.drom.ru/minsk/bmw/x1/315037151.html,315037151,БМВ Х1,4165000,2022,"бензин, 2.0 л",241.0,робот,4WD,белый,48 389,,левый,3 поколение,xDrive28i SAT,Минск,
https://auto.drom.ru/tambov/bmw/x1/413388241.html,413388241,БМВ Х1,3180000,2021,"бензин, 1.5 л",140.0,робот,передний,серый,32 000,2.0,правый,"2 поколение, рестайлинг",sDrive 18i,Тамбов,
https://auto.drom.ru/vladivostok/bmw/x1/827557098.html,827557098,БМВ Х1,2880000,2023,,,,,,39 234,,левый,,,,
https://auto.drom.ru/rostov-na-donu/bmw/x2/408597002.html,408597002,БМВ Х2,2990000,2021,"бензин, 2.0 л",231.0,АКПП,4WD,черный,16 700,1.0,левый,1 поколение,xDrive28i AT,Ростов-на-Дону,
https://auto.drom.ru/komsomolsk/bmw/x2/706747642.html,706747642,БМВ Х2,1700000,2018,"бензин, 1.5 л",140.0,робот,передний,черный,91,2.0,правый,1 поколение,sDrive 18i M Sport X,"Комсомольск-на-Амуре, Хабаровский край",
https://auto.drom.ru/spb/bmw/x2/324935772.html,324935772,БМВ Х2,5980000,2024,"бензин, 2.0 л",204.0,робот,4WD,белый,,,левый,2 поколение,xDrive 25i DCT M Sport Night Package,Санкт-Петербург,
https://auto.drom.ru/spassk-dalniy/bmw/x2/617520889.html,617520889,БМВ Х2,2080000,2020,"бензин, 1.5 л",140.0,робот,передний,белый,58 500,1.0,правый,1 поколение,,"Спасск-Дальний, Приморский край",
https://auto.drom.ru/neryungri/bmw/x2/479457568.html,479457568,БМВ Х2,2100000,2019,"бензин, 1.5 л",140.0,робот,передний,черный,50 000,,правый,1 поколение,sDrive 18i M Sport X,"Нерюнгри, Республика Саха (Якутия)",
https://auto.drom.ru/novosibirsk/bmw/x2/615437130.html,615437130,БМВ Х2,1890000,2018,"бензин, 1.5 л",140.0,робот,передний,белый,61 000,1.0,правый,1 поколение,sDrive 18i M Sport X,Новосибирск,
https://auto.drom.ru/vladivostok/bmw/x2/176493654.html,176493654,БМВ Х2,2150000,2018,"бензин, 1.5 л",140.0,робот,передний,черный,51 000,1.0,правый,1 поколение,sDrive 18i M Sport X,Владивосток,
https://auto.drom.ru/krasnodar/bmw/x2/946513908.html,946513908,БМВ Х2,5780000,2024,"бензин, 2.0 л",204.0,робот,4WD,красный,9 067,1.0,левый,2 поколение,,Краснодар,
https://auto.drom.ru/moscow/bmw/x2/938866392.html,938866392,БМВ Х2,2764000,2018,"бензин, 2.0 л",192.0,АКПП,4WD,белый,85 174,3.0,левый,1 поколение,xDrive 20i AT Advantage,Москва,
https://auto.drom.ru/chita/bmw/x2/790021587.html,790021587,БМВ Х2,2200000,2018,"бензин, 1.5 л",140.0,робот,передний,белый,57 000,1.0,правый,1 поколение,sDrive 18i M Sport X,Чита,
https://auto.drom.ru/vladivostok/bmw/x2/561594962.html,561594962,БМВ Х2,1790000,2021,"бензин, 1.5 л",140.0,робот,передний,,40 000,,левый,1 поколение,sDrive 20i DCT M Off-Road Package,,
https://auto.drom.ru/vladivostok/bmw/x2/114375451.html,114375451,БМВ Х2,1675000,2018,"бензин, 1.5 л",140.0,робот,передний,желтый,53 000,1.0,правый,1 поколение,sDrive 18i M Sport X,Владивосток,
https://auto.drom.ru/ussuriisk/bmw/x2/739825891.html,739825891,БМВ Х2,2150000,2018,"бензин, 1.5 л",140.0,робот,передний,черный,62 772,2.0,правый,1 поколение,,"Уссурийск, Приморский край",
https://auto.drom.ru/vladivostok/bmw/x2/891197867.html,891197867,БМВ Х2,1390000,2019,"бензин, 1.5 л",140.0,робот,передний,оранжевый,133 000,,правый,1 поколение,sDrive 18i M Sport X,,
https://auto.drom.ru/krasnodar/bmw/x2/169911132.html,169911132,БМВ Х2,2890000,2018,"дизель, 2.0 л",190.0,АКПП,4WD,черный,94 800,,левый,1 поколение,,Краснодар,
https://auto.drom.ru/ulan-ude/bmw/x2/811973011.html,811973011,БМВ Х2,1900000,2018,"бензин, 1.5 л",140.0,робот,передний,белый,109 000,1.0,левый,1 поколение,,Улан-Удэ,
https://auto.drom.ru/vladivostok/bmw/x2/605555845.html,605555845,БМВ Х2,1690000,2018,"бензин, 1.5 л",140.0,робот,передний,белый,70 000,1.0,правый,1 поколение,sDrive 18i,Владивосток,
https://auto.drom.ru/moscow/bmw/x2/139524578.html,139524578,БМВ Х2,1850000,2018,"дизель, 2.0 л",190.0,АКПП,4WD,белый,243 000,2.0,левый,1 поколение,xDrive 20d AT M Sport X,Москва,
https://auto.drom.ru/bryansk/bmw/x2/128408552.html,128408552,БМВ Х2,2350000,2020,"дизель, 2.0 л",150.0,АКПП,передний,черный,152 500,1.0,левый,1 поколение,sDrive 18d AT Base,Брянск,
https://auto.drom.ru/moscow/bmw/x2/516725462.html,516725462,БМВ Х2,2560000,2018,"бензин, 2.0 л",192.0,АКПП,4WD,белый,69 000,1.0,правый,1 поколение,xDrive 20i M Sport X,Москва,
https://auto.drom.ru/noyabrsk/bmw/x3/337442591.html,337442591,БМВ Х3,700000,2005,"бензин, 3.0 л",225.0,автомат,4WD,серебристый,350 000,,левый,1 поколение,,"Ноябрьск, Ямало-Ненецкий автономный округ",
https://auto.drom.ru/moscow/bmw/x3/298647950.html,298647950,БМВ Х3,3450000,2019,"дизель, 2.0 л",190.0,АКПП,4WD,белый,160 000,1.0,правый,3 поколение,xDrive 20d M Sport,Москва,
https://auto.drom.ru/novosibirsk/bmw/x3/627568939.html,627568939,БМВ Х3,5400000,2021,"бензин, 2.0 л",252.0,АКПП,4WD,черный,75 000,1.0,левый,"3 поколение, рестайлинг",xDrive 30i AT Leading M Night,Новосибирск,
https://auto.drom.ru/moscow/bmw/x3/557405743.html,557405743,БМВ Х3,6824000,2025,"бензин, 2.0 л",258.0,АКПП,4WD,серый,11 642,1.0,левый,4 поколение,xDrive30Li AT Premium M Sport,Москва,
https://auto.drom.ru/minsk/bmw/x3/487589375.html,487589375,БМВ Х3,1978000,2013,"дизель, 3.0 л",249.0,АКПП,4WD,серый,217 000,,левый,2 поколение,xDrive 30d AT Lifestyle,Минск,
https://auto.drom.ru/moscow/bmw/x3/540448414.html,540448414,БМВ Х3,6490000,2025,"бензин, 2.0 л",190.0,АКПП,4WD,синий,11 800,,левый,4 поколение,xDrive25Li AT Luxury,Москва,
https://auto.drom.ru/minsk/bmw/x3/535556074.html,535556074,БМВ Х3,3719000,2022,"бензин, 2.0 л",252.0,АКПП,4WD,белый,109 000,,левый,"3 поколение, рестайлинг",xDrive 30i AT Premium M Night,Минск,
https://auto.drom.ru/moscow/bmw/x3/571248488.html,571248488,БМВ Х3,4369000,2020,"бензин, 2.0 л",184.0,АКПП,4WD,белый,81 300,1.0,левый,3 поколение,xDrive 20i AT M Sport,Москва,
https://auto.drom.ru/novosibirsk/bmw/x3/786984182.html,786984182,БМВ Х3,899000,2007,"бензин, 3.0 л",272.0,АКПП,4WD,белый,200 000,3.0,левый,"1 поколение, рестайлинг",xDrive 30i AT,Новосибирск,
https://auto.drom.ru/moscow/bmw/x3/333023285.html,333023285,БМВ Х3,2200000,2013,"дизель, 3.0 л",249.0,АКПП,4WD,черный,230 000,3.0,левый,2 поколение,,Москва,
https://auto.drom.ru/sevastopol/bmw/x3/909517266.html,909517266,БМВ Х3,3666666,2017,"дизель, 2.0 л",190.0,АКПП,4WD,черный,147 500,2.0,левый,3 поколение,xDrive 20d AT M Sport,"Севастополь, Республика Крым",
https://auto.drom.ru/saratov/bmw/x3/699934440.html,699934440,БМВ Х3,6950000,2026,"бензин, 2.0 л",258.0,АКПП,4WD,черный,,,левый,4 поколение,,Саратов,
https://auto.drom.ru/yablonovskiy/bmw/x3/413755297.html,413755297,БМВ Х3,6399000,2025,"бензин, 2.0 л",258.0,АКПП,4WD,белый,18 357,1.0,левый,4 поколение,,"Яблоновский, Республика Адыгея",
https://auto.drom.ru/moscow/bmw/x3/411158063.html,411158063,БМВ Х3,7100000,2026,"бензин, 2.0 л",258.0,АКПП,4WD,серый,,,левый,4 поколение,xDrive30Li AT Leading M Sport,Москва,
https://auto.drom.ru/kazan/bmw/x3/527405521.html,527405521,БМВ Х3,3399000,2019,"бензин, 2.0 л",184.0,АКПП,4WD,белый,130 162,2.0,левый,3 поколение,,Казань,
https://auto.drom.ru/moscow/bmw/x3/278371319.html,278371319,БМВ Х3,5500000,2018,"дизель, 3.0 л",249.0,АКПП,4WD,черный,49 804,2.0,левый,3 поколение,xDrive 30d AT M Sport,Москва,
https://auto.drom.ru/grodno/bmw/x3/812180955.html,812180955,БМВ Х3,3550000,2021,"бензин, 2.0 л",252.0,АКПП,4WD,серый,69 200,,левый,"3 поколение, рестайлинг",xDrive 30i AT Premium M Night,Гродно,
https://auto.drom.ru/balebey/bmw/x3/319873383.html,319873383,БМВ Х3,2450000,2012,"дизель, 2.0 л",184.0,АКПП,4WD,красный,69 000,2.0,левый,2 поколение,xDrive 20d AT Special Edition,"Белебей, Республика Башкортостан",
https://auto.drom.ru/moscow/bmw/x3/320095143.html,320095143,БМВ Х3,5200000,2021,"бензин, 2.0 л",249.0,АКПП,4WD,синий,56 522,,левый,"3 поколение, рестайлинг",xDrive 30i AT Base,Москва,
https://auto.drom.ru/moscow/bmw/x3/348268132.html,348268132,БМВ Х3,5200000,2021,"бензин, 2.0 л",249.0,АКПП,4WD,синий,56 522,,левый,"3 поколение, рестайлинг",xDrive 30i AT Base,Москва,
https://auto.drom.ru/novosibirsk/bmw/x4/623232447.html,623232447,БМВ Х4,2750000,2014,"дизель, 3.0 л",249.0,АКПП,4WD,красный,158 403,,левый,1 поколение,xDrive 30d AT,Новосибирск,
https://auto.drom.ru/moscow/bmw/x4/908018725.html,908018725,БМВ Х4,4400000,2019,"дизель, 2.0 л",190.0,АКПП,4WD,черный,92 515,2.0,левый,2 поколение,xDrive 20d AT M Sport,Москва,
https://auto.drom.ru/saratov/bmw/x4/829264241.html,829264241,БМВ Х4,3129000,2015,"дизель, 2.0 л",190.0,АКПП,4WD,белый,125 677,,левый,1 поколение,,Саратов,
https://auto.drom.ru/moscow/bmw/x4/380701553.html,380701553,БМВ Х4,5850000,2019,"дизель, 3.0 л",326.0,АКПП,4WD,черный,51 500,1.0,левый,2 поколение,xDrive M40d AT M Special,Москва,
https://auto.drom.ru/kazan/bmw/x4/543175483.html,543175483,БМВ Х4,3950000,2019,"дизель, 2.0 л",190.0,АКПП,4WD,синий,166 558,1.0,левый,2 поколение,xDrive 20d AT M Sport,Казань,
https://auto.drom.ru/omsk/bmw/x4/682617128.html,682617128,БМВ Х4,3150000,2016,"бензин, 2.0 л",184.0,АКПП,4WD,белый,57 000,1.0,левый,1 поколение,xDrive 20i AT M Sport,Омск,
https://auto.drom.ru/moscow/bmw/x4/759977996.html,759977996,БМВ Х4,5598000,2021,"бензин, 2.0 л",184.0,АКПП,4WD,черный,90 848,2.0,левый,"2 поколение, рестайлинг",xDrive 20i AT M Sport Pure,Москва,
https://auto.drom.ru/krasnodar/bmw/x4/894224633.html,894224633,БМВ Х4,5800000,2021,"дизель, 2.0 л",190.0,АКПП,4WD,черный,45 800,,левый,2 поколение,,Краснодар,
https://auto.drom.ru/novosibirsk/bmw/x4/134963369.html,134963369,БМВ Х4,3900000,2019,"бензин, 2.0 л",184.0,АКПП,4WD,красный,102 115,1.0,левый,2 поколение,xDrive 20i AT M Sport,Новосибирск,
https://auto.drom.ru/moscow/bmw/x4/870774835.html,870774835,БМВ Х4,2290000,2017,"бензин, 2.0 л",245.0,АКПП,4WD,синий,162 000,3.0,левый,1 поколение,,Москва,
https://auto.drom.ru/vladivostok/bmw/x4/820059617.html,820059617,БМВ Х4,5700000,2019,"бензин, 3.0 л",480.0,АКПП,4WD,серый,50 000,1.0,левый,2 поколение,xDrive AT M Special Edition,Владивосток,
https://auto.drom.ru/vladivostok/bmw/x4/400348182.html,400348182,БМВ Х4,4800000,2021,"бензин, 2.0 л",184.0,АКПП,4WD,белый,80 000,,левый,2 поколение,,Владивосток,
https://auto.drom.ru/tyumen/bmw/x4/406870013.html,406870013,БМВ Х4,2600000,2015,"бензин, 2.0 л",184.0,АКПП,4WD,белый,140 000,2.0,левый,1 поколение,xDrive 20i AT M Sport,Тюмень,
https://auto.drom.ru/spb/bmw/x4/357775118.html,357775118,БМВ Х4,8950000,2025,"бензин, 2.0 л",184.0,АКПП,4WD,серый,,,левый,"2 поколение, рестайлинг",xDrive 20i AT,Санкт-Петербург,
https://auto.drom.ru/yaroslavl/bmw/x4/568495261.html,568495261,БМВ Х4,3999000,2019,"дизель, 2.0 л",231.0,автомат,4WD,черный,148 367,1.0,левый,2 поколение,,Ярославль,
https://auto.drom.ru/moscow/bmw/x4/833519530.html,833519530,БМВ Х4,8890000,2025,"бензин, 2.0 л",184.0,АКПП,4WD,серый,8 740,1.0,левый,"2 поколение, рестайлинг",xDrive 20i AT M Sport Pure,Москва,
https://auto.drom.ru/krasnoyarsk/bmw/x4/828555515.html,828555515,БМВ Х4,3067000,2016,"бензин, 2.0 л",184.0,АКПП,4WD,черный,81 188,,левый,1 поколение,xDrive20i AT X Design,Красноярск,
https://auto.drom.ru/tyumen/bmw/x4/226319166.html,226319166,БМВ Х4,6919000,2025,"бензин, 2.0 л",184.0,АКПП,4WD,черный,4 565,,левый,"2 поколение, рестайлинг",xDrive 20i AT,,
https://auto.drom.ru/moscow/bmw/x4/502423031.html,502423031,БМВ Х4,8990000,2025,"бензин, 2.0 л",184.0,АКПП,4WD,серый,4 771,1.0,левый,"2 поколение, рестайлинг",xDrive 20i AT M Sport Pure,Москва,
https://auto.drom.ru/yuzhno-sakhalinsk/bmw/x4/133053208.html,133053208,БМВ Х4,5000000,2021,"дизель, 2.0 л",190.0,АКПП,4WD,серый,23 000,1.0,левый,"2 поколение, рестайлинг",xDrive 20d AT,Южно-Сахалинск,
https://auto.drom.ru/spb/bmw/x5/632889505.html,632889505,БМВ Х5,6349000,2021,"дизель, 3.0 л",249.0,АКПП,4WD,черный,90 000,,левый,4 поколение,xDrive 30d AT M Sport Plus,Санкт-Петербург,
https://auto.drom.ru/nevinnomissk/bmw/x5/449930558.html,449930558,БМВ Х5,1800000,2011,"бензин, 3.0 л",306.0,АКПП,4WD,черный,300 000,3.0,левый,"2 поколение, рестайлинг",,"Невинномысск, Ставропольский край",
https://auto.drom.ru/nizhnevartovsk/bmw/x5/173357788.html,173357788,БМВ Х5,1700000,2006,"бензин, 3.0 л",264.0,АКПП,4WD,серый,300 000,,левый,2 поколение,xDrive 30i AT,"Нижневартовск, Ханты-Мансийский автономный округ",
https://auto.drom.ru/simferopol/bmw/x5/435890943.html,435890943,БМВ Х5,5599999,2020,"дизель, 3.0 л",249.0,АКПП,4WD,черный,170 000,1.0,левый,4 поколение,xDrive 30d AT M Sport Plus,Симферополь,
https://auto.drom.ru/krasnoyarsk/bmw/x5/651935870.html,651935870,БМВ Х5,13000000,2023,"бензин, 4.4 л",530.0,АКПП,4WD,черный,40 000,1.0,левый,"4 поколение, рестайлинг",,Красноярск,
https://auto.drom.ru/simferopol/bmw/x5/524391041.html,524391041,БМВ Х5,4000000,2018,"дизель, 3.0 л",313.0,АКПП,4WD,синий,230 000,3.0,левый,3 поколение,xDrive 40d AT M Sport,Симферополь,
https://auto.drom.ru/omsk/bmw/x5/785365909.html,785365909,БМВ Х5,1520000,2006,"бензин, 3.0 л",272.0,АКПП,4WD,серый,360 000,,левый,2 поколение,xDrive 30i AT,Омск,
https://auto.drom.ru/moscow/bmw/x5/898081330.html,898081330,БМВ Х5,7250000,2019,"дизель, 3.0 л",265.0,АКПП,4WD,черный,97 000,1.0,левый,4 поколение,xDrive30d AT M Sport,Москва,
https://auto.drom.ru/simferopol/bmw/x5/323777180.html,323777180,БМВ Х5,7999999,2023,"бензин, 2.0 л",258.0,АКПП,4WD,синий,51 000,1.0,левый,"4 поколение, рестайлинг",30Li AT xDrive Exclusive M Sport,Симферополь,
https://auto.drom.ru/moscow/bmw/x5/312524841.html,312524841,БМВ Х5,2585000,2014,"бензин, 3.0 л",306.0,АКПП,4WD,белый,204 200,3.0,левый,3 поколение,,Москва,
https://auto.drom.ru/krasnoyarsk/bmw/x5/634603341.html,634603341,БМВ Х5,3650000,2017,"дизель, 3.0 л",218.0,АКПП,4WD,белый,138 000,1.0,левый,3 поколение,xDrive 25d AT Business,Красноярск,
https://auto.drom.ru/krasnodar/bmw/x5/263886436.html,263886436,БМВ Х5,3350000,2015,"дизель, 3.0 л",218.0,АКПП,4WD,белый,148 537,,левый,3 поколение,xDrive 25d AT Business,Краснодар,
https://auto.drom.ru/moscow/bmw/x5/708040787.html,708040787,БМВ Х5,7390000,2019,"бензин, 3.0 л",340.0,АКПП,4WD,белый,48 500,2.0,левый,4 поколение,,Москва,
https://auto.drom.ru/cheboksary/bmw/x5/303579497.html,303579497,БМВ Х5,775000,2005,"бензин, 3.0 л",231.0,АКПП,4WD,серый,420 135,,левый,"1 поколение, рестайлинг",,Чебоксары,
https://auto.drom.ru/gomel/bmw/x5/319635436.html,319635436,БМВ Х5,6050000,2022,"бензин, 3.0 л",340.0,АКПП,4WD,синий,67 775,,левый,4 поколение,xDrive 40i AT Sport Edition 21,Гомель,
https://auto.drom.ru/moscow/bmw/x5/435664596.html,435664596,БМВ Х5,3800000,2018,"дизель, 2.0 л",231.0,АКПП,4WD,синий,156 359,2.0,левый,,xDrive 25d AT,Москва,
https://auto.drom.ru/zuya/bmw/x5/471631844.html,471631844,БМВ Х5,960000,2002,"бензин, 3.0 л",231.0,АКПП,4WD,черный,327 500,,левый,1 поколение,,"Зуя, Республика Крым",
https://auto.drom.ru/moscow/bmw/x5/564284323.html,564284323,БМВ Х5,5397000,2019,"дизель, 3.0 л",249.0,АКПП,4WD,синий,177 826,3.0,левый,4 поколение,,Москва,
https://auto.drom.ru/krasnodar/bmw/x5/780967309.html,780967309,БМВ Х5,1150000,2001,"бензин, 3.0 л",231.0,АКПП,4WD,серебристый,460 000,,левый,1 поколение,,Краснодар,
https://auto.drom.ru/sterlitamak/bmw/x5/139605224.html,139605224,БМВ Х5,500000,2002,"бензин, 4.4 л",286.0,АКПП,4WD,черный,470 000,,левый,1 поколение,,"Стерлитамак, Республика Башкортостан",
https://auto.drom.ru/sevastopol/bmw/x6/701529330.html,701529330,БМВ Х6,11700000,2024,"бензин, 3.0 л",381.0,АКПП,4WD,серый,19 000,1.0,левый,"3 поколение, рестайлинг",xDrive40i AT M Sport,"Севастополь, Республика Крым",
https://auto.drom.ru/novosibirsk/bmw/x6/154108225.html,154108225,БМВ Х6,16380000,2025,"дизель, 3.0 л",298.0,АКПП,4WD,,5 000,,левый,"3 поколение, рестайлинг",xDrive30d AT M Sport,Новосибирск,
https://auto.drom.ru/ulan-ude/bmw/x6/665627599.html,665627599,БМВ Х6,5050000,2018,"дизель, 3.0 л",258.0,АКПП,4WD,серый,99 800,2.0,левый,2 поколение,xDrive30d AT,Улан-Удэ,
https://auto.drom.ru/nizhniy-novgorod/bmw/x6/171677977.html,171677977,БМВ Х6,3199999,2016,"бензин, 3.0 л",306.0,автомат,4WD,черный,195 038,,,,,Нижний Новгород,
https://auto.drom.ru/vladimir/bmw/x6/702315848.html,702315848,БМВ Х6,3290000,2015,"дизель, 3.0 л",249.0,АКПП,4WD,коричневый,170 000,,левый,2 поколение,xDrive 30d AT Luxury,Владимир,
https://auto.drom.ru/novosibirsk/bmw/x6/579326031.html,579326031,БМВ Х6,1500000,2008,"бензин, 3.0 л",306.0,АКПП,4WD,бордовый,196 000,3.0,левый,1 поколение,,Новосибирск,
https://auto.drom.ru/barnaul/bmw/x6/354030342.html,354030342,БМВ Х6,1750000,2010,"дизель, 3.0 л",306.0,АКПП,4WD,черный,325 000,,левый,1 поколение,xDrive 40d AT,Барнаул,
https://auto.drom.ru/spb/bmw/x6/102954446.html,102954446,БМВ Х6,3949700,2017,"дизель, 3.0 л",249.0,АКПП,4WD,черный,110 976,1.0,левый,2 поколение,,Санкт-Петербург,
https://auto.drom.ru/petropavlovsk-kamchatskiy/bmw/x6/235500217.html,235500217,БМВ Х6,1500000,2008,"бензин, 3.0 л",272.0,автомат,4WD,белый,237 000,,левый,1 поколение,,Петропавловск-Камчатский,
https://auto.drom.ru/belgorod/bmw/x6/261178338.html,261178338,БМВ Х6,1950000,2010,"дизель, 3.0 л",245.0,АКПП,4WD,черный,297 000,,левый,1 поколение,xDrive 30d AT,Белгород,
https://auto.drom.ru/saratov/bmw/x6/908652688.html,908652688,БМВ Х6,1800000,2010,"бензин, 4.4 л, гибрид",407.0,АКПП,4WD,,146 000,,левый,1 поколение,xDrive ActiveHybrid AT,Саратов,
https://auto.drom.ru/krasnodar/bmw/x6/645419105.html,645419105,БМВ Х6,3700000,2015,"бензин, 4.4 л",575.0,АКПП,4WD,голубой,155 000,,левый,2 поколение,X6 M,Краснодар,
https://auto.drom.ru/moscow/bmw/x6/189775583.html,189775583,БМВ Х6,15990000,2026,"дизель, 3.0 л",298.0,АКПП,4WD,серый,,,левый,"3 поколение, рестайлинг",xDrive30d AT M Sport,Москва,
https://auto.drom.ru/velikiy-novgorod/bmw/x6/213475766.html,213475766,БМВ Х6,3220000,2016,"дизель, 3.0 л",249.0,АКПП,4WD,черный,172 000,3.0,левый,2 поколение,xDrive 30d AT,Великий Новгород,
https://auto.drom.ru/moscow/bmw/x6/731231655.html,731231655,БМВ Х6,16990000,2026,"дизель, 3.0 л",298.0,АКПП,4WD,зеленый,,,левый,"3 поколение, рестайлинг",xDrive30d AT M Sport,Москва,
https://auto.drom.ru/moscow/bmw/x6/191077353.html,191077353,БМВ Х6,14999000,2023,"бензин, 4.4 л",530.0,АКПП,4WD,черный,11 713,2.0,левый,"3 поколение, рестайлинг",M60i AT,Москва,
https://auto.drom.ru/simferopol/bmw/x6/825213467.html,825213467,БМВ Х6,1750000,2011,"бензин, 3.0 л",306.0,АКПП,4WD,черный,155 000,3.0,левый,1 поколение,xDrive 35i AT,Симферополь,
https://auto.drom.ru/ekaterinburg/bmw/x6/634360348.html,634360348,БМВ Х6,2249000,2013,"бензин, 3.0 л",306.0,АКПП,4WD,красный,107 701,,левый,"1 поколение, рестайлинг",xDrive 35i AT,Екатеринбург,
https://auto.drom.ru/prokopyevsk/bmw/x6/322960255.html,322960255,БМВ Х6,2550000,2012,"бензин, 3.0 л",306.0,АКПП,4WD,белый,245 300,2.0,левый,1 поколение,xDrive 35i AT,"Прокопьевск, Кемеровская область",
https://auto.drom.ru/irkutsk/bmw/x6/862899823.html,862899823,БМВ Х6,1999999,2013,"бензин, 3.0 л",306.0,АКПП,4WD,черный,164 000,3.0,левый,"1 поколение, рестайлинг",xDrive35i,Иркутск,
https://auto.drom.ru/moscow/bmw/x7/761876535.html,761876535,БМВ Х7,14850000,2024,"дизель, 3.0 л, гибрид",352.0,АКПП,4WD,фиолетовый,10 241,1.0,левый,"1 поколение, рестайлинг",xDrive40d AT,Москва,
https://auto.drom.ru/moscow/bmw/x7/114643347.html,114643347,БМВ Х7,12800000,2023,"дизель, 3.0 л, гибрид",352.0,АКПП,4WD,серый,84 600,1.0,левый,"1 поколение, рестайлинг",xDrive40d AT M Sport Pro,Москва,
https://auto.drom.ru/krasnodar/bmw/x7/614660744.html,614660744,БМВ Х7,11900000,2022,"бензин, 3.0 л, гибрид",381.0,АКПП,4WD,серый,35 000,1.0,левый,"1 поколение, рестайлинг",xDrive40i AT M Sport,Краснодар,
https://auto.drom.ru/blagoveshchensk/bmw/x7/806868919.html,806868919,БМВ Х7,10700000,2021,"бензин, 4.4 л",530.0,АКПП,4WD,серый,85 000,3.0,левый,1 поколение,M50i AT Dark Shadow Edition,Благовещенск,
https://auto.drom.ru/perm/bmw/x7/542293034.html,542293034,БМВ Х7,14500000,2023,"бензин, 3.0 л, гибрид",381.0,АКПП,4WD,белый,45 506,1.0,левый,"1 поколение, рестайлинг",,Пермь,
https://auto.drom.ru/sochi/bmw/x7/358471972.html,358471972,БМВ Х7,5600000,2020,"бензин, 3.0 л, гибрид",333.0,АКПП,4WD,черный,198 834,1.0,левый,1 поколение,xDrive40i AT,"Сочи, Краснодарский край",
https://auto.drom.ru/vladivostok/bmw/x7/866133599.html,866133599,БМВ Х7,7500000,2022,"дизель, 3.0 л, гибрид",340.0,АКПП,4WD,зеленый,59 600,1.0,правый,1 поколение,xDrive 40d Design Pure Excellence 7-seater,Владивосток,
https://auto.drom.ru/ussuriisk/bmw/x7/894168113.html,894168113,БМВ Х7,6350000,2020,"дизель, 3.0 л",249.0,автомат,4WD,черный,76 500,2.0,правый,1 поколение,,"Уссурийск, Приморский край",
https://auto.drom.ru/spb/bmw/x7/460606222.html,460606222,БМВ Х7,18750000,2026,"бензин, 3.0 л, гибрид",381.0,АКПП,4WD,серый,,,левый,"1 поколение, рестайлинг",xDrive40i AT,Санкт-Петербург,
https://auto.drom.ru/novosibirsk/bmw/x7/439625789.html,439625789,БМВ Х7,17700000,2026,"дизель, 3.0 л, гибрид",352.0,АКПП,4WD,черный,,,левый,"1 поколение, рестайлинг",xDrive40d AT M Sport Pro,Новосибирск,
https://auto.drom.ru/sochi/bmw/x7/479718649.html,479718649,БМВ Х7,8499000,2020,"дизель, 3.0 л",249.0,АКПП,4WD,черный,57 781,3.0,левый,1 поколение,,"Сочи, Краснодарский край",
https://auto.drom.ru/spb/bmw/x7/359853304.html,359853304,БМВ Х7,8300000,2021,"бензин, 3.0 л, гибрид",340.0,АКПП,4WD,белый,78 000,2.0,левый,1 поколение,xDrive40i AT,Санкт-Петербург,
https://auto.drom.ru/krasnodar/bmw/x7/673272536.html,673272536,БМВ Х7,6700000,2019,"дизель, 3.0 л",400.0,АКПП,4WD,черный,189 000,1.0,левый,1 поколение,M50d AT M Special,Краснодар,
https://auto.drom.ru/sevastopol/bmw/x7/480637087.html,480637087,БМВ Х7,8200000,2022,"бензин, 3.0 л, гибрид",340.0,АКПП,4WD,черный,62 000,1.0,левый,1 поколение,,"Севастополь, Республика Крым",
https://auto.drom.ru/spb/bmw/x7/230612803.html,230612803,БМВ Х7,18500000,2026,"дизель, 3.0 л, гибрид",352.0,АКПП,4WD,серый,,,левый,"1 поколение, рестайлинг",xDrive40d AT,Санкт-Петербург,
https://auto.drom.ru/stavropol/bmw/x7/826192551.html,826192551,БМВ Х7,8000000,2019,"дизель, 3.0 л",249.0,АКПП,4WD,черный,81 000,,левый,1 поколение,xDrive30d AT M Sport Pro,Ставрополь,
https://auto.drom.ru/moscow/bmw/x7/528085982.html,528085982,БМВ Х7,11900000,2023,"дизель, 3.0 л, гибрид",352.0,АКПП,4WD,синий,61 000,1.0,левый,"1 поколение, рестайлинг",xDrive40d AT M Sport Pro,Москва,
https://auto.drom.ru/spb/bmw/x7/306455491.html,306455491,БМВ Х7,17500000,2025,"бензин, 3.0 л, гибрид",381.0,АКПП,4WD,белый,,,левый,"1 поколение, рестайлинг",xDrive40i AT,Санкт-Петербург,
https://auto.drom.ru/gorno-altaysk/bmw/x7/664797451.html,664797451,БМВ Х7,7250000,2020,"бензин, 3.0 л, гибрид",340.0,АКПП,4WD,синий,84 134,1.0,левый,1 поколение,xDrive40i AT Premium M Sport,Горно-Алтайск,
https://auto.drom.ru/novosibirsk/bmw/x7/331302151.html,331302151,БМВ Х7,6765000,2019,"дизель, 3.0 л",400.0,АКПП,4WD,черный,141 000,2.0,левый,1 поколение,M50d AT Base,Новосибирск,
https://auto.drom.ru/irkutsk/mercedes-benz/a-class/391870531.html,391870531,Мерседес А-Класс,3950000,2020,"бензин, 2.0 л",306.0,робот,4WD,белый,85 000,2.0,левый,4 поколение,A 35 AMG DCT 4MATIC Особая Серия,Иркутск,
https://auto.drom.ru/yuzhnouralsk/mercedes-benz/a-class/425264988.html,425264988,Мерседес А-Класс,1849000,2018,"бензин, 1.3 л",136.0,робот,передний,серый,64 000,1.0,правый,4 поколение,A 180 Style AMG Line,"Южноуральск, Челябинская область",
https://auto.drom.ru/moscow/mercedes-benz/a-class/394501257.html,394501257,Мерседес А-Класс,980000,2013,"бензин, 1.6 л",156.0,робот,передний,черный,205 000,,левый,3 поколение,,Москва,
https://auto.drom.ru/pyshma/mercedes-benz/a-class/833241701.html,833241701,Мерседес А-Класс,350000,1999,"бензин, 1.4 л",82.0,механика,передний,серебристый,206 000,,левый,1 поколение,A 140 MT Elegance,"Пышма, Свердловская область",
https://auto.drom.ru/rostov-na-donu/mercedes-benz/a-class/376346886.html,376346886,Мерседес А-Класс,280000,2001,"дизель, 1.7 л",90.0,АКПП,передний,синий,300 000,1.0,левый,1 поколение,,Ростов-на-Дону,
https://auto.drom.ru/kirov/mercedes-benz/a-class/504628300.html,504628300,Мерседес А-Класс,1170000,2013,"бензин, 1.6 л",156.0,робот,передний,белый,197 000,3.0,левый,3 поколение,A 200 DCT Особая серия,Киров,
https://auto.drom.ru/moscow/mercedes-benz/a-class/795589115.html,795589115,Мерседес А-Класс,2799000,2023,"бензин, 1.3 л",136.0,робот,передний,серый,50 000,1.0,левый,4 поколение,A 180,Москва,
https://auto.drom.ru/vladivostok/mercedes-benz/a-class/627359907.html,627359907,Мерседес А-Класс,2280000,2019,"бензин, 1.3 л",150.0,робот,передний,белый,11 000,1.0,левый,4 поколение,A 200 DCT Progressive,Владивосток,
https://auto.drom.ru/yaroslavl/mercedes-benz/a-class/894434383.html,894434383,Мерседес А-Класс,823000,2014,"бензин, 1.6 л",122.0,робот,передний,фиолетовый,277 254,,левый,3 поколение,A 180 DCT,Ярославль,
https://auto.drom.ru/yakutsk/mercedes-benz/a-class/566700924.html,566700924,Мерседес А-Класс,1600000,2017,"бензин, 1.6 л",122.0,робот,передний,серый,80 000,2.0,правый,"3 поколение, рестайлинг",,Якутск,
https://auto.drom.ru/simferopol/mercedes-benz/a-class/147250934.html,147250934,Мерседес А-Класс,320000,2003,"дизель, 1.7 л",95.0,механика,передний,серебристый,294 000,3.0,левый,"1 поколение, рестайлинг",A 170 CDI MT Classic,Симферополь,
https://auto.drom.ru/artem/mercedes-benz/a-class/766312190.html,766312190,Мерседес А-Класс,1550000,2013,"бензин, 1.6 л",122.0,робот,передний,красный,75 000,1.0,левый,3 поколение,A 180 DCT,"Артём, Приморский край",
https://auto.drom.ru/moscow/mercedes-benz/a-class/324131215.html,324131215,Мерседес А-Класс,2490000,2019,"бензин, 1.3 л",150.0,робот,передний,белый,77 014,3.0,левый,4 поколение,,Москва,
https://auto.drom.ru/sevastopol/mercedes-benz/a-class/205554779.html,205554779,Мерседес А-Класс,1100000,2008,"бензин, 1.7 л",116.0,вариатор,передний,черный,66 000,3.0,левый,"2 поколение, рестайлинг",A 170 CVT Elegance,"Севастополь, Республика Крым",
https://auto.drom.ru/abakan/mercedes-benz/a-class/757436625.html,757436625,Мерседес А-Класс,4999999,2021,"бензин, 2.0 л",306.0,робот,4WD,серый,54 000,1.0,левый,4 поколение,AMG A 35 L 4MATIC,Абакан,
https://auto.drom.ru/ekaterinburg/mercedes-benz/a-class/489049994.html,489049994,Мерседес А-Класс,2750000,2016,"бензин, 2.0 л",360.0,робот,4WD,красный,164 031,,левый,3 поколение,AMG A 45 4MATIC,Екатеринбург,
https://auto.drom.ru/surgut/mercedes-benz/a-class/887789452.html,887789452,Мерседес А-Класс,485000,2007,"бензин, 1.5 л",95.0,вариатор,передний,серебристый,238 000,2.0,левый,2 поколение,A 150 CVT Avantgarde,"Сургут, Ханты-Мансийский автономный округ",
https://auto.drom.ru/simferopol/mercedes-benz/a-class/761640235.html,761640235,Мерседес А-Класс,1640000,2015,"бензин, 1.6 л",156.0,робот,передний,черный,102 000,3.0,левый,3 поколение,A 200 Sport,Симферополь,
https://auto.drom.ru/novorossiysk/mercedes-benz/a-class/649377204.html,649377204,Мерседес А-Класс,1250000,2015,"бензин, 1.6 л",122.0,робот,передний,белый,138 000,3.0,правый,"3 поколение, рестайлинг",,"Новороссийск, Краснодарский край",
https://auto.drom.ru/yuzhnouralsk/mercedes-benz/a-class/266880319.html,266880319,Мерседес А-Класс,310000,1999,"бензин, 1.4 л",82.0,механика,передний,черный,277 351,3.0,левый,1 поколение,,"Южноуральск, Челябинская область",
https://auto.drom.ru/moscow/mercedes-benz/c-class/284205748.html,284205748,Мерседес С-класс,1700000,2012,"бензин, 1.8 л",156.0,АКПП,задний,белый,122 350,,левый,"3 поколение, рестайлинг",C 180 BlueEFFICIENCY AT,Москва,
https://auto.drom.ru/ulan-ude/mercedes-benz/c-class/199090476.html,199090476,Мерседес С-класс,1880000,2017,"бензин, 1.6 л",156.0,АКПП,задний,белый,120 000,2.0,правый,4 поколение,C 180 Sports+,Улан-Удэ,
https://auto.drom.ru/belgorod/mercedes-benz/c-class/335246611.html,335246611,Мерседес С-класс,1450000,2010,"бензин, 1.8 л",156.0,АКПП,задний,красный,156 000,3.0,левый,3 поколение,C180 Kompressor AT,Белгород,
https://auto.drom.ru/novosibirsk/mercedes-benz/c-class/408463004.html,408463004,Мерседес С-класс,1880000,2016,"бензин, 1.6 л",156.0,АКПП,задний,белый,173 044,2.0,правый,4 поколение,C 180 Sports+,Новосибирск,
https://auto.drom.ru/simferopol/mercedes-benz/c-class/373605027.html,373605027,Мерседес С-класс,925000,2010,"бензин, 1.8 л",204.0,АКПП,задний,бежевый,224 000,,левый,3 поколение,C 250 CGI BlueEFFICIENCY AT Elegance,Симферополь,
https://auto.drom.ru/rostov-na-donu/mercedes-benz/c-class/292482155.html,292482155,Мерседес С-класс,1310000,2013,"бензин, 1.6 л",156.0,АКПП,задний,белый,295 000,,левый,"3 поколение, рестайлинг",C 180 CGI AT Особая серия,Ростов-на-Дону,
https://auto.drom.ru/irkutsk/mercedes-benz/c-class/878730214.html,878730214,Мерседес С-класс,2100000,2015,"бензин, 1.6 л",156.0,АКПП,задний,серый,93 000,1.0,правый,4 поколение,C 180 Avantgarde AMG Line,Иркутск,
https://auto.drom.ru/moscow/mercedes-benz/c-class/666118784.html,666118784,Мерседес С-класс,2370000,2019,"дизель, 1.6 л",122.0,АКПП,задний,синий,142 000,1.0,левый,"4 поколение, рестайлинг",C 180 d AT AMG Line,Москва,
https://auto.drom.ru/bratsk/mercedes-benz/c-class/948233343.html,948233343,Мерседес С-класс,2380000,2015,"бензин, 1.6 л",156.0,АКПП,задний,серый,29 000,,правый,4 поколение,C 180 Avantgarde AMG Line,"Братск, Иркутская область",
https://auto.drom.ru/chelyabinsk/mercedes-benz/c-class/245230084.html,245230084,Мерседес С-класс,1599000,2016,"бензин, 1.6 л",150.0,АКПП,задний,серебристый,200 000,3.0,левый,4 поколение,C 180 Особая серия,Челябинск,
https://auto.drom.ru/moscow/mercedes-benz/c-class/295334431.html,295334431,Мерседес С-класс,1870000,2018,"бензин, 1.6 л",150.0,АКПП,задний,черный,240 000,,левый,4 поколение,C 180 Особая серия,Москва,
https://auto.drom.ru/spb/mercedes-benz/c-class/778852686.html,778852686,Мерседес С-класс,235000,2002,"бензин, 2.0 л, ГБО",163.0,АКПП,задний,синий,179 000,,левый,2 поколение,,Санкт-Петербург,
https://auto.drom.ru/surgut/mercedes-benz/c-class/438372044.html,438372044,Мерседес С-класс,2150000,2017,"бензин, 1.6 л",156.0,АКПП,задний,белый,90 000,2.0,правый,4 поколение,C 180 Sports+,"Сургут, Ханты-Мансийский автономный округ",
https://auto.drom.ru/kropotkin/mercedes-benz/c-class/681079965.html,681079965,Мерседес С-класс,1400000,2013,"бензин, 1.6 л",156.0,АКПП,задний,серый,222 000,,левый,"3 поколение, рестайлинг",,"Кропоткин, Краснодарский край",
https://auto.drom.ru/naberezhnye-chelny/mercedes-benz/c-class/513184388.html,513184388,Мерседес С-класс,2960000,2019,"бензин, 1.6 л",150.0,АКПП,задний,черный,69 417,1.0,левый,"4 поколение, рестайлинг",C 180 Sport,"Набережные Челны, Республика Татарстан",
https://auto.drom.ru/irkutsk/mercedes-benz/c-class/235808342.html,235808342,Мерседес С-класс,1360000,2014,"бензин, 1.6 л",156.0,АКПП,задний,серебристый,131 000,,правый,4 поколение,C 180 Avantgarde,Иркутск,
https://auto.drom.ru/moscow/mercedes-benz/c-class/248077910.html,248077910,Мерседес С-класс,5300000,2023,"бензин, 2.0 л",204.0,автомат,задний,черный,28 552,1.0,левый,"4 поколение, рестайлинг",,Москва,
https://auto.drom.ru/murmansk/mercedes-benz/c-class/506845955.html,506845955,Мерседес С-класс,1700000,2016,"бензин, 1.6 л",150.0,АКПП,задний,черный,235 000,,левый,4 поколение,C 180 Особая серия,Мурманск,
https://auto.drom.ru/chita/mercedes-benz/c-class/520255159.html,520255159,Мерседес С-класс,1300000,2013,"бензин, 1.8 л",156.0,АКПП,задний,черный,159 000,2.0,правый,"3 поколение, рестайлинг",,Чита,
https://auto.drom.ru/blagoveshchenka/mercedes-benz/c-class/238514593.html,238514593,Мерседес С-класс,240000,1998,"бензин, 1.8 л",122.0,механика,задний,бордовый,400 000,,левый,"1 поколение, рестайлинг",C180 MT Classic,"Благовещенка, Алтайский край",
https://auto.drom.ru/chelyabinsk/mercedes-benz/e-class/846617751.html,846617751,Мерседес Е-Класс,3150000,2017,"бензин, 2.0 л",245.0,АКПП,задний,черный,83 800,1.0,левый,5 поколение,E 300 Sport,Челябинск,
https://auto.drom.ru/tyumen/mercedes-benz/e-class/620470084.html,620470084,Мерседес Е-Класс,3800000,2018,"дизель, 2.9 л",340.0,АКПП,4WD,белый,147 562,1.0,левый,5 поколение,,Тюмень,
https://auto.drom.ru/simferopol/mercedes-benz/e-class/103091590.html,103091590,Мерседес Е-Класс,6100000,2020,"бензин, 3.0 л",367.0,АКПП,4WD,черный,98 000,1.0,левый,"5 поколение, рестайлинг",E 450 AТ 4MATIC,Симферополь,
https://auto.drom.ru/kazan/mercedes-benz/e-class/634849634.html,634849634,Мерседес Е-Класс,800000,2008,"бензин, 1.8 л, ГБО",184.0,АКПП,задний,бежевый,350 000,1.0,левый,"3 поколение, рестайлинг",E 200 Kompressor AT Avantgarde,Казань,
https://auto.drom.ru/kazan/mercedes-benz/e-class/518310225.html,518310225,Мерседес Е-Класс,5400000,2020,"бензин, 2.0 л",299.0,АКПП,4WD,серый,88 990,1.0,левый,5 поколение,,Казань,
https://auto.drom.ru/samara/mercedes-benz/e-class/651311392.html,651311392,Мерседес Е-Класс,4900000,2021,"дизель, 2.0 л",194.0,АКПП,4WD,черный,32 000,2.0,левый,"5 поколение, рестайлинг",,Самара,
https://auto.drom.ru/moscow/mercedes-benz/e-class/308254509.html,308254509,Мерседес Е-Класс,15990000,2026,"3.0 л, гибрид",585.0,автомат,4WD,черный,15,1.0,левый,,,Москва,
https://auto.drom.ru/barnaul/mercedes-benz/e-class/51820332.html,51820332,Мерседес Е-Класс,4900000,2018,"бензин, 4.0 л",612.0,робот,4WD,серый,186 000,2.0,левый,5 поколение,AMG E 63 S 4MATIC+ Особая серия,Барнаул,
https://auto.drom.ru/smolensk/mercedes-benz/e-class/761341866.html,761341866,Мерседес Е-Класс,1300000,2011,"бензин, 1.8 л",184.0,АКПП,задний,белый,277 000,,левый,4 поколение,,Смоленск,
https://auto.drom.ru/moscow/mercedes-benz/e-class/477085186.html,477085186,Мерседес Е-Класс,1699077,2011,"бензин, 1.8 л",204.0,АКПП,задний,черный,89 459,1.0,левый,4 поколение,,Москва,
https://auto.drom.ru/moscow/mercedes-benz/e-class/470787618.html,470787618,Мерседес Е-Класс,9999999,2026,"бензин, 2.0 л, гибрид",258.0,АКПП,4WD,серый,,,левый,6 поколение,E 300 AТ 4MATIC AMG Line Advanced,Москва,
https://auto.drom.ru/moscow/mercedes-benz/e-class/901241713.html,901241713,Мерседес Е-Класс,4990000,2020,"бензин, 3.0 л, гибрид",435.0,АКПП,4WD,серый,97 410,3.0,левый,5 поколение,AMG E 53 4MATIC Особая серия,Москва,
https://auto.drom.ru/spb/mercedes-benz/e-class/296982629.html,296982629,Мерседес Е-Класс,5770000,2022,"дизель, 2.0 л",265.0,АКПП,4WD,белый,94 776,1.0,левый,"5 поколение, рестайлинг",,Санкт-Петербург,
https://auto.drom.ru/chekmagush/mercedes-benz/e-class/933216159.html,933216159,Мерседес Е-Класс,1190000,2010,"бензин, 1.8 л",184.0,АКПП,задний,черный,198 000,,левый,4 поколение,,"Чекмагуш, Республика Башкортостан",
https://auto.drom.ru/ulan-ude/mercedes-benz/e-class/739786778.html,739786778,Мерседес Е-Класс,950000,1998,"дизель, 2.2 л",95.0,механика,задний,серебристый,351 000,2.0,левый,2 поколение,E 220 Diesel MТ Elegance,Улан-Удэ,
https://auto.drom.ru/moscow/mercedes-benz/e-class/646648651.html,646648651,Мерседес Е-Класс,1320000,2011,"бензин, 3.0 л",231.0,АКПП,задний,серый,219 500,3.0,левый,4 поколение,E 300 AT Особая серия,Москва,
https://auto.drom.ru/chelyabinsk/mercedes-benz/e-class/502456197.html,502456197,Мерседес Е-Класс,2050000,2022,"бензин, 2.0 л",197.0,АКПП,4WD,белый,200 000,1.0,левый,"5 поколение, рестайлинг",E 200 AТ 4MATIC,Челябинск,
https://auto.drom.ru/moscow/mercedes-benz/e-class/448897525.html,448897525,Мерседес Е-Класс,3850000,2020,"бензин, 2.0 л",197.0,АКПП,4WD,синий,112 000,,левый,5 поколение,,Москва,
https://auto.drom.ru/tyumen/mercedes-benz/e-class/780101547.html,780101547,Мерседес Е-Класс,1999000,2017,"бензин, 2.0 л",184.0,АКПП,задний,черный,158 000,,левый,5 поколение,E 200 Sport,Тюмень,
https://auto.drom.ru/ekaterinburg/mercedes-benz/e-class/627184370.html,627184370,Мерседес Е-Класс,780000,1998,"бензин, 2.4 л",170.0,АКПП,задний,черный,500 000,,левый,2 поколение,,Екатеринбург,
https://auto.drom.ru/sochi/mercedes-benz/s-class/333323028.html,333323028,Мерседес S-Класс,3499000,2017,"бензин, 3.0 л",333.0,АКПП,4WD,черный,150 634,,левый,6 поколение,S 400 4MATIC,"Сочи, Краснодарский край",
https://auto.drom.ru/spb/mercedes-benz/s-class/714907606.html,714907606,Мерседес S-Класс,3100000,2014,"бензин, 3.0 л",333.0,АКПП,4WD,черный,243 000,,левый,6 поколение,S 400 4MATIC L,Санкт-Петербург,
https://auto.drom.ru/noviy-urengoy/mercedes-benz/s-class/411402067.html,411402067,Мерседес S-Класс,2250000,2010,"бензин, 5.5 л",388.0,АКПП,4WD,черный,170 000,,левый,"5 поколение, рестайлинг",S 500 AT 4MATIC,"Новый Уренгой, Ямало-Ненецкий автономный округ",
https://auto.drom.ru/moscow/mercedes-benz/s-class/461697804.html,461697804,Мерседес S-Класс,33400000,2026,"бензин, 4.0 л, гибрид",537.0,АКПП,4WD,черный,,,левый,"7 поколение, рестайлинг",S580 4MATIC L,Москва,
https://auto.drom.ru/tyumen/mercedes-benz/s-class/857934238.html,857934238,Мерседес S-Класс,3500000,2014,"дизель, 3.0 л",249.0,автомат,4WD,черный,250 000,3.0,левый,6 поколение,,Тюмень,
https://auto.drom.ru/minsk/mercedes-benz/s-class/115352788.html,115352788,Мерседес S-Класс,6048000,2017,"бензин, 4.7 л",455.0,АКПП,4WD,белый,107 000,,левый,6 поколение,S 500 4MATIC,Минск,
https://auto.drom.ru/moscow/mercedes-benz/s-class/727395215.html,727395215,Мерседес S-Класс,28840000,2026,"дизель, 3.0 л, гибрид",367.0,АКПП,4WD,серый,,,левый,"7 поколение, рестайлинг",S450 d 4MATIC L,Москва,
https://auto.drom.ru/omsk/mercedes-benz/s-class/325876075.html,325876075,Мерседес S-Класс,1650000,2008,"бензин, 4.7 л",340.0,АКПП,4WD,белый,184 000,,левый,5 поколение,S450 4MATIC L,Омск,
https://auto.drom.ru/moscow/mercedes-benz/s-class/533808672.html,533808672,Мерседес S-Класс,8427027,2018,"бензин, 4.0 л",612.0,АКПП,4WD,черный,64 027,1.0,левый,"6 поколение, рестайлинг",AMG S 63 4MATIC+,Москва,
https://auto.drom.ru/tomsk/mercedes-benz/s-class/386472936.html,386472936,Мерседес S-Класс,1850000,2009,"бензин, 3.5 л, гибрид",279.0,АКПП,задний,черный,201 052,2.0,левый,"5 поколение, рестайлинг",S 400 AT L Hybrid,Томск,
https://auto.drom.ru/elizovo/mercedes-benz/s-class/890954243.html,890954243,Мерседес S-Класс,1200000,2006,"бензин, 5.5 л",517.0,АКПП,задний,черный,168 000,2.0,левый,5 поколение,S 600 AT L,"Елизово, Камчатский край",
https://auto.drom.ru/moscow/mercedes-benz/s-class/518268304.html,518268304,Мерседес S-Класс,8187000,2022,"дизель, 2.9 л",330.0,АКПП,4WD,черный,66 873,2.0,левый,7 поколение,,Москва,
https://auto.drom.ru/tomsk/mercedes-benz/s-class/141733257.html,141733257,Мерседес S-Класс,650000,1995,"бензин, 3.2 л",231.0,АКПП,задний,черный,432 000,,левый,"3 поколение, рестайлинг",S 320 AT,Томск,
https://auto.drom.ru/moscow/mercedes-benz/s-class/392608417.html,392608417,Мерседес S-Класс,2300000,1997,"бензин, 6.0 л",394.0,АКПП,задний,черный,259 000,,левый,"3 поколение, рестайлинг",S600 L,Москва,
https://auto.drom.ru/grozniy/mercedes-benz/s-class/314217500.html,314217500,Мерседес S-Класс,2100000,2017,"дизель, 2.9 л",340.0,АКПП,4WD,черный,7 000,3.0,левый,"6 поколение, рестайлинг",S 400 d 4MATIC L,Грозный,
https://auto.drom.ru/nizhniy-novgorod/lada/vesta/467695605.html,467695605,LADA Vesta,969999,2018,"бензин, 1.8 л",122.0,робот,передний,серый,128 313,1.0,левый,1 поколение,,Нижний Новгород,
https://auto.drom.ru/yoshkar-ola/lada/vesta/525495809.html,525495809,LADA Vesta,1240000,2024,"бензин, 1.6 л",106.0,механика,передний,черный,68 583,1.0,левый,"1 поколение, рестайлинг",,Йошкар-Ола,
https://auto.drom.ru/orenburg/lada/vesta/921303060.html,921303060,LADA Vesta,1805000,2026,"бензин, 1.6 л",106.0,механика,передний,серый,,,левый,"1 поколение, рестайлинг",,Оренбург,
https://auto.drom.ru/volzhskiy/lada/vesta/412119780.html,412119780,LADA Vesta,800000,2018,"бензин, 1.6 л",106.0,механика,передний,бежевый,65 125,3.0,левый,1 поколение,,"Волжский, Волгоградская область",
https://auto.drom.ru/tyumen/lada/vesta/926994775.html,926994775,LADA Vesta,1099000,2018,"бензин, 1.8 л",122.0,механика,передний,серебристый,51 680,1.0,левый,1 поколение,,Тюмень,
https://auto.drom.ru/labinsk/lada/vesta/813309398.html,813309398,LADA Vesta,1480000,2025,"бензин, 1.8 л",122.0,вариатор,передний,серый,18 811,2.0,левый,"1 поколение, рестайлинг",1.8 CVT 2WD Techno'24 ('25),"Лабинск, Краснодарский край",
https://auto.drom.ru/nizhniy-novgorod/lada/vesta/759186888.html,759186888,LADA Vesta,1080000,2021,"бензин, 1.6 л",106.0,механика,передний,белый,130 677,,левый,1 поколение,1.6 MT Luxe + пакет Lime X00,Нижний Новгород,
https://auto.drom.ru/orenburg/lada/vesta/404063479.html,404063479,LADA Vesta,1935000,2026,"бензин, 1.6 л",106.0,механика,передний,серебристый,,,левый,"1 поколение, рестайлинг",,Оренбург,
https://auto.drom.ru/spb/lada/vesta/694905583.html,694905583,LADA Vesta,799000,2015,"бензин, 1.6 л",106.0,механика,передний,белый,102 000,2.0,левый,1 поколение,,Санкт-Петербург,
https://auto.drom.ru/orenburg/lada/vesta/227806843.html,227806843,LADA Vesta,1805000,2026,"бензин, 1.6 л",106.0,механика,передний,серый,,,левый,"1 поколение, рестайлинг",,Оренбург,
https://auto.drom.ru/borovichi/lada/vesta/824165397.html,824165397,LADA Vesta,1080000,2023,"бензин, 1.6 л",106.0,механика,передний,белый,61 000,1.0,левый,"1 поколение, рестайлинг",,"Боровичи, Новгородская область",
https://auto.drom.ru/orenburg/lada/vesta/310356093.html,310356093,LADA Vesta,649000,2016,"бензин, 1.6 л",106.0,робот,передний,синий,149 200,,левый,1 поколение,,Оренбург,
https://auto.drom.ru/orenburg/lada/vesta/864881668.html,864881668,LADA Vesta,1935000,2026,"бензин, 1.6 л",106.0,механика,передний,серебристый,,,левый,"1 поколение, рестайлинг",,Оренбург,
https://auto.drom.ru/orenburg/lada/vesta/199153777.html,199153777,LADA Vesta,1805000,2026,"бензин, 1.6 л",106.0,механика,передний,серый,,,левый,"1 поколение, рестайлинг",,Оренбург,
https://auto.drom.ru/voronezh/lada/vesta/501059204.html,501059204,LADA Vesta,849000,2016,"бензин, 1.6 л",106.0,механика,передний,серебристый,88 292,3.0,левый,1 поколение,,Воронеж,
https://auto.drom.ru/krasnodar/lada/vesta/711341989.html,711341989,LADA Vesta,1340000,2024,"бензин, 1.6 л",106.0,механика,передний,белый,49 705,1.0,левый,"1 поколение, рестайлинг",,Краснодар,
https://auto.drom.ru/orenburg/lada/vesta/863928655.html,863928655,LADA Vesta,1805000,2026,"бензин, 1.6 л",106.0,механика,передний,серый,,,левый,"1 поколение, рестайлинг",,Оренбург,
https://auto.drom.ru/tyumen/lada/vesta/660441871.html,660441871,LADA Vesta,899000,2017,"бензин, 1.6 л",106.0,механика,передний,белый,80 971,2.0,левый,1 поколение,,Тюмень,
https://auto.drom.ru/kaluga/lada/vesta/247196038.html,247196038,LADA Vesta,695300,2018,"бензин, 1.6 л",106.0,механика,передний,серый,227 344,1.0,левый,1 поколение,,Калуга,
https://auto.drom.ru/surgut/lada/vesta/647393765.html,647393765,LADA Vesta,1000000,2017,"бензин, 1.6 л",106.0,механика,передний,белый,106 000,1.0,левый,1 поколение,1.6 MT Classic + пакет Start,"Сургут, Ханты-Мансийский автономный округ",
https://auto.drom.ru/nizhniy-novgorod/lada/vesta/623398688.html,623398688,LADA Vesta,1200000,2023,"бензин, 1.6 л",106.0,механика,передний,белый,32 398,,левый,"1 поколение, рестайлинг",1.6 MT 2WD Comfort,Нижний Новгород,
https://auto.drom.ru/grozniy/lada/granta/661930669.html,661930669,LADA Granta,455000,2016,"бензин, 1.6 л",87.0,механика,передний,,,,левый,"1 поколение, рестайлинг",,Грозный,
https://auto.drom.ru/nefteyugansk/lada/granta/672082029.html,672082029,LADA Granta,210000,2012,"бензин, 1.6 л",82.0,механика,передний,черный,130 000,1.0,левый,1 поколение,1.6 MT Стандарт,"Нефтеюганск, Ханты-Мансийский автономный округ",
https://auto.drom.ru/dzerzhinsk/lada/granta/663359730.html,663359730,LADA Granta,270000,2014,"бензин, 1.6 л",87.0,механика,передний,коричневый,164 408,3.0,левый,"1 поколение, рестайлинг",1.6 MT Standard,"Дзержинск, Нижегородская область",
https://auto.drom.ru/orenburg/lada/granta/918956410.html,918956410,LADA Granta,1238000,2026,"бензин, 1.6 л",90.0,механика,передний,серый,,,левый,"1 поколение, 2 рестайлинг",,Оренбург,
https://auto.drom.ru/orenburg/lada/granta/743171017.html,743171017,LADA Granta,1238000,2026,"бензин, 1.6 л",90.0,механика,передний,серый,,,левый,"1 поколение, 2 рестайлинг",,Оренбург,
https://auto.drom.ru/orenburg/lada/granta/287609492.html,287609492,LADA Granta,1130000,2026,"бензин, 1.6 л",90.0,механика,передний,серый,,,левый,"1 поколение, 2 рестайлинг",,Оренбург,
https://auto.drom.ru/orenburg/lada/granta/628401614.html,628401614,LADA Granta,1238000,2026,"бензин, 1.6 л",90.0,механика,передний,коричневый,,,левый,"1 поколение, 2 рестайлинг",,Оренбург,
https://auto.drom.ru/orenburg/lada/granta/156217110.html,156217110,LADA Granta,1208000,2026,"бензин, 1.6 л",90.0,механика,передний,бордовый,,,левый,"1 поколение, 2 рестайлинг",,Оренбург,
https://auto.drom.ru/rostov-na-donu/lada/granta/656191515.html,656191515,LADA Granta,480000,2018,"бензин, 1.6 л",87.0,механика,передний,белый,119 671,1.0,левый,,1.6 MT Classic,Ростов-на-Дону,
https://auto.drom.ru/leninogorsk/lada/granta/728252832.html,728252832,LADA Granta,790000,2023,"бензин, 1.6 л",90.0,механика,передний,белый,42 500,1.0,левый,"1 поколение, 2 рестайлинг",1.6 MT Comfort'23 ('24),"Лениногорск, Республика Татарстан",
https://auto.drom.ru/orenburg/lada/granta/239494269.html,239494269,LADA Granta,1088000,2026,"бензин, 1.6 л",90.0,механика,передний,серый,,,левый,"1 поколение, 2 рестайлинг",,Оренбург,
https://auto.drom.ru/pervomayskoe-krym/lada/granta/712549523.html,712549523,LADA Granta,720000,2019,"бензин, 1.6 л",106.0,механика,передний,коричневый,159 000,2.0,левый,"1 поколение, 2 рестайлинг",1.6 MT Comfort,"Первомайское, Республика Крым",
https://auto.drom.ru/orenburg/lada/granta/912214545.html,912214545,LADA Granta,1238000,2026,"бензин, 1.6 л",90.0,механика,передний,коричневый,,,левый,"1 поколение, 2 рестайлинг",,Оренбург,
https://auto.drom.ru/moscow/lada/granta/415930164.html,415930164,LADA Granta,765000,2024,"бензин, 1.6 л",90.0,механика,передний,черный,30 105,1.0,левый,"1 поколение, 2 рестайлинг",,Москва,
https://auto.drom.ru/petuhovo/lada/granta/619002023.html,619002023,LADA Granta,270000,2013,"бензин, 1.6 л",82.0,механика,передний,бежевый,173 775,,левый,1 поколение,1.6 MT Стандарт,"Петухово, Курганская область",
https://auto.drom.ru/orenburg/lada/granta/298521739.html,298521739,LADA Granta,1130000,2026,"бензин, 1.6 л",90.0,механика,передний,серый,,,левый,"1 поколение, 2 рестайлинг",,Оренбург,
https://auto.drom.ru/orenburg/lada/granta/305899191.html,305899191,LADA Granta,1130000,2026,"бензин, 1.6 л",90.0,механика,передний,серый,,,левый,"1 поколение, 2 рестайлинг",,Оренбург,
https://auto.drom.ru/orenburg/lada/granta/663159937.html,663159937,LADA Granta,1114000,2026,"бензин, 1.6 л",90.0,механика,передний,синий,,,левый,"1 поколение, 2 рестайлинг",,Оренбург,
https://auto.drom.ru/orenburg/lada/granta/918137129.html,918137129,LADA Granta,1208000,2026,"бензин, 1.6 л",90.0,механика,передний,серебристый,,,левый,"1 поколение, 2 рестайлинг",,Оренбург,
https://auto.drom.ru/orenburg/lada/granta/627507461.html,627507461,LADA Granta,1130000,2026,"бензин, 1.6 л",90.0,механика,передний,серый,,,левый,"1 поколение, 2 рестайлинг",,Оренбург,
https://auto.drom.ru/syktyvkar/lada/granta/149601677.html,149601677,LADA Granta,885000,2025,"бензин, 1.6 л",90.0,механика,передний,,30 300,,левый,"1 поколение, 2 рестайлинг",,Сыктывкар,
https://auto.drom.ru/tyumen/lada/granta/736349939.html,736349939,LADA Granta,449000,2014,"бензин, 1.6 л",87.0,механика,передний,белый,207 648,1.0,левый,"1 поколение, рестайлинг",,Тюмень,
https://auto.drom.ru/pskov/lada/largus/913228707.html,913228707,LADA Largus,1657000,2026,"бензин, 1.6 л",90.0,механика,передний,серебристый,,,левый,"1 поколение, 2 рестайлинг",1.6 MT Comfort 5 мест,Псков,
https://auto.drom.ru/orehovo-zuevo/lada/largus/895880291.html,895880291,LADA Largus,1657000,2026,"бензин, 1.6 л",90.0,механика,передний,коричневый,,,левый,"1 поколение, 2 рестайлинг",,"Орехово-Зуево, Московская область",
https://auto.drom.ru/orehovo-zuevo/lada/largus/326255775.html,326255775,LADA Largus,1657000,2026,"бензин, 1.6 л",90.0,механика,передний,коричневый,,,левый,"1 поколение, 2 рестайлинг",,"Орехово-Зуево, Московская область",
https://auto.drom.ru/syktyvkar/lada/largus/749769899.html,749769899,LADA Largus,1587000,2026,"бензин, 1.6 л",90.0,механика,передний,белый,,,левый,"1 поколение, 2 рестайлинг",1.6 MT Classic,Сыктывкар,
https://auto.drom.ru/pskov/lada/largus/458850000.html,458850000,LADA Largus,1657000,2026,"бензин, 1.6 л",90.0,механика,передний,серый,,,левый,"1 поколение, 2 рестайлинг",1.6 MT Comfort 5 мест,Псков,
https://auto.drom.ru/pskov/lada/largus/696213010.html,696213010,LADA Largus,1607000,2026,"бензин, 1.6 л",90.0,механика,передний,серебристый,,,левый,"1 поколение, 2 рестайлинг",1.6 MT Classic 5 мест,Псков,
https://auto.drom.ru/elektrostal/lada/largus/803685649.html,803685649,LADA Largus,1657000,2026,"бензин, 1.6 л",90.0,механика,передний,серый,,,левый,"1 поколение, 2 рестайлинг",,"Электросталь, Московская область",
https://auto.drom.ru/pskov/lada/largus/214775952.html,214775952,LADA Largus,1607000,2026,"бензин, 1.6 л",90.0,механика,передний,серебристый,,,левый,"1 поколение, 2 рестайлинг",1.6 MT Classic 5 мест,Псков,
https://auto.drom.ru/perm/lada/largus/437868987.html,437868987,LADA Largus,340000,2013,"бензин, 1.6 л",84.0,механика,передний,серебристый,196 500,2.0,левый,1 поколение,1.6 MT Norma 5 мест,Пермь,
https://auto.drom.ru/pskov/lada/largus/417455749.html,417455749,LADA Largus,1607000,2026,"бензин, 1.6 л",90.0,механика,передний,серебристый,,,левый,"1 поколение, 2 рестайлинг",1.6 MT Classic 5 мест,Псков,
https://auto.drom.ru/pskov/lada/largus/527797356.html,527797356,LADA Largus,1657000,2026,"бензин, 1.6 л",90.0,механика,передний,серый,,,левый,"1 поколение, 2 рестайлинг",1.6 MT Comfort 5 мест,Псков,
https://auto.drom.ru/naberezhnye-chelny/lada/largus/722745008.html,722745008,LADA Largus,1570000,2025,"бензин, 1.6 л",106.0,механика,передний,серый,15 126,1.0,левый,"1 поколение, 2 рестайлинг",1.6 MT Enjoy 5 мест,"Набережные Челны, Республика Татарстан",
https://auto.drom.ru/elektrostal/lada/largus/912919458.html,912919458,LADA Largus,1707000,2026,"бензин, 1.6 л",90.0,механика,передний,серебристый,,,левый,"1 поколение, 2 рестайлинг",1.6 MT Comfort 7 мест,"Электросталь, Московская область",
https://auto.drom.ru/tyumen/lada/largus/409279566.html,409279566,LADA Largus,1350000,2021,"бензин, 1.6 л",106.0,механика,передний,серый,117 000,1.0,левый,"1 поколение, 2 рестайлинг",1.6 MT Comfort + Multimedia Winter 5 мест,Тюмень,
https://auto.drom.ru/orehovo-zuevo/lada/largus/512852323.html,512852323,LADA Largus,1657000,2026,"бензин, 1.6 л",90.0,механика,передний,коричневый,,,левый,"1 поколение, 2 рестайлинг",,"Орехово-Зуево, Московская область",
https://auto.drom.ru/tyumen/lada/largus/342029625.html,342029625,LADA Largus,765000,2015,"бензин, 1.6 л",105.0,механика,передний,черный,210 000,,левый,1 поколение,1.6 MT Luxe A2D 7 мест,Тюмень,
https://auto.drom.ru/pskov/lada/largus/655870700.html,655870700,LADA Largus,1607000,2026,"бензин, 1.6 л",90.0,механика,передний,серебристый,,,левый,"1 поколение, 2 рестайлинг",1.6 MT Classic 5 мест,Псков,
https://auto.drom.ru/spb/lada/largus/766998715.html,766998715,LADA Largus,1599000,2025,"бензин, 1.6 л",106.0,механика,передний,черный,31 955,1.0,левый,"1 поколение, 2 рестайлинг",,Санкт-Петербург,
https://auto.drom.ru/pskov/lada/largus/168996234.html,168996234,LADA Largus,1587000,2026,"бензин, 1.6 л",90.0,механика,передний,белый,,,левый,"1 поколение, 2 рестайлинг",1.6 MT Classic 5 мест,Псков,
https://auto.drom.ru/syktyvkar/lada/largus/569443084.html,569443084,LADA Largus,1912000,2026,"бензин, 1.6 л",106.0,механика,передний,коричневый,,,левый,"1 поколение, 2 рестайлинг",1.6 MT Драйв 7 мест,Сыктывкар,
https://auto.drom.ru/simferopol/lada/largus/852301170.html,852301170,LADA Largus,510000,2016,"бензин, 1.6 л",87.0,механика,передний,серебристый,193 000,3.0,левый,1 поколение,,Симферополь,
https://auto.drom.ru/kemerovo/lada/xray/667676365.html,667676365,LADA XRAY,595000,2016,"бензин, 1.6 л",106.0,механика,передний,красный,170 000,2.0,левый,1 поколение,,Кемерово,
https://auto.drom.ru/ufa/lada/xray/798816637.html,798816637,LADA XRAY,650000,2019,"бензин, 1.6 л",106.0,механика,передний,белый,205 000,1.0,левый,1 поколение,1.6 МТ Classic + пакет Air Conditioner,Уфа,
https://auto.drom.ru/arhangelsk/lada/xray/596144109.html,596144109,LADA XRAY,790000,2018,"бензин, 1.8 л",122.0,робот,передний,серебристый,49 600,2.0,левый,1 поколение,1.8 AМТ Optima + пакет Air Conditioner,Архангельск,
https://auto.drom.ru/vladimir/lada/xray/725428480.html,725428480,LADA XRAY,890000,2018,"бензин, 1.6 л",106.0,механика,передний,белый,72 029,,левый,1 поколение,,Владимир,
https://auto.drom.ru/kurgan/lada/xray/191190883.html,191190883,LADA XRAY,680000,2016,"бензин, 1.6 л",106.0,механика,передний,красный,220 000,2.0,левый,1 поколение,1.6 МТ Optima + пакет Advanced,Курган,
https://auto.drom.ru/salavat/lada/xray/541957322.html,541957322,LADA XRAY,750000,2016,"бензин, 1.6 л",110.0,механика,передний,черный,170 000,3.0,левый,1 поколение,,"Салават, Республика Башкортостан",
https://auto.drom.ru/ishim/lada/xray/440942557.html,440942557,LADA XRAY,800000,2016,"бензин, 1.6 л",106.0,механика,передний,серый,90 000,2.0,левый,1 поколение,1.6 МТ Optima,"Ишим, Тюменская область",
https://auto.drom.ru/spb/lada/xray/169740461.html,169740461,LADA XRAY,1030000,2018,"бензин, 1.8 л",122.0,механика,передний,белый,30 267,1.0,левый,1 поколение,,Санкт-Петербург,
https://auto.drom.ru/kaluga/lada/xray/697993996.html,697993996,LADA XRAY,829700,2018,"бензин, 1.6 л",106.0,механика,передний,коричневый,85 080,1.0,левый,1 поколение,,Калуга,
https://auto.drom.ru/almetievsk/lada/xray/660294094.html,660294094,LADA XRAY,790000,2017,"бензин, 1.6 л",106.0,механика,передний,коричневый,84 379,1.0,левый,1 поколение,1.6 МТ Luxe,"Альметьевск, Республика Татарстан",
https://auto.drom.ru/omsk/lada/xray/584249420.html,584249420,LADA XRAY,710000,2018,"бензин, 1.8 л",122.0,робот,передний,черный,83 140,3.0,левый,1 поколение,,Омск,
https://auto.drom.ru/grodno/lada/xray/903912671.html,903912671,LADA XRAY,753000,2017,"бензин, 1.8 л",122.0,робот,передний,серебристый,98 000,,левый,1 поколение,,Гродно,
https://auto.drom.ru/almetievsk/lada/xray/270799581.html,270799581,LADA XRAY,830000,2018,"бензин, 1.6 л",106.0,механика,передний,белый,52 804,2.0,левый,1 поколение,1.6 МТ Standart,"Альметьевск, Республика Татарстан",
https://auto.drom.ru/tver/lada/xray/680210673.html,680210673,LADA XRAY,800000,2018,"бензин, 1.6 л",106.0,механика,передний,бежевый,67 000,1.0,левый,1 поколение,,Тверь,
https://auto.drom.ru/tomsk/lada/xray/210086873.html,210086873,LADA XRAY,750000,2017,"бензин, 1.8 л",122.0,робот,передний,белый,65 400,1.0,левый,1 поколение,1.8 AМТ Optima + пакет Advanced,Томск,
https://auto.drom.ru/kemerovo/lada/xray/357177037.html,357177037,LADA XRAY,650000,2016,"бензин, 1.8 л",122.0,робот,передний,белый,220 000,3.0,левый,1 поколение,,Кемерово,
https://auto.drom.ru/totma/lada/xray/895883360.html,895883360,LADA XRAY,700000,2017,"бензин, 1.6 л",106.0,механика,передний,коричневый,135 623,2.0,левый,1 поколение,1.6 МТ Luxe + пакет Prestige,"Тотьма, Вологодская область",
https://auto.drom.ru/prokopyevsk/lada/xray/468010510.html,468010510,LADA XRAY,320000,2019,"бензин, 1.6 л",106.0,механика,передний,серебристый,64 200,2.0,левый,1 поколение,1.6 МТ Comfort,"Прокопьевск, Кемеровская область",
https://auto.drom.ru/spb/lada/xray/272216224.html,272216224,LADA XRAY,760000,2020,"бензин, 1.6 л",106.0,механика,передний,бежевый,98 300,1.0,левый,1 поколение,,Санкт-Петербург,
https://auto.drom.ru/berezovskiy-sverd/lada/xray/177755221.html,177755221,LADA XRAY,1029000,2019,"бензин, 1.6 л",106.0,механика,передний,серебристый,33 000,1.0,левый,1 поколение,1.6 МТ Classic + пакет Air Conditioner,"Берёзовский, Свердловская область",
https://auto.drom.ru/kotlas/lada/niva/749342038.html,749342038,LADA Niva,800000,2020,"бензин, 1.7 л, ГБО",80.0,механика,4WD,белый,53 000,1.0,левый,1 поколение,1.7 MT Comfort,"Котлас, Архангельская область",
https://auto.drom.ru/langepas/lada/niva/764204934.html,764204934,LADA Niva,680000,2020,"бензин, 1.7 л",80.0,механика,4WD,серый,113 000,1.0,левый,1 поколение,1.7 MT Comfort,"Лангепас, Ханты-Мансийский автономный округ",
https://auto.drom.ru/izhevsk/lada/niva/884763477.html,884763477,LADA Niva,881200,2020,"бензин, 1.7 л",80.0,механика,4WD,серый,46 690,2.0,левый,1 поколение,1.7 MT Comfort,Ижевск,
https://auto.drom.ru/rostov-na-donu/lada/niva/340074329.html,340074329,LADA Niva,749000,2020,"бензин, 1.7 л",80.0,механика,4WD,белый,200 000,2.0,левый,1 поколение,1.7 MT Luxe / Off-road,Ростов-на-Дону,
https://auto.drom.ru/yugorsk/lada/priora/444234763.html,444234763,LADA Priora,230000,2013,"бензин, 1.6 л",98.0,механика,передний,белый,312 000,,левый,1 поколение,1.6 MT Люкс 21703-23-041,"Югорск, Ханты-Мансийский автономный округ",
https://auto.drom.ru/makhachkala/lada/priora/333992690.html,333992690,LADA Priora,350000,2013,"бензин, 1.6 л",98.0,механика,передний,белый,120 000,,левый,1 поколение,1.6 MT Люкс 21703-23-041,Махачкала,
https://auto.drom.ru/sol-iletsk/lada/priora/861560046.html,861560046,LADA Priora,159000,2010,"бензин, 1.6 л",98.0,механика,передний,серый,,,левый,1 поколение,1.6 MT Норма 21723-01-021,"Соль-Илецк, Оренбургская область",
https://auto.drom.ru/grozniy/lada/priora/539480458.html,539480458,LADA Priora,800000,2015,"бензин, 1.6 л",106.0,механика,передний,,,,левый,"1 поколение, рестайлинг",,Грозный,
https://auto.drom.ru/nizhniy-novgorod/lada/priora/473415702.html,473415702,LADA Priora,199900,2010,"бензин, 1.6 л",98.0,механика,передний,зеленый,223 700,3.0,левый,1 поколение,1.6 MT Люкс 21703-23-046,Нижний Новгород,
https://auto.drom.ru/surgut/lada/priora/925311394.html,925311394,LADA Priora,320000,2012,"бензин, 1.6 л",98.0,механика,передний,белый,198 000,,левый,1 поколение,,"Сургут, Ханты-Мансийский автономный округ",
https://auto.drom.ru/ufa/lada/priora/810834085.html,810834085,LADA Priora,270000,2008,"бензин, 1.6 л",98.0,механика,передний,серебристый,200 000,3.0,левый,1 поколение,,Уфа,
https://auto.drom.ru/nizhnee-kazanishche/lada/priora/446259854.html,446259854,LADA Priora,690000,2015,"бензин, 1.6 л",106.0,механика,передний,белый,225 000,,левый,"1 поколение, рестайлинг",,"Нижнее Казанище, Республика Дагестан",
https://auto.drom.ru/smolensk/lada/priora/717398645.html,717398645,LADA Priora,280000,2010,"бензин, 1.6 л",98.0,механика,передний,зеленый,245 000,,левый,1 поколение,,Смоленск,
https://auto.drom.ru/grozniy/lada/priora/711169857.html,711169857,LADA Priora,190000,2008,"бензин, 1.6 л",98.0,механика,передний,,,,левый,1 поколение,,Грозный,
https://auto.drom.ru/feodosiya/lada/priora/498023786.html,498023786,LADA Priora,300000,2011,"бензин, 1.6 л",87.0,механика,передний,белый,206 000,,левый,1 поколение,1.6 MT Стандарт 21722-00-040,"Феодосия, Республика Крым",
https://auto.drom.ru/orenburg/lada/priora/651196342.html,651196342,LADA Priora,90000,2007,"бензин, 1.6 л",98.0,механика,передний,серый,,,левый,1 поколение,1.6 MT Норма 21703-01-021,Оренбург,
https://auto.drom.ru/cheboksary/lada/priora/121870676.html,121870676,LADA Priora,530000,2017,"бензин, 1.6 л",87.0,механика,передний,серый,99 508,1.0,левый,"1 поколение, рестайлинг",1.6 MT Стандарт 21702-40-050,Чебоксары,
https://auto.drom.ru/syzran/lada/priora/287482629.html,287482629,LADA Priora,415000,2013,"бензин, 1.6 л",98.0,механика,передний,серый,165 000,3.0,левый,"1 поколение, рестайлинг",1.6 MT Люкс 21703-33-046,"Сызрань, Самарская область",
https://auto.drom.ru/sochi/lada/priora/917706570.html,917706570,LADA Priora,769000,2017,"бензин, 1.6 л",106.0,механика,передний,серый,92 736,2.0,левый,"1 поколение, рестайлинг",,"Сочи, Краснодарский край",
https://auto.drom.ru/turinsk/lada/priora/511051466.html,511051466,LADA Priora,270000,2008,"бензин, 1.6 л",98.0,механика,передний,серый,73 000,1.0,левый,1 поколение,,"Туринск, Свердловская область",
https://auto.drom.ru/saky/lada/priora/660864165.html,660864165,LADA Priora,150000,2009,"бензин, 1.6 л, ГБО",98.0,механика,передний,,270,3.0,левый,1 поколение,,"Саки, Республика Крым",
https://auto.drom.ru/makhachkala/lada/priora/802171914.html,802171914,LADA Priora,172000,2008,"бензин, 1.6 л, ГБО",98.0,механика,передний,бордовый,385 213,2.0,левый,1 поколение,1.6 MT Люкс 21703-02-018,Махачкала,
https://auto.drom.ru/magnitogorsk/lada/priora/290248268.html,290248268,LADA Priora,265000,2008,"бензин, 1.6 л",98.0,механика,передний,серый,200 000,,левый,1 поколение,,"Магнитогорск, Челябинская область",
https://auto.drom.ru/alushta/lada/priora/206283054.html,206283054,LADA Priora,400000,2011,"бензин, 1.6 л",98.0,механика,передний,серебристый,257 680,3.0,левый,1 поколение,,"Алушта, Республика Крым",
https://auto.drom.ru/neftekamsk-bash/lada/kalina/177160604.html,177160604,LADA Kalina,479000,2014,"бензин, 1.6 л",106.0,механика,передний,,110 000,2.0,,2 поколение,,"Нефтекамск, Республика Башкортостан",
https://auto.drom.ru/stavropol/lada/kalina/726390929.html,726390929,LADA Kalina,345000,2012,"бензин, 1.4 л",89.0,механика,передний,серебристый,146 500,3.0,,1 поколение,,Ставрополь,
https://auto.drom.ru/stavropol/lada/kalina/494190296.html,494190296,LADA Kalina,460000,2010,"бензин, 1.4 л",89.0,механика,передний,белый,200 000,,,1 поколение,,Ставрополь,
https://auto.drom.ru/saransk/lada/kalina/606623517.html,606623517,LADA Kalina,210000,2011,"бензин, 1.6 л",84.0,механика,передний,белый,283 000,,,1 поколение,,Саранск,
https://auto.drom.ru/chelyabinsk/lada/kalina/424356352.html,424356352,LADA Kalina,527000,2013,"бензин, 1.6 л",98.0,АКПП,передний,оранжевый,88 050,2.0,,2 поколение,,Челябинск,
https://auto.drom.ru/rybinsk/lada/kalina/840439322.html,840439322,LADA Kalina,200000,2010,"бензин, 1.6 л",81.0,механика,передний,серый,195 000,,,1 поколение,,"Рыбинск, Ярославская область",
https://auto.drom.ru/sorochinsk/lada/kalina/781241143.html,781241143,LADA Kalina,147000,2007,"бензин, 1.6 л",81.0,механика,передний,синий,180 000,3.0,,1 поколение,,"Сорочинск, Оренбургская область",
https://auto.drom.ru/krasnoslobodsk-volg/lada/kalina/397084622.html,397084622,LADA Kalina,130000,2005,"бензин, 1.6 л",81.0,механика,передний,,,,,1 поколение,,"Краснослободск, Волгоградская область",
https://auto.drom.ru/grozniy/lada/kalina/750656401.html,750656401,LADA Kalina,200000,2005,"бензин, 1.6 л",81.0,механика,передний,,,,,1 поколение,,Грозный,
https://auto.drom.ru/ahty/lada/kalina/713555696.html,713555696,LADA Kalina,260000,2010,"бензин, 1.6 л, ГБО",96.0,механика,передний,зеленый,250 000,,,1 поколение,1.6 MT Люкс 11196-32-036,"Ахты, Республика Дагестан",
https://auto.drom.ru/dzhankoy/lada/kalina/923344336.html,923344336,LADA Kalina,300000,2006,"бензин, 1.6 л",81.0,механика,передний,серый,,,,1 поколение,1.6 MT 11183-31-040 Норма,"Джанкой, Республика Крым",
https://auto.drom.ru/velikiy-ustyug/lada/kalina/333077555.html,333077555,LADA Kalina,130000,2007,"бензин, 1.6 л",81.0,механика,передний,синий,250 000,,,1 поколение,1.6 MT 11183-30-046 Норма,"Великий Устюг, Вологодская область",
https://auto.drom.ru/stariy-oskol/lada/kalina/755218030.html,755218030,LADA Kalina,310000,2011,"бензин, 1.6 л",84.0,механика,передний,красный,110 000,2.0,,1 поколение,,"Старый Оскол, Белгородская область",
https://auto.drom.ru/zlatoust/lada/kalina/903817041.html,903817041,LADA Kalina,210000,2005,"бензин, 1.6 л, ГБО",81.0,механика,передний,голубой,200 000,,,1 поколение,1.6 MT 11183-31-040 Норма,"Златоуст, Челябинская область",
https://auto.drom.ru/chelyabinsk/lada/kalina/817349278.html,817349278,LADA Kalina,250000,2012,"бензин, 1.6 л, ГБО",81.0,механика,передний,черный,150 000,3.0,,1 поколение,,Челябинск,
https://auto.drom.ru/korkino/lada/kalina/848842869.html,848842869,LADA Kalina,165000,2012,"бензин, 1.6 л",98.0,механика,передний,черный,255 000,,,1 поколение,1.6 MT Люкс 11176-48-068,"Коркино, Челябинская область",
https://auto.drom.ru/sharypovo/lada/kalina/333753014.html,333753014,LADA Kalina,389000,2013,"бензин, 1.6 л",87.0,механика,передний,голубой,206 000,3.0,,2 поколение,1.6 MT Стандарт,"Шарыпово, Красноярский край",
https://auto.drom.ru/saratov/lada/kalina/739635757.html,739635757,LADA Kalina,670000,2015,"бензин, 1.6 л",87.0,механика,передний,красный,24 107,,,,,Саратов,
https://auto.drom.ru/zheleznogorsk-kursk/lada/kalina/456885164.html,456885164,LADA Kalina,235000,2012,"бензин, 1.6 л",82.0,механика,передний,серебристый,250 000,3.0,,1 поколение,,"Железногорск, Курская область",
https://auto.drom.ru/perm/lada/kalina/127716522.html,127716522,LADA Kalina,179000,2011,"бензин, 1.6 л",81.0,механика,передний,,193 837,,,1 поколение,,Пермь,
https://auto.drom.ru/novosibirsk/lada/2114/642659975.html,642659975,Лада 2114 Самара,330000,2012,"бензин, 1.6 л",81.0,механика,передний,синий,180 000,,левый,1 поколение,1.6 MT 21144-30-010,Новосибирск,
https://auto.drom.ru/sergiev-posad/lada/2114/795156757.html,795156757,Лада 2114 Самара,100000,2008,"бензин, 1.6 л",80.0,механика,передний,серебристый,150 000,2.0,левый,1 поколение,,"Сергиев Посад, Московская область",
https://auto.drom.ru/polevskoy/lada/2114/719900057.html,719900057,Лада 2114 Самара,400000,2012,"бензин, 1.6 л",81.0,механика,передний,белый,147 000,2.0,левый,1 поколение,1.6 MT 21144-30-010,"Полевской, Свердловская область",
https://auto.drom.ru/naberezhnye-chelny/lada/2114/930435842.html,930435842,Лада 2114 Самара,88000,2014,"бензин, 1.6 л",81.0,механика,передний,белый,158 000,,левый,1 поколение,,"Набережные Челны, Республика Татарстан",
https://auto.drom.ru/makhachkala/lada/2114/876863715.html,876863715,Лада 2114 Самара,100000,2006,"бензин, 1.5 л",77.0,механика,передний,серый,,,левый,1 поколение,1.5 MT Базовая,Махачкала,
https://auto.drom.ru/saratov/lada/2114/457111802.html,457111802,Лада 2114 Самара,265000,2013,"бензин, 1.6 л",81.0,механика,передний,черный,120 000,3.0,левый,1 поколение,,Саратов,
https://auto.drom.ru/aleksandrovskoe/lada/2114/453758368.html,453758368,Лада 2114 Самара,280000,2010,"бензин, 1.6 л",81.0,механика,передний,белый,220 000,3.0,левый,1 поколение,1.6 MT 21144-20-010,"Александровское, Ставропольский край",
https://auto.drom.ru/sochi/lada/2114/222430940.html,222430940,Лада 2114 Самара,265000,2012,"бензин, 1.6 л",81.0,механика,передний,черный,173 286,,левый,1 поколение,1.6 MT 21144-42-010,"Сочи, Краснодарский край",
https://auto.drom.ru/elektrostal/lada/2114/719725231.html,719725231,Лада 2114 Самара,100000,2008,"бензин, 1.6 л",81.0,механика,передний,зеленый,300 000,,левый,1 поколение,,"Электросталь, Московская область",
https://auto.drom.ru/dzerzhinsk/lada/2114/808942283.html,808942283,Лада 2114 Самара,80000,2009,"бензин, 1.6 л",81.0,механика,передний,черный,215 931,,левый,1 поколение,1.6 MT 21144-40-021,"Дзержинск, Нижегородская область",
https://auto.drom.ru/tyumen/lada/2114/929721666.html,929721666,Лада 2114 Самара,85000,2006,"бензин, 1.5 л",77.0,механика,передний,черный,199 999,,левый,1 поколение,1.5 MT Базовая,Тюмень,
https://auto.drom.ru/grozniy/lada/2114/364510871.html,364510871,Лада 2114 Самара,150000,2004,"бензин, 1.5 л",77.0,механика,передний,,,,левый,1 поколение,1.5 MT Базовая,Грозный,
https://auto.drom.ru/makhachkala/lada/2114/777706737.html,777706737,Лада 2114 Самара,75000,2008,"бензин, 1.6 л, ГБО",81.0,механика,передний,черный,200 000,2.0,левый,1 поколение,1.6 MT 21144-20-010,Махачкала,
https://auto.drom.ru/biysk/lada/2114/915714843.html,915714843,Лада 2114 Самара,150000,2008,бензин,,,,,256 000,3.0,левый,1 поколение,,"Бийск, Алтайский край",
https://auto.drom.ru/nytva/lada/2114/468207292.html,468207292,Лада 2114 Самара,70000,2007,"бензин, 1.6 л",80.0,механика,передний,черный,350 000,,левый,1 поколение,,"Нытва, Пермский край",
https://auto.drom.ru/samara/lada/2114/239240686.html,239240686,Лада 2114 Самара,120000,2004,"бензин, 1.5 л",77.0,механика,передний,серебристый,251 000,,левый,1 поколение,1.5 MT Базовая,Самара,
https://auto.drom.ru/moscow/lada/2114/210255703.html,210255703,Лада 2114 Самара,145000,2011,"бензин, 1.6 л",80.0,механика,передний,,200 000,3.0,левый,1 поколение,,Москва,
https://auto.drom.ru/kazan/lada/2114/599981049.html,599981049,Лада 2114 Самара,65000,2008,"бензин, 1.6 л",81.0,механика,передний,черный,220 133,,левый,1 поколение,1.6 MT 21144-20-010,Казань,
https://auto.drom.ru/grozniy/lada/2114/385500945.html,385500945,Лада 2114 Самара,105000,2011,"бензин, 1.6 л",81.0,механика,передний,,,,левый,1 поколение,,Грозный,
https://auto.drom.ru/novosibirsk/lada/2114/280314159.html,280314159,Лада 2114 Самара,270000,2013,"бензин, 1.6 л",81.0,механика,передний,синий,100 000,3.0,левый,1 поколение,,Новосибирск,
https://auto.drom.ru/moscow/lada/2115/862158145.html,862158145,Лада 2115 Самара,79150,2010,"бензин, 1.6 л",81.0,механика,передний,зеленый,222 797,3.0,левый,1 поколение,,Москва,
https://auto.drom.ru/omsk/lada/2115/647927476.html,647927476,Лада 2115 Самара,187000,2007,"бензин, 1.6 л",80.0,механика,передний,бежевый,220 000,3.0,левый,1 поколение,,Омск,
https://auto.drom.ru/baksan/lada/2115/272544358.html,272544358,Лада 2115 Самара,150000,2004,"бензин, 1.5 л",70.0,механика,передний,серебристый,111 000,,левый,1 поколение,1.5 MT Базовая,"Баксан, Кабардино-Балкарская Республика",
https://auto.drom.ru/krasnoyarsk/lada/2115/941057138.html,941057138,Лада 2115 Самара,170000,2004,"бензин, 1.5 л",76.0,механика,передний,серебристый,257 829,3.0,левый,1 поколение,1.5i MT Базовая,Красноярск,
https://auto.drom.ru/sterlitamak/lada/2115/335384589.html,335384589,Лада 2115 Самара,65000,2006,"бензин, 1.5 л",76.0,механика,передний,бежевый,250 000,3.0,левый,1 поколение,1.5i MT Базовая,"Стерлитамак, Республика Башкортостан",
https://auto.drom.ru/ulyanovsk/lada/2115/247401122.html,247401122,Лада 2115 Самара,90000,2006,"бензин, 1.5 л",76.0,механика,передний,зеленый,290 000,3.0,левый,1 поколение,1.5i MT Базовая,Ульяновск,
https://auto.drom.ru/ozery/lada/2115/346474069.html,346474069,Лада 2115 Самара,110000,2005,"бензин, 1.5 л",76.0,механика,передний,,220 000,3.0,левый,1 поколение,1.5i MT Базовая,"Озёры, Московская область",
https://auto.drom.ru/perm/lada/2115/927781270.html,927781270,Лада 2115 Самара,40000,2002,"бензин, 1.5 л",76.0,механика,передний,,200 000,,левый,1 поколение,1.5i MT Базовая,Пермь,
https://auto.drom.ru/kiselevsk/lada/2115/217200208.html,217200208,Лада 2115 Самара,145000,2002,"бензин, 1.5 л",76.0,механика,передний,серебристый,90 000,3.0,левый,1 поколение,1.5i MT Базовая,"Киселёвск, Кемеровская область",
https://auto.drom.ru/egorievsk/lada/2115/679848211.html,679848211,Лада 2115 Самара,160000,2006,"бензин, 1.5 л",76.0,механика,передний,серебристый,200 000,,левый,1 поколение,1.5i MT Базовая,"Егорьевск, Московская область",
https://auto.drom.ru/borisovka/lada/2115/225161655.html,225161655,Лада 2115 Самара,115000,2008,"бензин, 1.6 л",81.0,механика,передний,,400 000,,левый,1 поколение,,"Борисовка, Белгородская область",
https://auto.drom.ru/kurgan/lada/2115/597798052.html,597798052,Лада 2115 Самара,190000,2011,"бензин, 1.6 л",81.0,механика,передний,белый,207 421,,левый,1 поколение,1.6 MT 21154-30-010,Курган,
https://auto.drom.ru/sysert/lada/2115/871144788.html,871144788,Лада 2115 Самара,55000,2000,"бензин, 1.5 л",76.0,механика,передний,серый,255 000,,левый,1 поколение,1.5 MT Базовая,"Сысерть, Свердловская область",
https://auto.drom.ru/kimry/lada/2115/900604361.html,900604361,Лада 2115 Самара,70000,2009,"бензин, 1.6 л",80.0,механика,передний,черный,235 000,,левый,1 поколение,,"Кимры, Тверская область",
https://auto.drom.ru/korolev/lada/2115/888383141.html,888383141,Лада 2115 Самара,110000,2005,"бензин, 1.5 л",76.0,механика,передний,,210 000,,левый,1 поколение,1.5i MT Базовая,"Королёв, Московская область",
https://auto.drom.ru/chelyabinsk/lada/2115/856597430.html,856597430,Лада 2115 Самара,80000,2005,"бензин, 1.5 л",76.0,механика,передний,серебристый,100 000,3.0,левый,1 поколение,1.5i MT Базовая,Челябинск,
https://auto.drom.ru/bogorodsk/lada/2115/753784987.html,753784987,Лада 2115 Самара,225000,2011,"бензин, 1.6 л",81.0,механика,передний,серый,222 000,3.0,левый,1 поколение,,"Богородск, Нижегородская область",
https://auto.drom.ru/ufa/lada/2115/420167899.html,420167899,Лада 2115 Самара,65000,2007,"бензин, 1.6 л",81.0,механика,передний,черный,100 000,3.0,левый,1 поколение,,Уфа,
https://auto.drom.ru/omsk/lada/2115/504520220.html,504520220,Лада 2115 Самара,235000,2011,"бензин, 1.6 л",81.0,механика,передний,черный,136 000,3.0,левый,1 поколение,,Омск,
https://auto.drom.ru/millerovo/lada/2115/907842857.html,907842857,Лада 2115 Самара,200000,2006,"бензин, 1.5 л",76.0,механика,передний,зеленый,168 000,3.0,левый,1 поколение,1.5i MT Базовая,"Миллерово, Ростовская область",
https://auto.drom.ru/ulyanovsk/lada/2107/250687951.html,250687951,Лада 2107,99000,2009,"бензин, 1.6 л",74.0,механика,задний,зеленый,120 000,,,1 поколение,1.6 MT 21074-40-015,Ульяновск,
https://auto.drom.ru/voronezh/lada/2107/509462011.html,509462011,Лада 2107,335000,2011,"бензин, 1.6 л",73.0,механика,задний,серебристый,36 327,,,,,Воронеж,
https://auto.drom.ru/holmskaya/lada/2107/858116713.html,858116713,Лада 2107,85000,1992,"бензин, 1.3 л",64.0,механика,задний,красный,60 000,,,1 поколение,1.3 MT 21072,"Холмская, Краснодарский край",
https://auto.drom.ru/snezhinsk/lada/2107/829281193.html,829281193,Лада 2107,110000,2010,"бензин, 1.6 л",72.0,механика,задний,серебристый,180 000,,,1 поколение,,"Снежинск, Челябинская область",
https://auto.drom.ru/khanty-mansiysk/lada/2107/204199596.html,204199596,Лада 2107,125000,2004,"бензин, 1.6 л",74.0,механика,задний,белый,103 000,,,1 поколение,,Ханты-Мансийск,
https://auto.drom.ru/krasnodar/lada/2107/777345842.html,777345842,Лада 2107,250000,2006,"бензин, 1.6 л, ГБО",74.0,механика,задний,белый,110 000,,,1 поколение,1.6 MT 21074-30-011,Краснодар,
https://auto.drom.ru/pereslavl-zalesskiy/lada/2107/191352488.html,191352488,Лада 2107,35000,2008,"бензин, 1.6 л",76.0,механика,задний,коричневый,89 665,,,1 поколение,1.6 MT 21074,"Переславль-Залесский, Ярославская область",
https://auto.drom.ru/astrahan/lada/2107/245537501.html,245537501,Лада 2107,120000,2011,"бензин, 1.6 л",74.0,механика,задний,серебристый,100 000,,,1 поколение,1.6 MT 21074-40-013 Стандарт,Астрахань,
https://auto.drom.ru/lermontov/lada/2107/559467798.html,559467798,Лада 2107,125000,2000,"бензин, 1.6 л",75.0,механика,задний,белый,222 224,2.0,,1 поколение,1.6 MT 21074,"Лермонтов, Ставропольский край",
https://auto.drom.ru/stavropol/lada/2107/169154849.html,169154849,Лада 2107,75000,2005,"бензин, 1.6 л",74.0,механика,задний,зеленый,,,,1 поколение,1.6 MT 21074-30-011,Ставрополь,
https://auto.drom.ru/tula/lada/2107/811914508.html,811914508,Лада 2107,169000,2008,"бензин, 1.6 л",72.0,механика,задний,,150 000,,,1 поколение,,Тула,
https://auto.drom.ru/rostov-na-donu/lada/2107/350901289.html,350901289,Лада 2107,180000,2005,"бензин, 1.6 л",74.0,механика,задний,бордовый,110 000,,,1 поколение,1.6 MT 21074-30-011,Ростов-на-Дону,
https://auto.drom.ru/omsk/lada/2107/116776992.html,116776992,Лада 2107,135000,2009,"бензин, 1.6 л",72.0,механика,задний,зеленый,157 000,,,1 поколение,1.6 MT 21074-30-013 Стандарт,Омск,
https://auto.drom.ru/plast/lada/2107/132164233.html,132164233,Лада 2107,75000,2006,"бензин, 1.6 л",74.0,механика,задний,белый,120 000,2.0,,1 поколение,,"Пласт, Челябинская область",
https://auto.drom.ru/moscow/lada/2107/604625808.html,604625808,Лада 2107,200000,2005,"бензин, 1.5 л",68.0,механика,задний,бордовый,65 000,2.0,,1 поколение,,Москва,
https://auto.drom.ru/derbent/lada/2107/792785748.html,792785748,Лада 2107,200000,2010,"бензин, 1.6 л",72.0,механика,задний,белый,146 000,,,1 поколение,,"Дербент, Республика Дагестан",
https://auto.drom.ru/makhachkala/lada/2107/111004746.html,111004746,Лада 2107,40000,2008,"бензин, 1.6 л",74.0,механика,задний,зеленый,,,,1 поколение,,Махачкала,
https://auto.drom.ru/mihaylovsk-stavropol/lada/2107/286931252.html,286931252,Лада 2107,160000,2007,"бензин, 1.6 л",74.0,механика,задний,зеленый,37 280,,,1 поколение,,"Михайловск, Ставропольский край",
https://auto.drom.ru/omsk/lada/2107/486569109.html,486569109,Лада 2107,285000,2011,"бензин, 1.6 л",74.0,механика,задний,серебристый,80 000,,,1 поколение,,Омск,
https://auto.drom.ru/zheleznovodsk/lada/2107/865665901.html,865665901,Лада 2107,130000,2004,"бензин, 1.6 л",74.0,механика,задний,белый,86 000,3.0,,1 поколение,1.6 MT 21074-30-013 Стандарт,"Железноводск, Ставропольский край",
https://auto.drom.ru/omsk/lada/2106/590318896.html,590318896,Лада 2106,100000,1997,"бензин, 1.6 л",75.0,механика,задний,белый,82 000,,левый,1 поколение,,Омск,
https://auto.drom.ru/kerch/lada/2106/422900613.html,422900613,Лада 2106,65000,1983,"бензин, 1.5 л",72.0,механика,задний,желтый,2 200,2.0,левый,1 поколение,1.5 MT4 21061,"Керчь, Республика Крым",
https://auto.drom.ru/makhachkala/lada/2106/904454291.html,904454291,Лада 2106,115000,1986,"бензин, 1.3 л, ГБО",64.0,механика,задний,бежевый,75 000,,левый,1 поколение,1.3 MT 21063,Махачкала,
https://auto.drom.ru/chelyabinsk/lada/2106/289594350.html,289594350,Лада 2106,50000,1986,"бензин, 1.6 л",75.0,механика,задний,зеленый,185 000,1.0,левый,1 поколение,1.6 MT4 2106,Челябинск,
https://auto.drom.ru/omsk/lada/2106/331537872.html,331537872,Лада 2106,83000,1995,"бензин, 1.6 л",75.0,механика,задний,красный,77 000,,левый,1 поколение,1.6 MT 21065,Омск,
https://auto.drom.ru/barabinsk/lada/2106/835417693.html,835417693,Лада 2106,101000,1993,"бензин, 1.3 л",64.0,механика,задний,бежевый,44 000,1.0,левый,1 поколение,1.3 MT 21063,"Барабинск, Новосибирская область",
https://auto.drom.ru/irkutsk/lada/2106/297935773.html,297935773,Лада 2106,160000,1975,"бензин, 1.2 л",,механика,задний,синий,44 089,2.0,левый,1 поколение,,Иркутск,
https://auto.drom.ru/irkutsk/lada/2106/183193724.html,183193724,Лада 2106,80000,2003,"бензин, 1.6 л",75.0,механика,задний,синий,99 999,,левый,1 поколение,,Иркутск,
https://auto.drom.ru/novosibirsk/lada/2106/295810942.html,295810942,Лада 2106,80000,1999,"бензин, 1.3 л",64.0,механика,задний,белый,80 000,2.0,левый,1 поколение,1.3 MT 21063,Новосибирск,
https://auto.drom.ru/moscow/lada/2106/277242757.html,277242757,Лада 2106,230000,1985,"бензин, 1.6 л",75.0,механика,задний,зеленый,60 000,2.0,левый,1 поколение,1.6 MT4 2106,Москва,
https://auto.drom.ru/astrahan/lada/2106/820884798.html,820884798,Лада 2106,140000,1987,"бензин, 1.3 л",64.0,механика,задний,зеленый,150 450,3.0,левый,1 поколение,1.3 MT 21063,Астрахань,
https://auto.drom.ru/baksan/lada/2106/382365908.html,382365908,Лада 2106,220000,1998,"бензин, 1.5 л",72.0,механика,задний,серый,95 000,,левый,1 поколение,,"Баксан, Кабардино-Балкарская Республика",
https://auto.drom.ru/chany/lada/2106/213515519.html,213515519,Лада 2106,135000,1994,"бензин, 1.5 л",72.0,механика,задний,бежевый,52 027,3.0,левый,1 поколение,1.5 MT4 21061,"Чаны, Новосибирская область",
https://auto.drom.ru/samara/lada/2106/889598289.html,889598289,Лада 2106,154999,1998,"бензин, 1.5 л",72.0,механика,задний,белый,138 000,3.0,левый,1 поколение,,Самара,
https://auto.drom.ru/petrozavodsk/lada/2106/464439239.html,464439239,Лада 2106,80000,2000,"бензин, 1.6 л",75.0,механика,задний,желтый,73 000,1.0,левый,1 поколение,,Петрозаводск,
https://auto.drom.ru/kiselevsk/lada/2106/654770697.html,654770697,Лада 2106,100000,2004,"бензин, 1.6 л",75.0,механика,задний,бордовый,52 620,2.0,левый,1 поколение,,"Киселёвск, Кемеровская область",
https://auto.drom.ru/cheremhovo/lada/2106/129105562.html,129105562,Лада 2106,130000,1991,"бензин, 1.5 л",72.0,механика,задний,черный,140 000,,левый,1 поколение,1.5 MT5 21061,"Черемхово, Иркутская область",
https://auto.drom.ru/iskitim/lada/2106/278778341.html,278778341,Лада 2106,83000,1999,"бензин, 1.5 л",72.0,механика,задний,белый,50 000,1.0,левый,1 поколение,,"Искитим, Новосибирская область",
https://auto.drom.ru/ulan-ude/lada/2106/772904451.html,772904451,Лада 2106,70000,1990,"бензин, 1.3 л",64.0,механика,задний,красный,70 000,3.0,левый,1 поколение,1.3 MT 21063,Улан-Удэ,
https://auto.drom.ru/rostov-na-donu/lada/2106/456708740.html,456708740,Лада 2106,75000,2001,"бензин, 1.6 л",75.0,механика,задний,белый,200 000,3.0,левый,1 поколение,,Ростов-на-Дону,
https://auto.drom.ru/miass/renault/logan/500313896.html,500313896,Рено Логан,230000,2006,"бензин, 1.4 л",75.0,механика,передний,серый,266 000,3.0,левый,1 поколение,1.4 MT Expression,"Миасс, Челябинская область",
https://auto.drom.ru/moscow/renault/logan/116618323.html,116618323,Рено Логан,690000,2013,"бензин, 1.6 л",84.0,механика,передний,черный,178 007,1.0,левый,"1 поколение, рестайлинг",,Москва,
https://auto.drom.ru/yanaul/renault/logan/324900453.html,324900453,Рено Логан,180000,2006,"бензин, 1.6 л",90.0,механика,передний,черный,300 000,,левый,1 поколение,,"Янаул, Республика Башкортостан",
https://auto.drom.ru/ufa/renault/logan/324036091.html,324036091,Рено Логан,280000,2013,"бензин, 1.4 л, ГБО",75.0,механика,передний,белый,174 000,,левый,"1 поколение, рестайлинг",,Уфа,
https://auto.drom.ru/shuya/renault/logan/179100878.html,179100878,Рено Логан,480000,2017,"бензин, 1.6 л, ГБО",82.0,механика,передний,белый,239 879,2.0,левый,2 поколение,1.6 MT Access,"Шуя, Ивановская область",
https://auto.drom.ru/novorossiysk/renault/logan/466232481.html,466232481,Рено Логан,370000,2011,"бензин, 1.6 л",103.0,АКПП,передний,белый,264 000,3.0,левый,"1 поколение, рестайлинг",,"Новороссийск, Краснодарский край",
https://auto.drom.ru/birsk/renault/logan/518090307.html,518090307,Рено Логан,832000,2020,"бензин, 1.6 л",82.0,механика,передний,белый,129 000,2.0,левый,"2 поколение, рестайлинг",,"Бирск, Республика Башкортостан",
https://auto.drom.ru/podolsk/renault/logan/340210158.html,340210158,Рено Логан,850000,2015,"бензин, 1.6 л",82.0,робот,передний,серый,57 000,3.0,левый,2 поколение,,"Подольск, Московская область",
https://auto.drom.ru/moscow/renault/logan/918302226.html,918302226,Рено Логан,290000,2017,"бензин, 1.6 л, ГБО",82.0,механика,передний,белый,375 000,,левый,2 поколение,1.6 MT Access,Москва,
https://auto.drom.ru/himki/renault/logan/718271566.html,718271566,Рено Логан,997000,2019,"бензин, 1.6 л",102.0,АКПП,передний,белый,138 450,1.0,левый,"2 поколение, рестайлинг",,"Химки, Московская область",
https://auto.drom.ru/mytishchi/renault/logan/636946236.html,636946236,Рено Логан,590000,2011,"бензин, 1.6 л",84.0,механика,передний,бежевый,85 000,1.0,левый,"1 поколение, рестайлинг",,"Мытищи, Московская область",
https://auto.drom.ru/bryansk/renault/logan/736572991.html,736572991,Рено Логан,600000,2016,"бензин, 1.6 л",82.0,механика,передний,,,2.0,левый,2 поколение,,Брянск,
https://auto.drom.ru/spb/renault/logan/482963839.html,482963839,Рено Логан,118000,2005,"бензин, 1.4 л",75.0,механика,передний,зеленый,401 500,,левый,1 поколение,,Санкт-Петербург,
https://auto.drom.ru/volzhskiy/renault/logan/634853002.html,634853002,Рено Логан,145000,2007,"бензин, 1.6 л",90.0,механика,передний,серый,300 000,,левый,1 поколение,,"Волжский, Волгоградская область",
https://auto.drom.ru/kazan/renault/logan/521220133.html,521220133,Рено Логан,300000,2009,"бензин, 1.6 л",87.0,механика,передний,черный,212 000,3.0,левый,1 поколение,1.6 MT Privilege,Казань,
https://auto.drom.ru/rostov-na-donu/renault/logan/366988394.html,366988394,Рено Логан,940000,2017,"бензин, 1.6 л",102.0,АКПП,передний,белый,63 000,1.0,левый,2 поколение,1.6 AT Active,Ростов-на-Дону,
https://auto.drom.ru/spb/renault/logan/428356869.html,428356869,Рено Логан,639000,2015,"бензин, 1.6 л",102.0,механика,передний,синий,210 000,2.0,левый,2 поколение,1.6 MT Luxe Privilege,Санкт-Петербург,
https://auto.drom.ru/ekaterinburg/renault/logan/671332422.html,671332422,Рено Логан,400000,2010,"бензин, 1.4 л",75.0,механика,передний,белый,389 000,,левый,"1 поколение, рестайлинг",,Екатеринбург,
https://auto.drom.ru/ufa/renault/logan/487826511.html,487826511,Рено Логан,279000,2018,"бензин, 1.6 л",82.0,механика,передний,,60 000,,левый,2 поколение,,Уфа,
https://auto.drom.ru/kostroma/renault/logan/509095566.html,509095566,Рено Логан,380000,2013,"бензин, 1.4 л",75.0,механика,передний,серебристый,204 000,3.0,левый,"1 поколение, рестайлинг",1.4 MT Ambience,Кострома,
https://auto.drom.ru/surgut/renault/sandero/659093822.html,659093822,Рено Сандеро,730350,2019,"бензин, 1.6 л",82.0,механика,передний,белый,93 379,1.0,левый,"2 поколение, рестайлинг",,"Сургут, Ханты-Мансийский автономный округ",
https://auto.drom.ru/spb/renault/sandero/574611088.html,574611088,Рено Сандеро,549585,2012,"бензин, 1.6 л",84.0,механика,передний,синий,195 877,2.0,левый,1 поколение,,Санкт-Петербург,
https://auto.drom.ru/ufa/renault/sandero/758572919.html,758572919,Рено Сандеро,1310000,2021,"бензин, 1.6 л",102.0,АКПП,передний,синий,77 777,1.0,левый,"2 поколение, рестайлинг",1.6 AT Life,Уфа,
https://auto.drom.ru/surgut/renault/sandero/917301803.html,917301803,Рено Сандеро,749000,2018,"бензин, 1.6 л",102.0,АКПП,передний,синий,65 000,2.0,левый,"2 поколение, рестайлинг",1.6 AT Life,"Сургут, Ханты-Мансийский автономный округ",
https://auto.drom.ru/kazan/renault/sandero/243565254.html,243565254,Рено Сандеро,834000,2018,"бензин, 1.6 л",82.0,механика,передний,бежевый,91 589,1.0,левый,2 поколение,,Казань,
https://auto.drom.ru/spb/renault/sandero/620226543.html,620226543,Рено Сандеро,530000,2014,"бензин, 1.4 л",75.0,механика,передний,черный,108 000,,левый,1 поколение,,Санкт-Петербург,
https://auto.drom.ru/samara/renault/sandero/713676527.html,713676527,Рено Сандеро,380000,2011,"бензин, 1.4 л",75.0,механика,передний,бежевый,178 000,3.0,левый,1 поколение,,Самара,
https://auto.drom.ru/simferopol/renault/sandero/196076483.html,196076483,Рено Сандеро,470000,2010,"бензин, 1.4 л",75.0,механика,передний,синий,160 000,2.0,левый,1 поколение,,Симферополь,
https://auto.drom.ru/kazan/renault/sandero/219118075.html,219118075,Рено Сандеро,1150000,2017,"бензин, 1.6 л",102.0,АКПП,передний,черный,112 558,2.0,левый,2 поколение,1.6 AT Privilege,Казань,
https://auto.drom.ru/spb/renault/sandero/481004634.html,481004634,Рено Сандеро,1119000,2018,"бензин, 1.6 л",82.0,механика,передний,красный,50 000,2.0,левый,2 поколение,1.6 MT Confort,Санкт-Петербург,
https://auto.drom.ru/ulyanovsk/renault/sandero/489744410.html,489744410,Рено Сандеро,452000,2011,"бензин, 1.4 л",75.0,механика,передний,черный,196 842,3.0,левый,1 поколение,1.4 MT Expression,Ульяновск,
https://auto.drom.ru/moscow/renault/sandero/431494943.html,431494943,Рено Сандеро,1525000,2022,"бензин, 1.6 л",113.0,механика,передний,белый,13 800,,левый,,,Москва,
https://auto.drom.ru/cheboksary/renault/sandero/801725725.html,801725725,Рено Сандеро,500000,2013,"бензин, 1.6 л",84.0,механика,передний,белый,236 812,2.0,левый,1 поколение,1.6 MT Expression,Чебоксары,
https://auto.drom.ru/ufa/renault/sandero/411966816.html,411966816,Рено Сандеро,325000,2012,"бензин, 1.6 л",84.0,механика,передний,бежевый,145 000,3.0,левый,1 поколение,,Уфа,
https://auto.drom.ru/voronezh/renault/sandero/134082549.html,134082549,Рено Сандеро,749000,2013,"бензин, 1.6 л",84.0,механика,передний,бежевый,69 638,1.0,левый,1 поколение,,Воронеж,
https://auto.drom.ru/volokolamsk/renault/sandero/756110764.html,756110764,Рено Сандеро,420000,2010,"бензин, 1.6 л",84.0,механика,передний,бежевый,310 000,1.0,левый,1 поколение,1.6 MT Expression,"Волоколамск, Московская область",
https://auto.drom.ru/uchaly/renault/sandero/297056899.html,297056899,Рено Сандеро,1280000,2019,"бензин, 1.6 л",113.0,механика,передний,черный,15 300,2.0,левый,"2 поколение, рестайлинг",,"Учалы, Республика Башкортостан",
https://auto.drom.ru/spb/renault/sandero/706199432.html,706199432,Рено Сандеро,780000,2015,"бензин, 1.6 л",82.0,робот,передний,золотистый,133 000,,левый,2 поколение,1.6 AMT Confort,Санкт-Петербург,
https://auto.drom.ru/spb/renault/sandero/727256877.html,727256877,Рено Сандеро,359000,2013,"бензин, 1.6 л",84.0,механика,передний,синий,311 000,3.0,левый,1 поколение,1.6 MT Prestige,Санкт-Петербург,
https://auto.drom.ru/krasnoyarsk/renault/sandero/154031504.html,154031504,Рено Сандеро,250000,2011,"бензин, 1.6 л",84.0,механика,передний,черный,200 000,1.0,левый,1 поколение,,Красноярск,
https://auto.drom.ru/barnaul/renault/duster/293010385.html,293010385,Рено Дастер,1400000,2015,"бензин, 2.0 л",143.0,АКПП,4WD,коричневый,101 000,2.0,левый,"1 поколение, рестайлинг",2.0 AT 4x4 Luxe Privilege,Барнаул,
https://auto.drom.ru/syktyvkar/renault/duster/343064590.html,343064590,Рено Дастер,2049000,2021,"бензин, 2.0 л",143.0,механика,4WD,серый,108 686,,левый,,,Сыктывкар,
https://auto.drom.ru/tula/renault/duster/160461639.html,160461639,Рено Дастер,997000,2013,"бензин, 2.0 л",135.0,механика,4WD,коричневый,128 335,1.0,левый,1 поколение,2.0 MT 4x4 Privilege,Тула,
https://auto.drom.ru/moscow/renault/duster/484781635.html,484781635,Рено Дастер,700000,2017,"бензин, 1.6 л",114.0,механика,передний,белый,135 000,2.0,левый,"1 поколение, рестайлинг",1.6 MT 4x2 Authentique,Москва,
https://auto.drom.ru/stavropol/renault/duster/741195505.html,741195505,Рено Дастер,760000,2012,"дизель, 1.5 л",90.0,механика,4WD,коричневый,120 000,3.0,левый,1 поколение,,Ставрополь,
https://auto.drom.ru/izhevsk/renault/duster/288948855.html,288948855,Рено Дастер,1130000,2017,"бензин, 2.0 л",143.0,механика,4WD,черный,106 937,1.0,левый,"1 поколение, рестайлинг",2.0 MT 4x4 Privilege,Ижевск,
https://auto.drom.ru/volgograd/renault/duster/397291368.html,397291368,Рено Дастер,1299000,2017,"бензин, 2.0 л",143.0,механика,4WD,белый,129 500,,левый,"1 поколение, рестайлинг",,Волгоград,
https://auto.drom.ru/voronezh/renault/duster/437953555.html,437953555,Рено Дастер,949000,2016,"бензин, 1.6 л",114.0,механика,передний,серый,202 431,1.0,левый,"1 поколение, рестайлинг",,Воронеж,
https://auto.drom.ru/minsk/renault/duster/735194882.html,735194882,Рено Дастер,877000,2014,"бензин, 2.0 л",135.0,механика,4WD,черный,186 642,,левый,1 поколение,,Минск,
https://auto.drom.ru/vologda/renault/duster/593781569.html,593781569,Рено Дастер,360000,2013,"бензин, 1.6 л",102.0,механика,передний,синий,,1.0,левый,1 поколение,,Вологда,
https://auto.drom.ru/minsk/renault/duster/347015256.html,347015256,Рено Дастер,1119000,2018,"бензин, 2.0 л",143.0,механика,4WD,черный,181 785,,левый,"1 поколение, рестайлинг",,Минск,
https://auto.drom.ru/volgograd/renault/duster/334289333.html,334289333,Рено Дастер,939000,2012,"бензин, 2.0 л",135.0,механика,4WD,черный,175 082,,левый,1 поколение,,Волгоград,
https://auto.drom.ru/novoaltaysk/renault/duster/742821579.html,742821579,Рено Дастер,1100000,2016,"бензин, 2.0 л",143.0,АКПП,4WD,серебристый,220 540,,левый,"1 поколение, рестайлинг",2.0 AT 4x4 Luxe Privilege,"Новоалтайск, Алтайский край",
https://auto.drom.ru/kazan/renault/duster/265806188.html,265806188,Рено Дастер,1420000,2020,"бензин, 2.0 л",143.0,механика,4WD,белый,145 760,2.0,левый,,,Казань,
https://auto.drom.ru/nizhniy-novgorod/renault/duster/587208276.html,587208276,Рено Дастер,2700000,2021,"бензин, 2.0 л",143.0,механика,4WD,коричневый,13 000,1.0,левый,2 поколение,2.0 MT 4x4 Drive,Нижний Новгород,
https://auto.drom.ru/kurgan/renault/duster/616003671.html,616003671,Рено Дастер,799000,2012,"бензин, 2.0 л",135.0,механика,4WD,серебристый,240 000,1.0,левый,1 поколение,2.0 MT 4x4 Luxe Privilege,Курган,
https://auto.drom.ru/omsk/renault/duster/233199221.html,233199221,Рено Дастер,800000,2012,"бензин, 2.0 л",135.0,АКПП,передний,черный,190 000,3.0,левый,1 поколение,,Омск,
https://auto.drom.ru/belgorod/renault/duster/825126084.html,825126084,Рено Дастер,1200000,2016,"бензин, 1.6 л",114.0,механика,4WD,коричневый,156 000,2.0,левый,"1 поколение, рестайлинг",1.6 MT 4x4 Dakar Edition,Белгород,
https://auto.drom.ru/kartaly/renault/duster/348551594.html,348551594,Рено Дастер,1150000,2020,"дизель, 1.5 л",109.0,механика,4WD,серый,305 000,1.0,левый,"1 поколение, рестайлинг",,"Карталы, Челябинская область",
https://auto.drom.ru/saratov/renault/duster/225177770.html,225177770,Рено Дастер,2150000,2022,"дизель, 1.5 л",109.0,механика,4WD,,30 000,2.0,левый,2 поколение,1.5 dCi MT 4x4 Style,Саратов,
https://auto.drom.ru/kaluga/renault/kaptur/509361838.html,509361838,Рено Каптур,1210000,2017,"бензин, 1.6 л",114.0,вариатор,передний,оранжевый,124 378,1.0,левый,1 поколение,1.6 CVT Style,Калуга,
https://auto.drom.ru/nizhniy-novgorod/renault/kaptur/553219251.html,553219251,Рено Каптур,1700000,2021,"бензин, 1.6 л",114.0,вариатор,передний,серый,56 768,,левый,"1 поколение, рестайлинг",1.6 CVT 4х2 Style,Нижний Новгород,
https://auto.drom.ru/moscow/renault/kaptur/152747453.html,152747453,Рено Каптур,1349000,2019,"бензин, 2.0 л",143.0,механика,4WD,коричневый,110 280,2.0,левый,1 поколение,,Москва,
https://auto.drom.ru/orenburg/renault/kaptur/120924628.html,120924628,Рено Каптур,1130000,2019,"бензин, 1.6 л",114.0,вариатор,передний,белый,136 732,2.0,левый,1 поколение,1.6 CVT Life,Оренбург,
https://auto.drom.ru/praskoveya/renault/kaptur/834559763.html,834559763,Рено Каптур,1700000,2021,"бензин, 1.6 л",114.0,механика,передний,белый,93 000,1.0,левый,"1 поколение, рестайлинг",,"Прасковея, Ставропольский край",
https://auto.drom.ru/kirov/renault/kaptur/740353581.html,740353581,Рено Каптур,1235000,2017,"бензин, 1.6 л",114.0,вариатор,передний,белый,121 640,,левый,1 поколение,,Киров,
https://auto.drom.ru/kursk/renault/kaptur/292221680.html,292221680,Рено Каптур,1200000,2017,"бензин, 1.6 л",114.0,вариатор,передний,оранжевый,148 372,3.0,левый,1 поколение,1.6 CVT Life,Курск,
https://auto.drom.ru/perm/renault/kaptur/819775206.html,819775206,Рено Каптур,1250000,2019,"бензин, 1.6 л",114.0,вариатор,передний,серый,139 000,1.0,левый,1 поколение,1.6 CVT Style,Пермь,
https://auto.drom.ru/ulyanovsk/renault/kaptur/620900925.html,620900925,Рено Каптур,1385000,2021,"бензин, 1.6 л",114.0,вариатор,передний,белый,54 500,1.0,левый,"1 поколение, рестайлинг",1.6 CVT 4х2 Life,Ульяновск,
https://auto.drom.ru/yaroslavl/renault/kaptur/935937349.html,935937349,Рено Каптур,1500000,2019,"бензин, 2.0 л",143.0,механика,4WD,серый,186 282,,левый,1 поколение,2.0 MT 4WD Extreme,Ярославль,
https://auto.drom.ru/naberezhnye-chelny/renault/kaptur/749076258.html,749076258,Рено Каптур,1700000,2021,"бензин, 1.6 л",114.0,вариатор,передний,белый,44 100,1.0,левый,"1 поколение, рестайлинг",1.6 CVT 4х2 Style,"Набережные Челны, Республика Татарстан",
https://auto.drom.ru/severo-eniseyskiy/renault/kaptur/319301319.html,319301319,Рено Каптур,1490000,2019,"бензин, 2.0 л",143.0,АКПП,4WD,серый,93 000,1.0,левый,1 поколение,2.0 AT 4WD Style,"Северо-Енисейский, Красноярский край",
https://auto.drom.ru/moscow/renault/kaptur/515634335.html,515634335,Рено Каптур,1539000,2018,"бензин, 2.0 л",143.0,механика,4WD,черный,128 558,1.0,левый,1 поколение,2.0 MT 4WD Extreme,Москва,
https://auto.drom.ru/anapa/renault/kaptur/814401122.html,814401122,Рено Каптур,1050000,2016,"бензин, 1.6 л",114.0,вариатор,передний,белый,220 000,1.0,левый,1 поколение,1.6 CVT Style,"Анапа, Краснодарский край",
https://auto.drom.ru/moscow/renault/kaptur/156033870.html,156033870,Рено Каптур,1315000,2018,"бензин, 1.6 л",114.0,вариатор,передний,коричневый,113 284,2.0,левый,1 поколение,1.6 CVT Extreme,Москва,
https://auto.drom.ru/ekaterinburg/renault/kaptur/213767444.html,213767444,Рено Каптур,1575000,2020,"бензин, 1.3 л",149.0,вариатор,передний,белый,134 630,1.0,левый,"1 поколение, рестайлинг",1.3 TCe 150 CVT 4х2 Drive,Екатеринбург,
https://auto.drom.ru/rostov-na-donu/renault/kaptur/179074427.html,179074427,Рено Каптур,1299000,2019,"бензин, 2.0 л",143.0,АКПП,4WD,белый,220 081,1.0,левый,1 поколение,,Ростов-на-Дону,
https://auto.drom.ru/ufa/renault/kaptur/316065185.html,316065185,Рено Каптур,1750000,2019,"бензин, 2.0 л",143.0,механика,4WD,белый,56 667,1.0,левый,1 поколение,2.0 MT 4WD Drive,Уфа,
https://auto.drom.ru/serov/renault/kaptur/485065211.html,485065211,Рено Каптур,1450000,2016,"бензин, 1.6 л",114.0,вариатор,передний,белый,147 146,2.0,левый,1 поколение,,"Серов, Свердловская область",
https://auto.drom.ru/moscow/renault/kaptur/763125616.html,763125616,Рено Каптур,1425000,2020,"бензин, 1.6 л",114.0,вариатор,передний,красный,78 186,1.0,левый,1 поколение,1.6 CVT Life,Москва,
https://auto.drom.ru/kemerovo/renault/arkana/706735764.html,706735764,Рено Аркана,1369000,2019,"бензин, 1.3 л",149.0,вариатор,передний,черный,81 017,3.0,левый,1 поколение,1.3 TCe 150 CVT 4x2 Style,Кемерово,
https://auto.drom.ru/kazan/renault/arkana/707067145.html,707067145,Рено Аркана,1364900,2019,"бензин, 1.3 л",149.0,вариатор,передний,коричневый,178 485,2.0,левый,1 поколение,,Казань,
https://auto.drom.ru/bratsk/renault/arkana/646328267.html,646328267,Рено Аркана,1785000,2020,"бензин, 1.6 л",114.0,механика,4WD,серый,62 500,2.0,левый,1 поколение,1.6 MT 4x4 Drive,"Братск, Иркутская область",
https://auto.drom.ru/naberezhnye-chelny/renault/arkana/232064784.html,232064784,Рено Аркана,1290000,2021,"бензин, 1.6 л",114.0,вариатор,передний,белый,70 000,1.0,левый,1 поколение,,"Набережные Челны, Республика Татарстан",
https://auto.drom.ru/moscow/renault/arkana/683464735.html,683464735,Рено Аркана,1789999,2020,"бензин, 1.6 л",114.0,вариатор,передний,красный,77 000,1.0,левый,1 поколение,1.6 CVT 4x2 Style,Москва,
https://auto.drom.ru/kazan/renault/arkana/499003239.html,499003239,Рено Аркана,1515200,2021,"бензин, 1.6 л",114.0,вариатор,передний,коричневый,92 464,2.0,левый,1 поколение,,Казань,
https://auto.drom.ru/spb/renault/arkana/290008665.html,290008665,Рено Аркана,1899000,2022,"бензин, 1.6 л",114.0,механика,4WD,синий,24 729,1.0,левый,1 поколение,1.6 MT 4x4 Drive,Санкт-Петербург,
https://auto.drom.ru/novosibirsk/renault/arkana/901559179.html,901559179,Рено Аркана,1455000,2020,"бензин, 1.3 л",149.0,вариатор,передний,серебристый,118 306,1.0,левый,1 поколение,1.3 TCe 150 CVT 4x2 Style,Новосибирск,
https://auto.drom.ru/chernogorsk/renault/arkana/525022048.html,525022048,Рено Аркана,1660000,2019,"бензин, 1.6 л",114.0,вариатор,передний,серый,78 000,1.0,левый,1 поколение,1.6 CVT 4x2 Drive,"Черногорск, Республика Хакасия",
https://auto.drom.ru/ufa/renault/fluence/605404704.html,605404704,Рено Флуенс,550000,2011,"бензин, 1.6 л",106.0,АКПП,передний,черный,175 000,3.0,левый,1 поколение,1.6 AT Expression,Уфа,
https://auto.drom.ru/barnaul/renault/fluence/534940738.html,534940738,Рено Флуенс,439000,2011,"бензин, 1.6 л",106.0,АКПП,передний,белый,256 694,3.0,левый,1 поколение,,Барнаул,
https://auto.drom.ru/chelyabinsk/renault/fluence/776984517.html,776984517,Рено Флуенс,689000,2013,"бензин, 1.6 л",106.0,механика,передний,серый,308 633,,левый,1 поколение,,Челябинск,
https://auto.drom.ru/nizhnekamsk/renault/fluence/466977550.html,466977550,Рено Флуенс,499000,2011,"бензин, 1.6 л",106.0,механика,передний,красный,275 000,2.0,левый,1 поколение,,"Нижнекамск, Республика Татарстан",
https://auto.drom.ru/togliatti/renault/fluence/867806399.html,867806399,Рено Флуенс,550000,2010,"бензин, 2.0 л",137.0,вариатор,передний,серый,170 000,3.0,левый,1 поколение,,"Тольятти, Самарская область",
https://auto.drom.ru/voronezh/renault/fluence/908470904.html,908470904,Рено Флуенс,899000,2012,"бензин, 1.6 л",106.0,механика,передний,серый,107 420,1.0,левый,1 поколение,,Воронеж,
https://auto.drom.ru/krasnodar/renault/fluence/734561479.html,734561479,Рено Флуенс,750000,2014,"бензин, 1.6 л",114.0,вариатор,передний,белый,152 000,2.0,левый,"1 поколение, рестайлинг",1.6 CVT Expression,Краснодар,
https://auto.drom.ru/stavropol/renault/fluence/932411796.html,932411796,Рено Флуенс,340000,2010,"бензин, 1.6 л, ГБО",106.0,АКПП,передний,серый,378 000,,левый,1 поколение,1.6 AT Expression,Ставрополь,
https://auto.drom.ru/novosibirsk/renault/fluence/853340567.html,853340567,Рено Флуенс,650000,2012,"бензин, 1.6 л",106.0,механика,передний,белый,47 000,2.0,левый,1 поколение,,Новосибирск,
https://auto.drom.ru/izhevsk/renault/fluence/467065419.html,467065419,Рено Флуенс,619000,2013,"бензин, 1.6 л",106.0,механика,передний,коричневый,190 000,,левый,"1 поколение, рестайлинг",1.6 MT Authentique,Ижевск,
https://auto.drom.ru/chelyabinsk/renault/fluence/358860034.html,358860034,Рено Флуенс,335000,2010,"бензин, 1.6 л",106.0,механика,передний,серый,219 000,3.0,левый,1 поколение,1.6 MT Confort,Челябинск,
https://auto.drom.ru/krasnoyarsk/renault/fluence/327644586.html,327644586,Рено Флуенс,455000,2011,"бензин, 1.6 л",106.0,АКПП,передний,бежевый,260 000,1.0,левый,1 поколение,1.6 AT Dynamique,Красноярск,
https://auto.drom.ru/alexandrov/renault/fluence/580216845.html,580216845,Рено Флуенс,340000,2012,"бензин, 1.6 л",106.0,механика,передний,серый,406 000,,левый,1 поколение,,"Александров, Владимирская область",
https://auto.drom.ru/voronezh/renault/fluence/249113281.html,249113281,Рено Флуенс,909000,2014,"бензин, 2.0 л",137.0,вариатор,передний,серый,127 900,,левый,"1 поколение, рестайлинг",,Воронеж,
https://auto.drom.ru/votkinsk/renault/megane/661688887.html,661688887,Рено Меган,450000,2007,"бензин, 1.6 л",113.0,АКПП,передний,черный,132 000,3.0,левый,"2 поколение, рестайлинг",Confort 1.6 AT,"Воткинск, Удмуртская Республика",
https://auto.drom.ru/barnaul/renault/megane/264198165.html,264198165,Рено Меган,599000,2008,"бензин, 1.6 л",113.0,АКПП,передний,бежевый,204 738,3.0,левый,"2 поколение, рестайлинг",Extreme III 1.6 AT,Барнаул,
https://auto.drom.ru/krasnoyarsk/renault/megane/346995680.html,346995680,Рено Меган,380000,2004,"бензин, 1.6 л",113.0,механика,передний,красный,188 000,,левый,2 поколение,1.6 MT Dynamique,Красноярск,
https://auto.drom.ru/minsk/renault/megane/111715260.html,111715260,Рено Меган,862000,2012,"бензин, 1.4 л",130.0,механика,передний,,178 000,,левый,3 поколение,,Минск,
https://auto.drom.ru/kanevskaya/renault/megane/270396541.html,270396541,Рено Меган,800000,2014,"бензин, 1.6 л",114.0,вариатор,передний,серый,107 332,,левый,"3 поколение, рестайлинг",,"Каневская, Краснодарский край",
https://auto.drom.ru/kazan/renault/megane/823001790.html,823001790,Рено Меган,535000,2018,"дизель, 1.5 л",110.0,механика,передний,серый,135 421,2.0,левый,4 поколение,1.5 dCi 110 ECO2 MT Business Edition,Казань,
https://auto.drom.ru/vurnary/renault/megane/305846932.html,305846932,Рено Меган,119000,2000,"бензин, 1.4 л",95.0,механика,передний,серый,230 000,,левый,"1 поколение, рестайлинг",,"Вурнары, Чувашская Республика",
https://auto.drom.ru/krasnoyarsk/renault/megane/521195695.html,521195695,Рено Меган,550000,2007,"дизель, 1.5 л",86.0,механика,передний,серый,280 000,3.0,левый,"2 поколение, рестайлинг",1.5 dCi MT Authentique,Красноярск,
https://auto.drom.ru/spb/renault/megane/495501561.html,495501561,Рено Меган,249000,2007,"бензин, 1.6 л",113.0,механика,передний,серый,366 718,,левый,"2 поколение, рестайлинг",,Санкт-Петербург,
https://auto.drom.ru/miass/renault/megane/411289361.html,411289361,Рено Меган,799000,2014,"бензин, 1.6 л",106.0,механика,передний,коричневый,156 000,1.0,левый,"3 поколение, рестайлинг",1.6 MT Confort,"Миасс, Челябинская область",
https://auto.drom.ru/togliatti/renault/megane/154514099.html,154514099,Рено Меган,330000,2006,"бензин, 1.6 л",113.0,механика,передний,,150 000,,левый,"2 поколение, рестайлинг",,"Тольятти, Самарская область",
https://auto.drom.ru/valday/renault/megane/116997270.html,116997270,Рено Меган,265000,2005,"бензин, 1.4 л",98.0,механика,передний,серый,300 000,,левый,2 поколение,1.4 MT Authentique,"Валдай, Новгородская область",
https://auto.drom.ru/chelyabinsk/renault/megane/173867745.html,173867745,Рено Меган,190000,2000,"бензин, 1.6 л",107.0,механика,передний,белый,327 000,,левый,"1 поколение, рестайлинг",1.6 MT,Челябинск,
https://auto.drom.ru/sevastopol/renault/megane/262128051.html,262128051,Рено Меган,695000,2010,"бензин, 1.6 л",106.0,АКПП,передний,серый,192 000,1.0,левый,3 поколение,1.6 AT Expression,"Севастополь, Республика Крым",
https://auto.drom.ru/ekaterinburg/renault/megane/247922749.html,247922749,Рено Меган,275000,2004,"бензин, 1.6 л",113.0,механика,передний,синий,208 000,2.0,левый,2 поколение,1.6 MT Privilege,Екатеринбург,
https://auto.drom.ru/spb/renault/megane/513952373.html,513952373,Рено Меган,85000,2000,"бензин, 1.6 л, ГБО",107.0,механика,передний,бежевый,300 000,3.0,левый,"1 поколение, рестайлинг",1.6 MT,Санкт-Петербург,
https://auto.drom.ru/ryazan/renault/megane/433894062.html,433894062,Рено Меган,650000,2008,"бензин, 1.6 л",113.0,механика,передний,серый,159 389,1.0,левый,"2 поколение, рестайлинг",,Рязань,
https://auto.drom.ru/krasnoyarsk/renault/megane/150500327.html,150500327,Рено Меган,320000,2007,"бензин, 1.6 л",113.0,АКПП,передний,синий,225 000,3.0,левый,"2 поколение, рестайлинг",Business 1.6 AT,Красноярск,
https://auto.drom.ru/barnaul/renault/megane/203904848.html,203904848,Рено Меган,760000,2010,"бензин, 1.6 л",106.0,АКПП,передний,белый,209 750,,левый,3 поколение,,Барнаул,
https://auto.drom.ru/orenburg/renault/megane/920635114.html,920635114,Рено Меган,300000,2005,"бензин, 1.6 л",113.0,механика,передний,черный,344 420,,левый,2 поколение,,Оренбург,
https://auto.drom.ru/odintsovo/hyundai/solaris/211130109.html,211130109,Хендай Солярис,430000,2013,"бензин, 1.6 л",123.0,механика,передний,черный,435 000,3.0,левый,1 поколение,1.6 MT Comfort,"Одинцово, Московская область",
https://auto.drom.ru/feodosiya/hyundai/solaris/694541563.html,694541563,Хендай Солярис,1125000,2016,"бензин, 1.6 л",123.0,механика,передний,коричневый,92 500,2.0,левый,"1 поколение, рестайлинг",1.6 MT Comfort,"Феодосия, Республика Крым",
https://auto.drom.ru/saratov/hyundai/solaris/327198331.html,327198331,Хендай Солярис,640000,2012,"бензин, 1.6 л",123.0,механика,передний,синий,159 900,2.0,левый,1 поколение,,Саратов,
https://auto.drom.ru/novorossiysk/hyundai/solaris/802027578.html,802027578,Хендай Солярис,620000,2013,"бензин, 1.6 л",123.0,АКПП,передний,серый,210 000,3.0,левый,1 поколение,1.6 AT Optima,"Новороссийск, Краснодарский край",
https://auto.drom.ru/kamensk-shahtinskiy/hyundai/solaris/186023434.html,186023434,Хендай Солярис,970000,2014,"бензин, 1.4 л",107.0,механика,передний,оранжевый,55 700,2.0,левый,"1 поколение, рестайлинг",,"Каменск-Шахтинский, Ростовская область",
https://auto.drom.ru/yoshkar-ola/hyundai/solaris/330935039.html,330935039,Хендай Солярис,865000,2014,"бензин, 1.6 л",123.0,механика,передний,белый,215 912,,левый,"1 поколение, рестайлинг",1.6 MT Elegance,Йошкар-Ола,
https://auto.drom.ru/moscow/hyundai/solaris/374121668.html,374121668,Хендай Солярис,1049000,2016,"бензин, 1.6 л",123.0,АКПП,передний,черный,137 247,2.0,левый,"1 поколение, рестайлинг",1.6 AT Super Series 3,Москва,
https://auto.drom.ru/spb/hyundai/solaris/550317585.html,550317585,Хендай Солярис,800000,2014,"бензин, 1.4 л",107.0,АКПП,передний,черный,210 000,2.0,левый,"1 поколение, рестайлинг",,Санкт-Петербург,
https://auto.drom.ru/ufa/hyundai/solaris/154727727.html,154727727,Хендай Солярис,1270000,2018,"бензин, 1.6 л",123.0,АКПП,передний,красный,155 778,1.0,левый,2 поколение,1.6 AT Comfort,Уфа,
https://auto.drom.ru/krasnodar/hyundai/solaris/451054891.html,451054891,Хендай Солярис,600000,2012,"бензин, 1.6 л",123.0,механика,передний,красный,270 000,2.0,левый,1 поколение,1.6 MT Style,Краснодар,
https://auto.drom.ru/simferopol/hyundai/solaris/145872423.html,145872423,Хендай Солярис,799000,2013,"бензин, 1.4 л",107.0,механика,передний,белый,159 200,3.0,левый,1 поколение,1.4 MT Comfort,Симферополь,
https://auto.drom.ru/moscow/hyundai/solaris/855725750.html,855725750,Хендай Солярис,800000,2011,"бензин, 1.6 л",123.0,АКПП,передний,черный,94 000,1.0,левый,1 поколение,,Москва,
https://auto.drom.ru/novosibirsk/hyundai/solaris/418931931.html,418931931,Хендай Солярис,1150000,2015,"бензин, 1.6 л",123.0,АКПП,передний,белый,130 000,2.0,левый,"1 поколение, рестайлинг",,Новосибирск,
https://auto.drom.ru/snezhinsk/hyundai/solaris/897821897.html,897821897,Хендай Солярис,770000,2013,"бензин, 1.4 л",107.0,механика,передний,белый,102 000,2.0,левый,1 поколение,,"Снежинск, Челябинская область",
https://auto.drom.ru/kazan/hyundai/solaris/236339311.html,236339311,Хендай Солярис,790000,2018,"бензин, 1.4 л",100.0,АКПП,передний,черный,196 000,2.0,левый,2 поколение,1.4 AT Comfort,Казань,
https://auto.drom.ru/minvody/hyundai/solaris/151998515.html,151998515,Хендай Солярис,1500000,2015,"бензин, 1.6 л",123.0,АКПП,передний,белый,100 000,1.0,левый,"1 поколение, рестайлинг",1.6 AT Active,"Минеральные Воды, Ставропольский край",
https://auto.drom.ru/kanash/hyundai/solaris/647887915.html,647887915,Хендай Солярис,1099000,2016,"бензин, 1.6 л",123.0,АКПП,передний,,40 000,,левый,"1 поколение, рестайлинг",,"Канаш, Чувашская Республика",
https://auto.drom.ru/spb/hyundai/solaris/612750463.html,612750463,Хендай Солярис,1200000,2018,"бензин, 1.6 л",123.0,АКПП,передний,черный,157 000,1.0,левый,2 поколение,1.6 AT Comfort,Санкт-Петербург,
https://auto.drom.ru/tyumen/hyundai/solaris/808643198.html,808643198,Хендай Солярис,1650000,2021,"бензин, 1.6 л",123.0,АКПП,передний,серый,114,1.0,левый,"2 поколение, рестайлинг",1.6 AT Comfort,Тюмень,
https://auto.drom.ru/sochi/hyundai/creta/595831408.html,595831408,Хендай Крета,1449000,2016,"бензин, 1.6 л",123.0,АКПП,передний,белый,156 199,3.0,левый,1 поколение,,"Сочи, Краснодарский край",
https://auto.drom.ru/kaluga/hyundai/creta/181994136.html,181994136,Хендай Крета,1238000,2018,"бензин, 1.6 л",123.0,АКПП,передний,белый,250 694,1.0,левый,1 поколение,,Калуга,
https://auto.drom.ru/kazan/hyundai/creta/684066590.html,684066590,Хендай Крета,1099000,2016,"бензин, 1.6 л",123.0,механика,передний,черный,214 416,3.0,левый,1 поколение,1.6 MT Active,Казань,
https://auto.drom.ru/moscow/hyundai/creta/798374435.html,798374435,Хендай Крета,1700000,2017,"бензин, 2.0 л",149.0,АКПП,4WD,синий,147 212,2.0,левый,1 поколение,,Москва,
https://auto.drom.ru/zhlobin/hyundai/creta/365340014.html,365340014,Хендай Крета,1592000,2019,"бензин, 1.6 л",123.0,механика,передний,синий,82 000,,левый,1 поколение,1.6 MT Travel,"Жлобин, Гомельская область",
https://auto.drom.ru/ufa/hyundai/creta/894239482.html,894239482,Хендай Крета,1749000,2019,"бензин, 2.0 л",149.0,АКПП,передний,черный,216 000,3.0,левый,1 поколение,2.0 AT 2WD Travel,Уфа,
https://auto.drom.ru/ekaterinburg/hyundai/creta/255053332.html,255053332,Хендай Крета,1789000,2019,"бензин, 1.6 л",123.0,АКПП,передний,серый,113 198,1.0,левый,1 поколение,1.6 AT Comfort,Екатеринбург,
https://auto.drom.ru/nizhniy-novgorod/hyundai/creta/762899780.html,762899780,Хендай Крета,1875000,2020,"бензин, 1.6 л",123.0,механика,передний,белый,87 281,,левый,"1 поколение, рестайлинг",1.6 MT 2WD Start,Нижний Новгород,
https://auto.drom.ru/gramoteino/hyundai/creta/655725563.html,655725563,Хендай Крета,1870000,2020,"бензин, 1.6 л",121.0,механика,4WD,серый,61 000,1.0,левый,"1 поколение, рестайлинг",1.6 MT 4WD Active,"Грамотеино, Кемеровская область",
https://auto.drom.ru/chelyabinsk/hyundai/creta/258968131.html,258968131,Хендай Крета,1999000,2021,"бензин, 1.6 л",123.0,АКПП,передний,черный,97 702,,левый,,,Челябинск,
https://auto.drom.ru/moscow/hyundai/creta/390950811.html,390950811,Хендай Крета,1799999,2018,"бензин, 2.0 л",149.0,АКПП,4WD,белый,119 168,2.0,левый,1 поколение,,Москва,
https://auto.drom.ru/spb/hyundai/creta/664053604.html,664053604,Хендай Крета,1680000,2021,"бензин, 1.6 л",123.0,АКПП,передний,белый,181 782,1.0,левый,"1 поколение, рестайлинг",1.6 AT 2WD Comfort,Санкт-Петербург,
https://auto.drom.ru/orenburg/hyundai/creta/505293780.html,505293780,Хендай Крета,1506000,2021,"бензин, 1.6 л",123.0,АКПП,передний,серый,67 262,2.0,левый,"1 поколение, рестайлинг",1.6 AT 2WD Standart,Оренбург,
https://auto.drom.ru/kurchaloy/hyundai/creta/673658663.html,673658663,Хендай Крета,1670000,2017,"бензин, 2.0 л, ГБО",149.0,АКПП,передний,белый,110 250,1.0,левый,1 поколение,2.0 AT 2WD Comfort Plus,"Курчалой, Чеченская Республика",
https://auto.drom.ru/ufa/hyundai/creta/429928032.html,429928032,Хендай Крета,2149000,2021,"бензин, 2.0 л",149.0,АКПП,4WD,белый,84 650,1.0,левый,"1 поколение, рестайлинг",2.0 AT 4WD Travel,Уфа,
https://auto.drom.ru/moscow/hyundai/creta/887090042.html,887090042,Хендай Крета,1855000,2020,"бензин, 1.6 л",123.0,АКПП,передний,белый,140 010,1.0,левый,,,Москва,
https://auto.drom.ru/krasnodar/hyundai/creta/415995937.html,415995937,Хендай Крета,1498000,2016,"бензин, 2.0 л",149.0,АКПП,передний,черный,173 236,1.0,левый,1 поколение,,Краснодар,
https://auto.drom.ru/shahty/hyundai/creta/786462446.html,786462446,Хендай Крета,1999900,2018,"бензин, 1.6 л",121.0,АКПП,4WD,красный,79 820,1.0,левый,1 поколение,1.6 AT 4WD Comfort,"Шахты, Ростовская область",
https://auto.drom.ru/voronezh/hyundai/creta/832969726.html,832969726,Хендай Крета,1899000,2019,"бензин, 2.0 л",149.0,АКПП,4WD,белый,99 397,2.0,левый,1 поколение,,Воронеж,
https://auto.drom.ru/kazan/hyundai/creta/632980696.html,632980696,Хендай Крета,1980000,2021,"бензин, 1.6 л",123.0,АКПП,передний,белый,119 463,1.0,левый,"1 поколение, рестайлинг",1.6 AT 2WD Comfort,Казань,
https://auto.drom.ru/moscow/hyundai/elantra/189284819.html,189284819,Хендай Элантра,1000000,2016,"бензин, 1.6 л",128.0,АКПП,передний,серебристый,221 000,,левый,6 поколение,1.6 AT Active,Москва,
https://auto.drom.ru/moscow/hyundai/elantra/265140181.html,265140181,Хендай Элантра,1217000,2012,"бензин, 1.6 л",132.0,АКПП,передний,коричневый,112 721,1.0,левый,5 поколение,,Москва,
https://auto.drom.ru/tyumen/hyundai/elantra/582555858.html,582555858,Хендай Элантра,1199000,2017,"бензин, 2.0 л",150.0,АКПП,передний,синий,169 252,3.0,левый,6 поколение,,Тюмень,
https://auto.drom.ru/novomoskovsk/hyundai/elantra/624881353.html,624881353,Хендай Элантра,733400,2012,"бензин, 1.6 л",132.0,механика,передний,серый,141 057,,левый,5 поколение,1.6 MT Optima,"Новомосковск, Тульская область",
https://auto.drom.ru/ulyanovsk/hyundai/elantra/728413157.html,728413157,Хендай Элантра,499000,2009,"бензин, 1.6 л",122.0,механика,передний,желтый,283 253,,левый,4 поколение,,Ульяновск,
https://auto.drom.ru/sterlitamak/hyundai/elantra/242143047.html,242143047,Хендай Элантра,1150000,2017,"бензин, 2.0 л",150.0,АКПП,передний,серый,150 000,3.0,левый,6 поколение,2.0 AT Comfort,"Стерлитамак, Республика Башкортостан",
https://auto.drom.ru/cherkizovo/hyundai/elantra/751424483.html,751424483,Хендай Элантра,520000,2007,"бензин, 1.6 л",122.0,АКПП,передний,красный,291 000,2.0,левый,4 поколение,1.6 AT 2WD GLS (CF102204E),"Черкизово, Московская область",
https://auto.drom.ru/rostov-na-donu/hyundai/elantra/625649871.html,625649871,Хендай Элантра,1999000,2021,"бензин, 1.6 л",128.0,АКПП,передний,серый,59 239,1.0,левый,7 поколение,,Ростов-на-Дону,
https://auto.drom.ru/uhta/hyundai/elantra/447637702.html,447637702,Хендай Элантра,500000,2008,"бензин, 1.6 л, ГБО",122.0,механика,передний,черный,190 000,3.0,левый,4 поколение,1.6 MT 2WD GL (CF002101E),"Ухта, Республика Коми",
https://auto.drom.ru/lermontov/hyundai/elantra/449911264.html,449911264,Хендай Элантра,1280000,2015,"бензин, 1.6 л",132.0,АКПП,передний,черный,136 000,3.0,левый,"5 поколение, рестайлинг",1.6 AT Active,"Лермонтов, Ставропольский край",
https://auto.drom.ru/orenburg/hyundai/elantra/682676934.html,682676934,Хендай Элантра,1100000,2014,"бензин, 1.6 л",132.0,АКПП,передний,коричневый,122 061,2.0,левый,5 поколение,1.6 AT Optima,Оренбург,
https://auto.drom.ru/nizhniy-novgorod/hyundai/elantra/477296796.html,477296796,Хендай Элантра,599777,2010,"бензин, 1.6 л",122.0,механика,передний,красный,172 000,,левый,4 поколение,,Нижний Новгород,
https://auto.drom.ru/krasnoyarsk/hyundai/elantra/769474023.html,769474023,Хендай Элантра,1780000,2023,"бензин, 1.5 л",115.0,вариатор,передний,белый,21 000,1.0,левый,"7 поколение, рестайлинг",1.5 CVT 2WD LUX Premium Edition,Красноярск,
https://auto.drom.ru/rostov-na-donu/hyundai/elantra/157322691.html,157322691,Хендай Элантра,1290000,2018,"бензин, 2.0 л",150.0,АКПП,передний,синий,130 000,1.0,левый,6 поколение,,Ростов-на-Дону,
https://auto.drom.ru/rostov-na-donu/hyundai/elantra/323817631.html,323817631,Хендай Элантра,550000,2007,"бензин, 1.6 л",122.0,механика,передний,серебристый,282 932,3.0,левый,4 поколение,1.6 MT 2WD GLS (CF102102E),Ростов-на-Дону,
https://auto.drom.ru/turinskaya-sloboda/hyundai/elantra/193043987.html,193043987,Хендай Элантра,200000,2005,"бензин, 1.6 л",105.0,механика,передний,серебристый,326 000,,левый,"3 поколение, рестайлинг",1.6 MT GLS,"Туринская Слобода, Свердловская область",
https://auto.drom.ru/irkutsk/hyundai/elantra/869860000.html,869860000,Хендай Элантра,870000,2011,"бензин, 1.8 л",150.0,АКПП,передний,черный,117 000,,левый,5 поколение,1.8 AT Comfort,Иркутск,
https://auto.drom.ru/krasnodar/hyundai/elantra/774263215.html,774263215,Хендай Элантра,1000000,2011,"бензин, 1.6 л",132.0,АКПП,передний,серый,235 000,,левый,5 поколение,1.6 AT Comfort,Краснодар,
https://auto.drom.ru/kemerovo/hyundai/elantra/290683633.html,290683633,Хендай Элантра,400000,2011,"бензин, 1.6 л",122.0,механика,передний,бордовый,281 000,3.0,левый,4 поколение,1.6 MT 2WD Classic GLS,Кемерово,
https://auto.drom.ru/spb/hyundai/i30/177209391.html,177209391,Хендай Ай 30,300000,2010,"бензин, 1.6 л",126.0,механика,передний,серебристый,228 000,,левый,"1 поколение, рестайлинг",,Санкт-Петербург,
https://auto.drom.ru/ufa/hyundai/i30/500402859.html,500402859,Хендай Ай 30,1090000,2014,"бензин, 1.6 л",130.0,АКПП,передний,голубой,160 000,1.0,левый,2 поколение,,Уфа,
https://auto.drom.ru/tyumen/hyundai/i30/298331572.html,298331572,Хендай Ай 30,405000,2009,"бензин, 1.6 л",122.0,механика,передний,серебристый,318 000,3.0,левый,1 поколение,,Тюмень,
https://auto.drom.ru/belgorod/hyundai/i30/665596139.html,665596139,Хендай Ай 30,710000,2011,"бензин, 1.6 л",126.0,АКПП,передний,коричневый,164 000,,левый,"1 поколение, рестайлинг",1.6 AT Comfort,Белгород,
https://auto.drom.ru/novosibirsk/hyundai/i30/231873889.html,231873889,Хендай Ай 30,950000,2013,"бензин, 1.6 л",130.0,АКПП,передний,голубой,170 000,3.0,левый,2 поколение,,Новосибирск,
https://auto.drom.ru/saratov/hyundai/i30/925903520.html,925903520,Хендай Ай 30,647000,2009,"бензин, 1.4 л",109.0,механика,передний,красный,275 897,,левый,1 поколение,1.4 MT Classic,Саратов,
https://auto.drom.ru/nizhniy-novgorod/hyundai/i30/270542214.html,270542214,Хендай Ай 30,770000,2009,"бензин, 1.6 л",122.0,механика,передний,черный,117 657,,левый,1 поколение,1.6 MT Comfort,Нижний Новгород,
https://auto.drom.ru/engels/hyundai/i30/324056358.html,324056358,Хендай Ай 30,590000,2010,"бензин, 1.4 л",109.0,механика,передний,белый,222 000,3.0,левый,"1 поколение, рестайлинг",1.4 MT Classic,"Энгельс, Саратовская область",
https://auto.drom.ru/bystriy-istok/hyundai/i30/52919233.html,52919233,Хендай Ай 30,750000,2009,"бензин, 1.6 л",122.0,механика,передний,синий,143 000,3.0,левый,1 поколение,1.6 MT Comfort,"Быстрый Исток, Алтайский край",
https://auto.drom.ru/stavropol/hyundai/i30/166818439.html,166818439,Хендай Ай 30,835000,2010,"бензин, 1.6 л",126.0,АКПП,передний,серый,192 906,3.0,левый,"1 поколение, рестайлинг",,Ставрополь,
https://auto.drom.ru/kazan/hyundai/i30/221094444.html,221094444,Хендай Ай 30,630000,2010,"бензин, 1.6 л",126.0,механика,передний,белый,195 021,3.0,левый,"1 поколение, рестайлинг",1.6 MT Comfort,Казань,
https://auto.drom.ru/irkutsk/hyundai/i30/227996621.html,227996621,Хендай Ай 30,420000,2010,"бензин, 1.4 л",109.0,механика,передний,голубой,301 941,2.0,левый,1 поколение,1.4 MT Classic,Иркутск,
https://auto.drom.ru/omsk/hyundai/i30/262727568.html,262727568,Хендай Ай 30,900000,2012,"бензин, 1.6 л",130.0,АКПП,передний,синий,151 643,3.0,левый,2 поколение,,Омск,
https://auto.drom.ru/atig/hyundai/i30/325872538.html,325872538,Хендай Ай 30,530000,2010,"бензин, 1.6 л",126.0,механика,передний,серый,215 000,,левый,"1 поколение, рестайлинг",,"Атиг, Свердловская область",
https://auto.drom.ru/stavropol/hyundai/i30/401913261.html,401913261,Хендай Ай 30,960000,2011,"бензин, 1.6 л",126.0,АКПП,передний,красный,118 946,1.0,левый,"1 поколение, рестайлинг",,Ставрополь,
https://auto.drom.ru/omsk/hyundai/i30/579132307.html,579132307,Хендай Ай 30,920000,2012,"бензин, 1.6 л",130.0,АКПП,передний,белый,178 976,3.0,левый,2 поколение,,Омск,
https://auto.drom.ru/vargashi/hyundai/i30/770438534.html,770438534,Хендай Ай 30,1000000,2016,"бензин, 1.4 л",100.0,механика,передний,серый,163 743,,левый,"2 поколение, рестайлинг",1.4 MT Classic,"Варгаши, Курганская область",
https://auto.drom.ru/kirov/hyundai/tucson/749978532.html,749978532,Хендай Туссан,775000,2008,"бензин, 2.0 л",141.0,механика,,серебристый,235 665,,левый,,,Киров,
https://auto.drom.ru/moscow/hyundai/tucson/666296665.html,666296665,Хендай Туссан,3222222,2021,"бензин, 1.6 л, гибрид",180.0,АКПП,передний,серый,68 000,1.0,левый,4 поколение,1.6 HEV GDI AT 2WD Inspiration,Москва,
https://auto.drom.ru/zarinsk/hyundai/tucson/900734325.html,900734325,Хендай Туссан,760000,2005,"бензин, 2.7 л",175.0,АКПП,4WD,голубой,349 360,,левый,1 поколение,2.7 AT 4WD GLS,"Заринск, Алтайский край",
https://auto.drom.ru/spb/hyundai/tucson/929355839.html,929355839,Хендай Туссан,1680000,2018,"бензин, 2.0 л",149.0,АКПП,4WD,серый,190 000,1.0,левый,3 поколение,2.0 AT 4WD Lifestyle,Санкт-Петербург,
https://auto.drom.ru/egorievsk/hyundai/tucson/833766821.html,833766821,Хендай Туссан,680000,2008,"бензин, 2.0 л",141.0,механика,передний,серый,245 000,2.0,левый,1 поколение,2.0 MT 2WD GLS,"Егорьевск, Московская область",
https://auto.drom.ru/barnaul/hyundai/tucson/811744523.html,811744523,Хендай Туссан,845000,2008,"бензин, 2.0 л",141.0,механика,передний,зеленый,191 400,3.0,левый,1 поколение,2.0 MT 2WD GL,Барнаул,
https://auto.drom.ru/krasnoyarsk/hyundai/tucson/840702592.html,840702592,Хендай Туссан,1150000,2011,"бензин, 2.0 л",166.0,АКПП,передний,белый,90 000,3.0,левый,2 поколение,,Красноярск,
https://auto.drom.ru/chelyabinsk/hyundai/tucson/663288409.html,663288409,Хендай Туссан,2600000,2019,"бензин, 2.0 л, ГБО",150.0,АКПП,4WD,белый,130 000,2.0,левый,"3 поколение, рестайлинг",,Челябинск,
https://auto.drom.ru/turinsk/hyundai/tucson/927191496.html,927191496,Хендай Туссан,800000,2005,"бензин, 2.0 л",142.0,АКПП,4WD,черный,210 000,3.0,левый,1 поколение,2.0 AT 4WD GLS,"Туринск, Свердловская область",
https://auto.drom.ru/tyumentsevo/hyundai/tucson/750137613.html,750137613,Хендай Туссан,600000,2008,"дизель, 2.0 л",112.0,механика,4WD,черный,366 000,,левый,1 поколение,2.0 CRDi MT 4WD GLS,"Тюменцево, Алтайский край",
https://auto.drom.ru/novosibirsk/hyundai/tucson/710136116.html,710136116,Хендай Туссан,600000,2008,"бензин, 2.0 л",140.0,АКПП,передний,красный,270 000,,левый,1 поколение,2.0 AT GLS,Новосибирск,
https://auto.drom.ru/omsk/hyundai/tucson/798726444.html,798726444,Хендай Туссан,815000,2007,"бензин, 2.0 л, ГБО",142.0,АКПП,4WD,зеленый,444 444,,левый,1 поколение,2.0 AT 4WD GLS,Омск,
https://auto.drom.ru/novorossiysk/hyundai/tucson/918534101.html,918534101,Хендай Туссан,2500000,2019,"бензин, 2.0 л",150.0,АКПП,4WD,серый,135 000,1.0,левый,"3 поколение, рестайлинг",2.0 AT 4WD High-Tech,"Новороссийск, Краснодарский край",
https://auto.drom.ru/sochi/hyundai/tucson/922774355.html,922774355,Хендай Туссан,780000,2008,"дизель, 2.0 л",112.0,механика,4WD,серебристый,208 000,,левый,1 поколение,2.0 CRDi MT 4WD GLS,"Сочи, Краснодарский край",
https://auto.drom.ru/bratsk/hyundai/tucson/806484111.html,806484111,Хендай Туссан,900000,2008,"дизель, 2.0 л",150.0,автомат,передний,черный,199 756,,левый,1 поколение,,"Братск, Иркутская область",
https://auto.drom.ru/magnitogorsk/hyundai/tucson/657241701.html,657241701,Хендай Туссан,885000,2007,"бензин, 2.0 л",142.0,АКПП,4WD,серебристый,242 000,2.0,левый,1 поколение,2.0 AT 4WD GLS,"Магнитогорск, Челябинская область",
https://auto.drom.ru/ivdel/hyundai/tucson/724259404.html,724259404,Хендай Туссан,180000,2008,"бензин, 2.0 л",142.0,механика,передний,черный,180 000,3.0,левый,1 поколение,2.0 MT 2WD GLS,"Ивдель, Свердловская область",
https://auto.drom.ru/rostov-na-donu/hyundai/tucson/710089844.html,710089844,Хендай Туссан,3479900,2024,"бензин, 2.0 л",150.0,АКПП,4WD,белый,63 876,1.0,левый,"4 поколение, рестайлинг",,Ростов-на-Дону,
https://auto.drom.ru/shahty/hyundai/santa_fe/754665653.html,754665653,Хендай Санта Фе,1650000,2012,"дизель, 2.2 л",197.0,АКПП,4WD,черный,218 600,3.0,левый,"2 поколение, рестайлинг",2.2D AT 4WD Comfort,"Шахты, Ростовская область",
https://auto.drom.ru/berezniky/hyundai/santa_fe/917502126.html,917502126,Хендай Санта Фе,900000,2006,"дизель, 2.2 л",153.0,АКПП,4WD,черный,230 000,,левый,2 поколение,2.2D VGT 4WD AT Base,"Березники, Пермский край",
https://auto.drom.ru/novosibirsk/hyundai/santa_fe/930543510.html,930543510,Хендай Санта Фе,1399000,2011,"бензин, 2.4 л",174.0,АКПП,4WD,серый,220 000,,левый,"2 поколение, рестайлинг",2.4 AT 4WD Elegance+Navi,Новосибирск,
https://auto.drom.ru/yuzhno-sakhalinsk/hyundai/santa_fe/746549903.html,746549903,Хендай Санта Фе,1450000,2012,"бензин, 2.4 л",174.0,АКПП,4WD,серый,100 000,3.0,левый,"2 поколение, рестайлинг",,Южно-Сахалинск,
https://auto.drom.ru/asbest/hyundai/santa_fe/750336956.html,750336956,Хендай Санта Фе,1100000,2011,"бензин, 2.4 л",174.0,механика,передний,серый,330 000,3.0,левый,"2 поколение, рестайлинг",2.4 MT 2WD Base,"Асбест, Свердловская область",
https://auto.drom.ru/blagoveshchenka/hyundai/santa_fe/710805092.html,710805092,Хендай Санта Фе,1300000,2008,"бензин, 2.7 л",189.0,АКПП,4WD,черный,245 509,2.0,левый,2 поколение,,"Благовещенка, Алтайский край",
https://auto.drom.ru/samara/hyundai/santa_fe/587565926.html,587565926,Хендай Санта Фе,2695000,2020,"бензин, 2.4 л",188.0,АКПП,4WD,синий,131 144,1.0,левый,4 поколение,,Самара,
https://auto.drom.ru/yugorsk/hyundai/santa_fe/925604702.html,925604702,Хендай Санта Фе,3710000,2020,"дизель, 2.2 л",202.0,робот,передний,белый,67 000,2.0,левый,"4 поколение, рестайлинг",2.2 CRDi 2WD DCT Calligraphy 7 seats,"Югорск, Ханты-Мансийский автономный округ",
https://auto.drom.ru/chita/hyundai/santa_fe/773472255.html,773472255,Хендай Санта Фе,1600000,2012,"дизель, 2.0 л",184.0,АКПП,передний,серебристый,124 000,1.0,левый,3 поколение,2.0 CRDi AT 2WD Premium 7 seats,Чита,
https://auto.drom.ru/perm/hyundai/santa_fe/581119739.html,581119739,Хендай Санта Фе,3730000,2021,"бензин, 3.5 л",249.0,АКПП,4WD,черный,103 564,1.0,левый,4 поколение,,Пермь,
https://auto.drom.ru/salehard/hyundai/santa_fe/546624141.html,546624141,Хендай Санта Фе,3100000,2020,"бензин, 2.4 л",188.0,АКПП,4WD,синий,110 000,1.0,левый,4 поколение,,Салехард,
https://auto.drom.ru/bataysk/hyundai/santa_fe/929208536.html,929208536,Хендай Санта Фе,850000,2008,"дизель, 2.2 л",150.0,АКПП,4WD,черный,323 000,3.0,левый,2 поколение,2.2 CRDi AT GLS 01E,"Батайск, Ростовская область",
https://auto.drom.ru/surgut/hyundai/santa_fe/855305043.html,855305043,Хендай Санта Фе,2300000,2016,"дизель, 2.2 л",200.0,АКПП,4WD,белый,128 397,2.0,левый,"3 поколение, рестайлинг",2.2 CRDi AT 4WD High-Tech,"Сургут, Ханты-Мансийский автономный округ",
https://auto.drom.ru/kazan/hyundai/santa_fe/905538351.html,905538351,Хендай Санта Фе,3420000,2019,"дизель, 2.2 л",200.0,АКПП,4WD,серый,118 556,1.0,левый,4 поколение,2.2 CRDi AT 4WD Premier 5 мест,Казань,
https://auto.drom.ru/barnaul/hyundai/santa_fe/684268104.html,684268104,Хендай Санта Фе,3500000,2019,"дизель, 2.2 л",200.0,АКПП,4WD,черный,45 000,1.0,левый,4 поколение,2.2 CRDi AT 4WD High-Tech 7 мест,Барнаул,
https://auto.drom.ru/kamensk-uralskiy/hyundai/santa_fe/752874169.html,752874169,Хендай Санта Фе,490000,2002,"бензин, 2.4 л",145.0,механика,4WD,серебристый,300 000,,левый,1 поколение,2.4 MT 4WD GLS,"Каменск-Уральский, Свердловская область",
https://auto.drom.ru/sochi/hyundai/santa_fe/763970224.html,763970224,Хендай Санта Фе,2700000,2012,"бензин, 2.4 л",175.0,АКПП,4WD,черный,158 250,3.0,левый,3 поколение,2.4 AT 4WD Dynamic,"Сочи, Краснодарский край",
https://auto.drom.ru/kazan/hyundai/santa_fe/576260491.html,576260491,Хендай Санта Фе,3572000,2022,"бензин, 3.5 л",249.0,АКПП,4WD,серебристый,123 000,2.0,левый,"4 поколение, рестайлинг",,Казань,
https://auto.drom.ru/novosibirsk/hyundai/santa_fe/679558584.html,679558584,Хендай Санта Фе,550000,2001,"бензин, 2.7 л",173.0,АКПП,4WD,белый,163 000,,левый,1 поколение,2.7 4WD AT GLS,Новосибирск,
https://auto.drom.ru/noviy-urengoy/hyundai/santa_fe/685053296.html,685053296,Хендай Санта Фе,1850000,2013,"бензин, 2.4 л",175.0,АКПП,4WD,серебристый,198 600,3.0,левый,3 поколение,2.4 AT 4WD Comfort,"Новый Уренгой, Ямало-Ненецкий автономный округ",
https://auto.drom.ru/mayma/hyundai/ix35/745872115.html,745872115,Хендай Ай Икс 35,1350000,2014,"бензин, 2.0 л",150.0,механика,4WD,серебристый,170 000,3.0,левый,"1 поколение, рестайлинг",2.0 MT 4WD Comfort,"Майма, Республика Алтай",
https://auto.drom.ru/kemerovo/hyundai/ix35/397272621.html,397272621,Хендай Ай Икс 35,2250000,2021,"бензин, 1.4 л",140.0,робот,передний,белый,56 000,1.0,левый,"2 поколение, рестайлинг",,Кемерово,
https://auto.drom.ru/tashtagol/hyundai/ix35/251819935.html,251819935,Хендай Ай Икс 35,1090000,2011,"бензин, 2.0 л",150.0,механика,передний,черный,204 000,3.0,левый,1 поколение,,"Таштагол, Кемеровская область",
https://auto.drom.ru/sayansk/hyundai/ix35/712541083.html,712541083,Хендай Ай Икс 35,1500000,2013,"бензин, 2.0 л",150.0,АКПП,передний,коричневый,100 000,1.0,левый,1 поколение,,"Саянск, Иркутская область",
https://auto.drom.ru/novosibirsk/hyundai/ix35/332317445.html,332317445,Хендай Ай Икс 35,1050000,2010,"бензин, 2.0 л",150.0,АКПП,4WD,серебристый,175 000,3.0,левый,1 поколение,,Новосибирск,
https://auto.drom.ru/nizhnevartovsk/hyundai/ix35/316993739.html,316993739,Хендай Ай Икс 35,1410000,2014,"бензин, 2.0 л",150.0,механика,передний,коричневый,125 000,2.0,левый,"1 поколение, рестайлинг",2.0 MT 2WD Start,"Нижневартовск, Ханты-Мансийский автономный округ",
https://auto.drom.ru/orsk/hyundai/ix35/890719822.html,890719822,Хендай Ай Икс 35,1270000,2013,"бензин, 2.0 л",150.0,АКПП,4WD,коричневый,159 000,,левый,"1 поколение, рестайлинг",,"Орск, Оренбургская область",
https://auto.drom.ru/barnaul/hyundai/ix35/630209580.html,630209580,Хендай Ай Икс 35,1450000,2011,"бензин, 2.0 л",150.0,механика,4WD,белый,163 000,2.0,левый,1 поколение,,Барнаул,
https://auto.drom.ru/simferopol/hyundai/ix35/263912660.html,263912660,Хендай Ай Икс 35,1400000,2014,"бензин, 2.0 л",150.0,АКПП,4WD,белый,245 000,3.0,левый,"1 поколение, рестайлинг",2.0 AT 4WD Style Special Edition,Симферополь,
https://auto.drom.ru/kirov/hyundai/ix35/832881369.html,832881369,Хендай Ай Икс 35,1570000,2014,"бензин, 2.0 л",150.0,АКПП,4WD,черный,127 000,3.0,левый,"1 поколение, рестайлинг",2.0 AT 4WD Prime+Style pack,Киров,
https://auto.drom.ru/voronezh/hyundai/ix35/617330350.html,617330350,Хендай Ай Икс 35,1193000,2014,"бензин, 2.0 л",150.0,АКПП,передний,черный,200 008,2.0,левый,"1 поколение, рестайлинг",2.0 AT 2WD Start,Воронеж,
https://auto.drom.ru/bor/hyundai/ix35/503809864.html,503809864,Хендай Ай Икс 35,830000,2011,"бензин, 2.0 л",150.0,АКПП,передний,белый,250 000,2.0,левый,1 поколение,2.0 AT 2WD Base,"Бор, Нижегородская область",
https://auto.drom.ru/yurga/hyundai/ix35/660174335.html,660174335,Хендай Ай Икс 35,1250000,2014,"бензин, 2.0 л",150.0,АКПП,передний,серый,210 000,3.0,левый,"1 поколение, рестайлинг",,"Юрга, Кемеровская область",
https://auto.drom.ru/penza/hyundai/ix35/310273515.html,310273515,Хендай Ай Икс 35,1550000,2013,"бензин, 2.0 л",150.0,АКПП,4WD,серебристый,154 300,,левый,"1 поколение, рестайлинг",,Пенза,
https://auto.drom.ru/skopin/hyundai/ix35/264765974.html,264765974,Хендай Ай Икс 35,1500000,2013,"бензин, 2.0 л",150.0,АКПП,4WD,красный,156 300,3.0,левый,1 поколение,2.0 AT 4WD Comfort+Navi,"Скопин, Рязанская область",
https://auto.drom.ru/samara/hyundai/ix35/810063950.html,810063950,Хендай Ай Икс 35,898000,2013,"бензин, 2.0 л",150.0,механика,передний,черный,233 355,3.0,левый,1 поколение,2.0 MT 2WD Classic,Самара,
https://auto.drom.ru/lesosibirsk/hyundai/ix35/866200299.html,866200299,Хендай Ай Икс 35,1150000,2010,"бензин, 2.0 л",150.0,АКПП,передний,синий,215 000,,левый,1 поколение,,"Лесосибирск, Красноярский край",
https://auto.drom.ru/luga/hyundai/ix35/774052736.html,774052736,Хендай Ай Икс 35,1000000,2011,"бензин, 2.0 л",150.0,механика,передний,черный,155 000,2.0,левый,1 поколение,2.0 MT 2WD Classic,"Луга, Ленинградская область",
https://auto.drom.ru/biysk/hyundai/ix35/780869245.html,780869245,Хендай Ай Икс 35,1380000,2011,"бензин, 2.0 л",150.0,АКПП,4WD,серебристый,155 000,2.0,левый,1 поколение,2.0 AT 4WD Prestige,"Бийск, Алтайский край",
https://auto.drom.ru/tyumen/hyundai/ix35/411904844.html,411904844,Хендай Ай Икс 35,1320000,2015,"бензин, 2.0 л, ГБО",150.0,АКПП,передний,красный,220 000,2.0,левый,"1 поколение, рестайлинг",2.0 AT 2WD Start,Тюмень,
https://auto.drom.ru/stavropol/hyundai/sonata/874960473.html,874960473,Хендай Соната,1899000,2020,"бензин, 2.0 л",150.0,АКПП,передний,белый,114 175,3.0,левый,8 поколение,2.0 MPI AT Comfort,Ставрополь,
https://auto.drom.ru/minvody/hyundai/sonata/931351561.html,931351561,Хендай Соната,1617000,2017,"бензин, 2.4 л",188.0,АКПП,передний,белый,91 857,,левый,"7 поколение, рестайлинг",2.4 AT Lifestyle,"Минеральные Воды, Ставропольский край",
https://auto.drom.ru/yartsevo/hyundai/sonata/809707579.html,809707579,Хендай Соната,200000,2010,"бензин, 2.0 л",152.0,механика,передний,серебристый,280 000,3.0,левый,"5 поколение, рестайлинг",2.0 MT GL (Classic),"Ярцево, Смоленская область",
https://auto.drom.ru/rostov-na-donu/hyundai/sonata/812737128.html,812737128,Хендай Соната,215000,2005,"бензин, 2.0 л",131.0,АКПП,передний,серебристый,350 000,,левый,"4 поколение, рестайлинг",2.0 AT AT3,Ростов-на-Дону,
https://auto.drom.ru/kazan/hyundai/sonata/674979771.html,674979771,Хендай Соната,1790000,2020,"бензин, 2.0 л",150.0,АКПП,передний,белый,82 000,2.0,левый,8 поколение,,Казань,
https://auto.drom.ru/moscow/hyundai/sonata/733666158.html,733666158,Хендай Соната,2100000,2020,"бензин, 2.0 л",150.0,АКПП,передний,белый,115 000,1.0,левый,8 поколение,2.0 MPI AT Comfort,Москва,
https://auto.drom.ru/moscow/hyundai/sonata/832650983.html,832650983,Хендай Соната,1300000,2019,"бензин, 2.0 л",150.0,АКПП,передний,,380 000,3.0,левый,"7 поколение, рестайлинг",,Москва,
https://auto.drom.ru/nefteyugansk/hyundai/sonata/713161397.html,713161397,Хендай Соната,2850000,2022,"бензин, 2.5 л",180.0,АКПП,передний,черный,100 000,2.0,левый,8 поколение,2.5 MPI AT Business,"Нефтеюганск, Ханты-Мансийский автономный округ",
https://auto.drom.ru/novorossiysk/hyundai/sonata/890677425.html,890677425,Хендай Соната,920000,2011,"бензин, 2.0 л, ГБО",,автомат,передний,белый,297 800,,левый,6 поколение,,"Новороссийск, Краснодарский край",
https://auto.drom.ru/salsk/hyundai/sonata/849412406.html,849412406,Хендай Соната,649900,2007,"бензин, 2.0 л",137.0,механика,передний,серебристый,213 800,2.0,левый,"4 поколение, рестайлинг",,"Сальск, Ростовская область",
https://auto.drom.ru/sevastopol/hyundai/sonata/701495027.html,701495027,Хендай Соната,270000,2007,"бензин, 2.0 л",131.0,механика,передний,бордовый,500 000,,правый,,,"Севастополь, Республика Крым",
https://auto.drom.ru/tomsk/hyundai/sonata/946738847.html,946738847,Хендай Соната,2700000,2019,"бензин, 2.0 л",150.0,АКПП,передний,синий,93 000,2.0,левый,8 поколение,2.0 MPI AT Style,Томск,
https://auto.drom.ru/ekaterinburg/hyundai/sonata/802011554.html,802011554,Хендай Соната,330000,2005,"бензин, 2.0 л",131.0,механика,передний,бежевый,237 216,3.0,левый,"4 поколение, рестайлинг",2.0 MT GLS,Екатеринбург,
https://auto.drom.ru/moscow/hyundai/sonata/753505260.html,753505260,Хендай Соната,650000,2007,"бензин, 2.4 л",161.0,АКПП,передний,синий,245 068,3.0,левый,5 поколение,2.4 AT Style Version,Москва,
https://auto.drom.ru/orenburg/hyundai/sonata/878797878.html,878797878,Хендай Соната,680000,2011,"бензин, 2.0 л",150.0,АКПП,передний,белый,267 000,3.0,левый,6 поколение,2.0 AT Prestige,Оренбург,
https://auto.drom.ru/kazan/hyundai/sonata/905969377.html,905969377,Хендай Соната,350000,2006,"бензин, 2.0 л, ГБО",131.0,механика,передний,черный,207 000,,левый,"4 поколение, рестайлинг",2.0 MT GL,Казань,
https://auto.drom.ru/kazan/hyundai/sonata/773571225.html,773571225,Хендай Соната,1200000,2017,"бензин, 2.0 л, ГБО",150.0,АКПП,передний,белый,267 000,3.0,левый,"7 поколение, рестайлинг",,Казань,
https://auto.drom.ru/ekaterinburg/hyundai/sonata/720874820.html,720874820,Хендай Соната,720000,2011,"бензин, 2.0 л",137.0,АКПП,передний,серый,231 000,,левый,"4 поколение, рестайлинг",2.0 AT AT7,Екатеринбург,
https://auto.drom.ru/vladivostok/hyundai/sonata/655176452.html,655176452,Хендай Соната,1550000,2020,"2.0 л, ГБО",146.0,АКПП,передний,серый,184 000,1.0,левый,8 поколение,,Владивосток,
https://auto.drom.ru/abakan/hyundai/sonata/801897730.html,801897730,Хендай Соната,440000,2004,"бензин, 2.0 л",131.0,механика,передний,серебристый,277 985,,левый,"4 поколение, рестайлинг",,Абакан,
https://auto.drom.ru/ivanovo/hyundai/getz/639227359.html,639227359,Хендай Гетц,450000,2009,"бензин, 1.4 л",97.0,механика,передний,серый,252 000,3.0,левый,"1 поколение, рестайлинг",1.4 MT Utility 5d,Иваново,
https://auto.drom.ru/oboyan/hyundai/getz/725556633.html,725556633,Хендай Гетц,380000,2008,"бензин, 1.4 л",97.0,механика,передний,голубой,161 600,3.0,левый,"1 поколение, рестайлинг",,"Обоянь, Курская область",
https://auto.drom.ru/kurgan/hyundai/getz/496037924.html,496037924,Хендай Гетц,510000,2006,"бензин, 1.4 л",97.0,АКПП,передний,красный,188 000,3.0,левый,"1 поколение, рестайлинг",,Курган,
https://auto.drom.ru/spb/hyundai/getz/518873493.html,518873493,Хендай Гетц,550000,2006,"бензин, 1.6 л",106.0,АКПП,передний,серый,181 500,3.0,левый,"1 поколение, рестайлинг",1.6 AT GLS 5d,Санкт-Петербург,
https://auto.drom.ru/ulyanovsk/hyundai/getz/703364136.html,703364136,Хендай Гетц,410000,2008,"бензин, 1.4 л",97.0,механика,передний,красный,190 680,1.0,левый,"1 поколение, рестайлинг",,Ульяновск,
https://auto.drom.ru/kogalym/hyundai/getz/582732850.html,582732850,Хендай Гетц,590000,2006,"бензин, 1.4 л",97.0,АКПП,передний,красный,183 000,3.0,левый,"1 поколение, рестайлинг",1.4 AT GL 5d,"Когалым, Ханты-Мансийский автономный округ",
https://auto.drom.ru/astrahan/hyundai/getz/532117584.html,532117584,Хендай Гетц,330000,2003,"бензин, 1.3 л",82.0,механика,передний,серый,163 554,3.0,левый,1 поколение,1.3 MT GLS,Астрахань,
https://auto.drom.ru/miass/hyundai/getz/937212364.html,937212364,Хендай Гетц,270000,2003,"бензин, 1.3 л",82.0,механика,передний,зеленый,140 000,2.0,левый,1 поколение,1.3 MT GLS,"Миасс, Челябинская область",
https://auto.drom.ru/rybinsk/hyundai/getz/767602008.html,767602008,Хендай Гетц,350000,2006,"бензин, 1.4 л",97.0,механика,передний,желтый,127 000,,левый,"1 поколение, рестайлинг",,"Рыбинск, Ярославская область",
https://auto.drom.ru/novosibirsk/hyundai/getz/636113648.html,636113648,Хендай Гетц,225000,2004,"бензин, 1.3 л, ГБО",85.0,АКПП,передний,зеленый,253 200,2.0,левый,1 поколение,1.3 AT GLS TB15a,Новосибирск,
https://auto.drom.ru/chelyabinsk/hyundai/getz/939534561.html,939534561,Хендай Гетц,390000,2003,"бензин, 1.3 л",85.0,АКПП,передний,синий,237 000,2.0,левый,1 поколение,1.3 AT GLS TB15a,Челябинск,
https://auto.drom.ru/tyumen/hyundai/getz/626467188.html,626467188,Хендай Гетц,360000,2008,"бензин, 1.4 л",97.0,АКПП,передний,серебристый,246 000,,левый,"1 поколение, рестайлинг",1.4 AT GL 5d,Тюмень,
https://auto.drom.ru/rybinsk/hyundai/getz/478222724.html,478222724,Хендай Гетц,270000,2005,"бензин, 1.4 л",97.0,механика,передний,желтый,206 000,3.0,левый,"1 поколение, рестайлинг",,"Рыбинск, Ярославская область",
https://auto.drom.ru/volgograd/hyundai/getz/646456201.html,646456201,Хендай Гетц,525000,2008,"бензин, 1.4 л",97.0,АКПП,передний,черный,204 875,,левый,"1 поколение, рестайлинг",,Волгоград,
https://auto.drom.ru/sochi/hyundai/getz/672238765.html,672238765,Хендай Гетц,490000,2010,"бензин, 1.4 л",97.0,АКПП,передний,белый,232 500,2.0,левый,"1 поколение, рестайлинг",1.4 AT GLS,"Сочи, Краснодарский край",
https://auto.drom.ru/kursk/hyundai/getz/405122407.html,405122407,Хендай Гетц,500000,2008,"бензин, 1.4 л",97.0,АКПП,передний,коричневый,300 000,,левый,"1 поколение, рестайлинг",,Курск,
https://auto.drom.ru/kartaly/hyundai/getz/617729868.html,617729868,Хендай Гетц,565000,2010,"бензин, 1.4 л",97.0,механика,передний,серебристый,130 000,3.0,левый,"1 поколение, рестайлинг",1.4 MT GL 5d,"Карталы, Челябинская область",
https://auto.drom.ru/shahty/hyundai/getz/673715488.html,673715488,Хендай Гетц,499000,2006,"бензин, 1.4 л",97.0,механика,передний,зеленый,213 000,,левый,"1 поколение, рестайлинг",1.4 MT Comfort 5d,"Шахты, Ростовская область",
https://auto.drom.ru/abakan/hyundai/getz/609448231.html,609448231,Хендай Гетц,380000,2008,"бензин, 1.4 л",97.0,АКПП,передний,,113 000,3.0,левый,"1 поколение, рестайлинг",1.4 AT Comfort 5d,Абакан,
https://auto.drom.ru/vladimir/hyundai/getz/415250909.html,415250909,Хендай Гетц,460000,2008,"бензин, 1.4 л",97.0,механика,передний,красный,130 000,3.0,левый,"1 поколение, рестайлинг",,Владимир,
https://auto.drom.ru/rostov-na-donu/hyundai/accent/878660265.html,878660265,Хендай Акцент,390000,2009,"бензин, 1.5 л",102.0,механика,передний,серебристый,200 000,3.0,левый,2 поколение,1.5 MT MT0,Ростов-на-Дону,
https://auto.drom.ru/novocherkassk/hyundai/accent/828262884.html,828262884,Хендай Акцент,470000,2007,"бензин, 1.5 л",102.0,механика,передний,серебристый,287 281,,левый,2 поколение,,"Новочеркасск, Ростовская область",
https://auto.drom.ru/sevastopol/hyundai/accent/874551145.html,874551145,Хендай Акцент,400000,2001,"бензин, 1.5 л",90.0,автомат,передний,красный,172 000,,правый,,,"Севастополь, Республика Крым",
https://auto.drom.ru/tyumen/hyundai/accent/852649047.html,852649047,Хендай Акцент,285000,2007,"бензин, 1.5 л",102.0,механика,передний,синий,337 000,,левый,2 поколение,1.5 MT MT3,Тюмень,
https://auto.drom.ru/rostov-na-donu/hyundai/accent/852203575.html,852203575,Хендай Акцент,380000,2008,"бензин, 1.5 л",102.0,механика,передний,черный,122 000,,левый,2 поколение,1.5 MT MT3,Ростов-на-Дону,
https://auto.drom.ru/slavgorod/hyundai/accent/837029489.html,837029489,Хендай Акцент,385000,2005,"бензин, 1.5 л",102.0,механика,передний,серый,249 171,,левый,2 поколение,1.5 MT MT2,"Славгород, Алтайский край",
https://auto.drom.ru/vidnoe/hyundai/accent/945794049.html,945794049,Хендай Акцент,165000,2006,"бензин, 1.5 л",102.0,механика,передний,красный,289 487,3.0,левый,2 поколение,,"Видное, Московская область",
https://auto.drom.ru/novosibirsk/hyundai/accent/895000429.html,895000429,Хендай Акцент,850000,2011,"бензин, 1.4 л",107.0,автомат,передний,белый,201 937,,левый,4 поколение,,Новосибирск,
https://auto.drom.ru/shahty/hyundai/accent/759771399.html,759771399,Хендай Акцент,329000,2008,"бензин, 1.5 л",102.0,механика,передний,красный,420 000,2.0,левый,2 поколение,1.5 MT MT1,"Шахты, Ростовская область",
https://auto.drom.ru/moscow/hyundai/accent/716280581.html,716280581,Хендай Акцент,330000,2009,"бензин, 1.5 л",102.0,механика,передний,черный,250 000,,левый,2 поколение,,Москва,
https://auto.drom.ru/krasnodar/hyundai/accent/920974109.html,920974109,Хендай Акцент,495000,2008,"бензин, 1.5 л",102.0,АКПП,передний,красный,260 000,,левый,2 поколение,,Краснодар,
https://auto.drom.ru/chelyabinsk/hyundai/accent/910204420.html,910204420,Хендай Акцент,439000,2006,"бензин, 1.5 л",102.0,АКПП,передний,красный,206 595,,левый,2 поколение,,Челябинск,
https://auto.drom.ru/izhevsk/hyundai/accent/156681375.html,156681375,Хендай Акцент,400000,2006,"бензин, 1.5 л",102.0,механика,передний,синий,183 660,,левый,2 поколение,,Ижевск,
https://auto.drom.ru/volgograd/hyundai/accent/706494169.html,706494169,Хендай Акцент,425000,2008,"бензин, 1.5 л",102.0,механика,передний,,74 153,3.0,левый,2 поколение,1.5 MT MT2,Волгоград,
https://auto.drom.ru/spb/hyundai/accent/726125662.html,726125662,Хендай Акцент,280000,2003,"бензин, 1.5 л",102.0,механика,передний,серый,236 000,2.0,левый,2 поколение,1.5 MT MT3,Санкт-Петербург,
https://auto.drom.ru/tver/hyundai/accent/756483144.html,756483144,Хендай Акцент,200000,2007,"бензин, 1.5 л",102.0,механика,передний,бежевый,259 465,3.0,левый,2 поколение,1.5 MT MT3,Тверь,
https://auto.drom.ru/krasnodar/hyundai/accent/878229789.html,878229789,Хендай Акцент,295000,2004,"бензин, 1.5 л",102.0,механика,передний,бежевый,320 000,,левый,2 поколение,1.5 MT MT1,Краснодар,
https://auto.drom.ru/nizhniy-novgorod/hyundai/accent/935385832.html,935385832,Хендай Акцент,319888,2007,"бензин, 1.5 л",102.0,механика,передний,серебристый,219 565,,левый,2 поколение,,Нижний Новгород,
https://auto.drom.ru/kamenolomni/hyundai/accent/730755038.html,730755038,Хендай Акцент,515000,2004,"бензин, 1.5 л",102.0,АКПП,передний,серебристый,294 129,,левый,2 поколение,1.5 AT AT5,"Каменоломни, Ростовская область",
https://auto.drom.ru/tyumen/kia/rio/867275425.html,867275425,Киа Рио,180000,2003,"бензин, 1.6 л",104.0,АКПП,передний,белый,250 000,3.0,левый,"1 поколение, рестайлинг",1.6 AT,Тюмень,
https://auto.drom.ru/chaykovskiy/kia/rio/890422221.html,890422221,Киа Рио,320000,2004,"бензин, 1.5 л, ГБО",97.0,АКПП,передний,зеленый,275 000,,левый,"1 поколение, рестайлинг",1.5 AT LS,"Чайковский, Пермский край",
https://auto.drom.ru/komsomolsk/kia/rio/898091261.html,898091261,Киа Рио,540000,2011,"бензин, 1.4 л",95.0,АКПП,передний,белый,106 000,,левый,"2 поколение, рестайлинг",1.4 AT Luxe,"Комсомольск-на-Амуре, Хабаровский край",
https://auto.drom.ru/angarsk/kia/rio/938409291.html,938409291,Киа Рио,630000,2012,"бензин, 1.6 л",123.0,механика,передний,серый,250 000,3.0,левый,3 поколение,1.6 MT Prestige,"Ангарск, Иркутская область",
https://auto.drom.ru/anapa/kia/rio/911049734.html,911049734,Киа Рио,1290000,2019,"бензин, 1.6 л",123.0,механика,передний,белый,125 340,2.0,левый,4 поколение,"1.6 MT Специальная серия ""Лига Европы""","Анапа, Краснодарский край",
https://auto.drom.ru/tomsk/kia/rio/854030941.html,854030941,Киа Рио,1400000,2018,"бензин, 1.6 л",123.0,АКПП,передний,серый,94 000,2.0,левый,4 поколение,1.6 AT Luxe 2018 FWC,Томск,
https://auto.drom.ru/omsk/kia/rio/302049398.html,302049398,Киа Рио,1089000,2014,"бензин, 1.6 л",123.0,АКПП,передний,голубой,90 710,,левый,3 поколение,1.6 AT Prestige,Омск,
https://auto.drom.ru/sosnovskoe-omsk/kia/rio/890559615.html,890559615,Киа Рио,500000,2014,"бензин, 1.4 л",107.0,механика,передний,серебристый,355 555,,левый,3 поколение,,"Сосновское, Омская область",
https://auto.drom.ru/krasnodar/kia/rio/899280646.html,899280646,Киа Рио,820000,2016,"бензин, 1.4 л",107.0,АКПП,передний,коричневый,155 000,,левый,"3 поколение, рестайлинг",1.4 AT Comfort Аудио,Краснодар,
https://auto.drom.ru/voronezh/kia/rio/834336999.html,834336999,Киа Рио,852000,2015,"бензин, 1.6 л",123.0,АКПП,передний,красный,204 303,2.0,левый,"3 поколение, рестайлинг",1.6 AT Prestige,Воронеж,
https://auto.drom.ru/irkutsk/kia/rio/942989808.html,942989808,Киа Рио,810000,2016,"бензин, 1.6 л",123.0,АКПП,передний,,200 000,1.0,левый,"3 поколение, рестайлинг",,Иркутск,
https://auto.drom.ru/irkutsk/kia/rio/919815747.html,919815747,Киа Рио,1650000,2018,"бензин, 1.6 л",123.0,АКПП,передний,серый,63 000,1.0,левый,4 поколение,1.6 AT Luxe,Иркутск,
https://auto.drom.ru/achinsk/kia/rio/873464296.html,873464296,Киа Рио,1350000,2019,"бензин, 1.6 л",123.0,АКПП,передний,белый,143 000,2.0,левый,4 поколение,1.6 AT Comfort,"Ачинск, Красноярский край",
https://auto.drom.ru/saratov/kia/rio/891169257.html,891169257,Киа Рио,1200000,2017,"бензин, 1.6 л",123.0,механика,передний,серый,95 000,2.0,левый,4 поколение,1.6 MT Comfort,Саратов,
https://auto.drom.ru/ekaterinburg/kia/rio/895126519.html,895126519,Киа Рио,1249000,2017,"бензин, 1.6 л",123.0,АКПП,передний,белый,165 760,,левый,4 поколение,,Екатеринбург,
https://auto.drom.ru/simferopol/kia/rio/949088555.html,949088555,Киа Рио,750000,2016,"бензин, 1.4 л",107.0,механика,передний,черный,255 000,,левый,"3 поколение, рестайлинг",1.4 MT Comfort Кондиционер,Симферополь,
https://auto.drom.ru/moscow/kia/rio/852143969.html,852143969,Киа Рио,1549077,2021,"бензин, 1.6 л",123.0,АКПП,передний,коричневый,83 321,,левый,"4 поколение, рестайлинг",,Москва,
https://auto.drom.ru/tomsk/kia/rio/940064238.html,940064238,Киа Рио,1300000,2018,"бензин, 1.6 л",123.0,АКПП,передний,белый,154 450,2.0,левый,4 поколение,1.6 AT Comfort,Томск,
https://auto.drom.ru/stavropol/kia/rio/904123860.html,904123860,Киа Рио,1300000,2017,"бензин, 1.6 л",123.0,механика,передний,черный,151 300,1.0,левый,4 поколение,1.6 MT Comfort,Ставрополь,
https://auto.drom.ru/rostov-na-donu/kia/sportage/842865188.html,842865188,Киа Спортейдж,4899000,2026,"бензин, 2.0 л",150.0,АКПП,4WD,серый,13,1.0,левый,5 поколение,,Ростов-на-Дону,
https://auto.drom.ru/omsk/kia/sportage/573529318.html,573529318,Киа Спортейдж,1359000,2013,"бензин, 2.0 л",150.0,АКПП,4WD,красный,92 000,,левый,3 поколение,,Омск,
https://auto.drom.ru/izhevsk/kia/sportage/944553298.html,944553298,Киа Спортейдж,1219000,2012,"бензин, 2.0 л",150.0,механика,передний,серый,189 502,2.0,левый,3 поколение,2.0 MT 2WD Comfort,Ижевск,
https://auto.drom.ru/kropotkin/kia/sportage/910457164.html,910457164,Киа Спортейдж,1350000,2013,"бензин, 2.0 л",150.0,АКПП,4WD,белый,185 000,3.0,левый,3 поколение,,"Кропоткин, Краснодарский край",
https://auto.drom.ru/sevastopol/kia/sportage/834963716.html,834963716,Киа Спортейдж,1100000,2010,"бензин, 2.0 л",150.0,АКПП,передний,серебристый,304 300,3.0,левый,3 поколение,2.0 AT 2WD Luxe,"Севастополь, Республика Крым",
https://auto.drom.ru/berezovskiy-sverd/kia/sportage/852213997.html,852213997,Киа Спортейдж,1790000,2017,"бензин, 2.0 л",150.0,механика,передний,черный,153 900,1.0,левый,4 поколение,2.0 MT 2WD Classic Теплые опции,"Берёзовский, Свердловская область",
https://auto.drom.ru/tomsk/kia/sportage/847013170.html,847013170,Киа Спортейдж,2090000,2021,"бензин, 2.0 л",150.0,АКПП,передний,оранжевый,99 000,2.0,левый,"4 поколение, рестайлинг",2.0 AT 2WD Classic Теплые опции,Томск,
https://auto.drom.ru/perm/kia/sportage/909729288.html,909729288,Киа Спортейдж,1300000,2013,"бензин, 2.0 л",150.0,АКПП,4WD,серый,191 500,2.0,левый,3 поколение,2.0 AT 4WD Luxe SE,Пермь,
https://auto.drom.ru/omsk/kia/sportage/944763855.html,944763855,Киа Спортейдж,1400000,2011,"бензин, 2.0 л, ГБО",150.0,АКПП,4WD,коричневый,181 000,3.0,левый,3 поколение,2.0 AT 4WD Luxe,Омск,
https://auto.drom.ru/tyumen/kia/sportage/165368743.html,165368743,Киа Спортейдж,2349000,2017,"бензин, 2.0 л",150.0,АКПП,4WD,серый,76 297,1.0,левый,4 поколение,,Тюмень,
https://auto.drom.ru/chelyabinsk/kia/sportage/821317921.html,821317921,Киа Спортейдж,1760000,2017,"бензин, 2.0 л",150.0,АКПП,передний,черный,161 816,1.0,левый,4 поколение,2.0 AT 2WD Luxe,Челябинск,
https://auto.drom.ru/saratov/kia/sportage/873476222.html,873476222,Киа Спортейдж,1150000,2011,"бензин, 2.0 л",150.0,АКПП,передний,белый,249 000,,левый,3 поколение,2.0 AT 2WD Comfort,Саратов,
https://auto.drom.ru/odintsovo/kia/sportage/833558874.html,833558874,Киа Спортейдж,2100000,2019,"бензин, 2.4 л",184.0,АКПП,4WD,оранжевый,158 000,1.0,левый,"4 поколение, рестайлинг","2.4 AT 4WD Специальная серия ""Лига Европы""","Одинцово, Московская область",
https://auto.drom.ru/nyagan/kia/sportage/852381244.html,852381244,Киа Спортейдж,1980000,2016,"бензин, 2.0 л",150.0,АКПП,4WD,серебристый,170 092,3.0,левый,4 поколение,2.0 AT 4WD Prestige,"Нягань, Ханты-Мансийский автономный округ",
https://auto.drom.ru/donetsk/kia/sportage/925000860.html,925000860,Киа Спортейдж,1450000,2013,"бензин, 2.0 л",150.0,АКПП,передний,белый,175 000,2.0,левый,3 поколение,,"Донецк, Ростовская область",
https://auto.drom.ru/novyy-toryal/kia/sportage/818990923.html,818990923,Киа Спортейдж,850000,2009,"дизель, 2.0 л",112.0,механика,4WD,бежевый,165 000,,левый,"2 поколение, 2 рестайлинг",2.0D MT 4WD Comfort,"Новый Торъял, Республика Марий Эл",
https://auto.drom.ru/rostov-na-donu/kia/sportage/916211774.html,916211774,Киа Спортейдж,4020000,2026,"бензин, 1.5 л",200.0,автомат,передний,белый,1,1.0,левый,,,Ростов-на-Дону,
https://auto.drom.ru/moscow/kia/sportage/510598327.html,510598327,Киа Спортейдж,1299000,2014,"бензин, 2.0 л",150.0,АКПП,4WD,черный,170 433,3.0,левый,3 поколение,,Москва,
https://auto.drom.ru/krasnoyarsk/kia/sportage/825185978.html,825185978,Киа Спортейдж,1860000,2019,"бензин, 2.0 л",150.0,механика,4WD,белый,112 000,2.0,левый,"4 поколение, рестайлинг",2.0 MT 4WD Classic Теплые опции,Красноярск,
https://auto.drom.ru/novosibirsk/kia/sportage/931362526.html,931362526,Киа Спортейдж,2255000,2021,"бензин, 2.0 л",150.0,АКПП,4WD,белый,107 000,1.0,левый,"4 поколение, рестайлинг",,Новосибирск,
https://auto.drom.ru/zernograd/kia/sorento/770477546.html,770477546,Киа Соренто,3500000,2021,"дизель, 2.2 л",202.0,робот,4WD,серый,127 000,1.0,левый,4 поколение,2.2 D DCT 4WD Prestige,"Зерноград, Ростовская область",
https://auto.drom.ru/khanty-mansiysk/kia/sorento/798405932.html,798405932,Киа Соренто,1450000,2011,"бензин, 2.4 л",175.0,АКПП,4WD,коричневый,242 000,3.0,левый,2 поколение,,Ханты-Мансийск,
https://auto.drom.ru/novosibirsk/kia/sorento/835516935.html,835516935,Киа Соренто,2580000,2017,"бензин, 2.4 л",175.0,АКПП,4WD,белый,67 700,1.0,левый,"2 поколение, рестайлинг",2.4 AT Comfort,Новосибирск,
https://auto.drom.ru/vladivostok/kia/sorento/930447301.html,930447301,Киа Соренто,3850000,2021,"дизель, 2.2 л",202.0,робот,4WD,белый,100 500,1.0,левый,4 поколение,,Владивосток,
https://auto.drom.ru/vladivostok/kia/sorento/936808226.html,936808226,Киа Соренто,4100000,2021,"бензин, 3.5 л",249.0,АКПП,4WD,синий,110 000,1.0,левый,4 поколение,3.5 MPI AT 4WD Prestige,Владивосток,
https://auto.drom.ru/krasnoyarsk/kia/sorento/886027800.html,886027800,Киа Соренто,3950000,2021,"бензин, 2.5 л",180.0,АКПП,4WD,черный,56 000,1.0,левый,4 поколение,2.5 MPI AT 4WD Luxe,Красноярск,
https://auto.drom.ru/sayansk/kia/sorento/853709205.html,853709205,Киа Соренто,670000,2007,"дизель, 2.5 л",145.0,АКПП,4WD,серый,200 000,2.0,левый,"1 поколение, рестайлинг",2.5 AT 4WD TLX Premium,"Саянск, Иркутская область",
https://auto.drom.ru/barnaul/kia/sorento/908732927.html,908732927,Киа Соренто,3000000,2021,"бензин, 2.5 л",180.0,АКПП,4WD,белый,81 000,1.0,левый,4 поколение,2.5 MPI AT 4WD Prestige,Барнаул,
https://auto.drom.ru/barnaul/kia/sorento/770363014.html,770363014,Киа Соренто,520000,2002,"дизель, 2.5 л",145.0,АКПП,4WD,серый,420 000,,левый,1 поколение,2.5 AT 4WD,Барнаул,
https://auto.drom.ru/komsomolsk/kia/sorento/877730845.html,877730845,Киа Соренто,1400000,2011,"бензин, 2.4 л",175.0,механика,4WD,коричневый,190 000,1.0,левый,2 поколение,,"Комсомольск-на-Амуре, Хабаровский край",
https://auto.drom.ru/chita/kia/sorento/945315881.html,945315881,Киа Соренто,1650000,2011,"дизель, 2.2 л",197.0,АКПП,4WD,красный,86 000,1.0,левый,2 поколение,,Чита,
https://auto.drom.ru/samara/kia/sorento/791823181.html,791823181,Киа Соренто,2400000,2017,"дизель, 2.2 л",200.0,АКПП,4WD,черный,198 000,2.0,левый,3 поколение,Prime 2.2 CRDi AT Prestige,Самара,
https://auto.drom.ru/tobolsk/kia/sorento/849956958.html,849956958,Киа Соренто,2250000,2016,"бензин, 2.4 л",175.0,АКПП,4WD,серебристый,88 515,3.0,левый,"2 поколение, рестайлинг",2.4 AT Luxe,"Тобольск, Тюменская область",
https://auto.drom.ru/astrahan/kia/sorento/820724152.html,820724152,Киа Соренто,2350000,2019,"бензин, 2.4 л",175.0,АКПП,передний,черный,54 160,1.0,левый,"2 поколение, рестайлинг",2.4 AT Classic,Астрахань,
https://auto.drom.ru/borisoglebsk/kia/sorento/893524128.html,893524128,Киа Соренто,1980000,2016,"бензин, 2.4 л",175.0,АКПП,4WD,черный,121 451,2.0,левый,"2 поколение, рестайлинг",,"Борисоглебск, Воронежская область",
https://auto.drom.ru/zuevka/kia/sorento/922323476.html,922323476,Киа Соренто,600000,2007,"бензин, 3.3 л, ГБО",247.0,АКПП,4WD,черный,400 000,3.0,левый,"1 поколение, рестайлинг",3.3 AТ Элеганс,"Зуевка, Кировская область",
https://auto.drom.ru/omsk/kia/sorento/899613014.html,899613014,Киа Соренто,5350000,2023,"бензин, 2.5 л",179.0,АКПП,4WD,белый,3 000,1.0,левый,4 поколение,,Омск,
https://auto.drom.ru/naberezhnye-chelny/kia/sorento/931248932.html,931248932,Киа Соренто,3089000,2021,"бензин, 3.5 л",249.0,АКПП,4WD,голубой,106 600,2.0,левый,4 поколение,3.5 MPI AT 4WD Premium,"Набережные Челны, Республика Татарстан",
https://auto.drom.ru/buzuluk/kia/sorento/865967789.html,865967789,Киа Соренто,900000,2006,"дизель, 2.5 л",140.0,механика,4WD,синий,250 000,,левый,1 поколение,2.5 CRDi МТ Базовая,"Бузулук, Оренбургская область",
https://auto.drom.ru/omsk/kia/sorento/892366381.html,892366381,Киа Соренто,3200000,2017,"дизель, 2.2 л",200.0,АКПП,4WD,белый,80 000,3.0,левый,3 поколение,Prime 2.2 CRDi AT GT-Line,Омск,
https://auto.drom.ru/samara/kia/optima/604406147.html,604406147,Киа Оптима,1150000,2016,"бензин, 2.4 л",188.0,АКПП,передний,черный,183 570,,левый,4 поколение,,Самара,
https://auto.drom.ru/surgut/kia/optima/874473379.html,874473379,Киа Оптима,1250000,2012,"бензин, 2.0 л",150.0,АКПП,передний,серебристый,217 000,3.0,левый,3 поколение,2.0 AT Luxe,"Сургут, Ханты-Мансийский автономный округ",
https://auto.drom.ru/rostov-na-donu/kia/optima/645165226.html,645165226,Киа Оптима,1690000,2018,"бензин, 2.0 л",150.0,АКПП,передний,черный,160 072,1.0,левый,4 поколение,,Ростов-на-Дону,
https://auto.drom.ru/tyumen/kia/optima/536630620.html,536630620,Киа Оптима,1600000,2017,"бензин, 2.4 л",188.0,АКПП,передний,черный,190 000,3.0,левый,4 поколение,2.4 AT GT Line,Тюмень,
https://auto.drom.ru/bogotol/kia/optima/413835135.html,413835135,Киа Оптима,2000000,2017,"бензин, 2.4 л",188.0,АКПП,передний,белый,170 000,3.0,левый,4 поколение,2.4 AT Prestige,"Боготол, Красноярский край",
https://auto.drom.ru/shemursha/kia/optima/859583429.html,859583429,Киа Оптима,750000,2013,"бензин, 2.0 л",150.0,механика,передний,серый,295 000,,левый,3 поколение,2.0 MT Comfort,"Шемурша, Чувашская Республика",
https://auto.drom.ru/saky/kia/optima/418687621.html,418687621,Киа Оптима,1210000,2013,"бензин, 2.4 л",180.0,АКПП,передний,коричневый,275 000,,левый,3 поколение,,"Саки, Республика Крым",
https://auto.drom.ru/volgograd/kia/optima/745125266.html,745125266,Киа Оптима,2080000,2019,"бензин, 2.4 л",188.0,АКПП,передний,белый,119 139,2.0,левый,"4 поколение, рестайлинг",2.4 AT Prestige,Волгоград,
https://auto.drom.ru/minvody/kia/optima/460586324.html,460586324,Киа Оптима,1999000,2018,"бензин, 2.4 л",188.0,АКПП,передний,белый,171 784,,левый,4 поколение,,"Минеральные Воды, Ставропольский край",
https://auto.drom.ru/ufa/kia/optima/940375727.html,940375727,Киа Оптима,1790000,2019,"бензин, 2.4 л",188.0,АКПП,передний,черный,75 854,3.0,левый,"4 поколение, рестайлинг",2.4 AT Luxe,Уфа,
https://auto.drom.ru/ufa/kia/optima/874150477.html,874150477,Киа Оптима,1930000,2019,"бензин, 2.0 л",150.0,АКПП,передний,белый,113 493,1.0,левый,"4 поколение, рестайлинг",2.0 AT Comfort,Уфа,
https://auto.drom.ru/barnaul/kia/optima/720208382.html,720208382,Киа Оптима,2090000,2019,"бензин, 2.0 л",150.0,АКПП,передний,белый,89 500,2.0,левый,"4 поколение, рестайлинг","2.0 AT Специальная серия ""Edition Plus""",Барнаул,
https://auto.drom.ru/shadrinsk/kia/optima/509744361.html,509744361,Киа Оптима,1450000,2013,"бензин, 2.0 л",150.0,АКПП,передний,черный,216 288,,левый,3 поколение,2.0 AT Luxe,"Шадринск, Курганская область",
https://auto.drom.ru/ekaterinburg/kia/optima/948794295.html,948794295,Киа Оптима,2100000,2019,"бензин, 2.4 л",188.0,АКПП,передний,серебристый,79 100,1.0,левый,"4 поколение, рестайлинг",2.4 AT Prestige,Екатеринбург,
https://auto.drom.ru/tomsk/kia/optima/767300681.html,767300681,Киа Оптима,1930000,2016,"бензин, 2.0 л",245.0,АКПП,передний,черный,99 000,3.0,левый,4 поколение,2.0 T-GDI AT GT,Томск,
https://auto.drom.ru/kemerovo/kia/optima/562791667.html,562791667,Киа Оптима,2199999,2019,"бензин, 2.4 л",188.0,АКПП,передний,синий,98 750,1.0,левый,"4 поколение, рестайлинг",,Кемерово,
https://auto.drom.ru/spb/kia/optima/666083255.html,666083255,Киа Оптима,1650000,2018,"бензин, 2.0 л",150.0,АКПП,передний,серый,185 000,3.0,левый,4 поколение,2.0 AT Luxe 2018 FWC,Санкт-Петербург,
https://auto.drom.ru/tula/kia/optima/847959587.html,847959587,Киа Оптима,1300000,2013,"бензин, 2.0 л",274.0,АКПП,передний,белый,15 000,,левый,3 поколение,2.0 T-GDI AT SX,Тула,
https://auto.drom.ru/divnogorsk/kia/optima/777443010.html,777443010,Киа Оптима,1200000,2012,"бензин, 2.0 л",162.0,АКПП,передний,серый,178 000,1.0,левый,3 поколение,,"Дивногорск, Красноярский край",
https://auto.drom.ru/arhangelsk/kia/optima/804386224.html,804386224,Киа Оптима,1780000,2019,"бензин, 2.4 л",188.0,АКПП,передний,синий,139 000,2.0,левый,"4 поколение, рестайлинг","2.4 AT Специальная серия ""Edition Plus""",Архангельск,
https://auto.drom.ru/irkutsk/kia/cerato/933550490.html,933550490,Киа Церато,1000000,2016,"бензин, 2.0 л",150.0,АКПП,передний,черный,210 000,1.0,левый,"3 поколение, рестайлинг",2.0 AT Premium,Иркутск,
https://auto.drom.ru/chelyabinsk/kia/cerato/679107325.html,679107325,Киа Церато,1489000,2019,"бензин, 2.0 л",150.0,АКПП,передний,белый,164 900,2.0,левый,"3 поколение, рестайлинг",2.0 AT Prestige,Челябинск,
https://auto.drom.ru/barnaul/kia/cerato/728562337.html,728562337,Киа Церато,570000,2009,"бензин, 1.6 л",126.0,механика,передний,,308 000,,левый,2 поколение,,Барнаул,
https://auto.drom.ru/simferopol/kia/cerato/651373279.html,651373279,Киа Церато,2300000,2021,"бензин, 2.0 л",150.0,АКПП,передний,синий,79 000,,левый,"4 поколение, рестайлинг",2.0 AT Prestige,Симферополь,
https://auto.drom.ru/kerch/kia/cerato/541874948.html,541874948,Киа Церато,1050000,2012,"бензин, 1.6 л",126.0,механика,передний,серебристый,197 000,2.0,левый,2 поколение,1.6 MT Luxe,"Керчь, Республика Крым",
https://auto.drom.ru/omsk/kia/cerato/557888983.html,557888983,Киа Церато,749000,2012,"бензин, 1.6 л",126.0,АКПП,передний,белый,199 500,,левый,2 поколение,1.6 AT Luxe,Омск,
https://auto.drom.ru/tyumen/kia/cerato/727803378.html,727803378,Киа Церато,1460000,2019,"бензин, 2.0 л",150.0,АКПП,передний,серый,190 000,3.0,левый,"3 поколение, рестайлинг",2.0 AT Luxe,Тюмень,
https://auto.drom.ru/obninsk/kia/cerato/717945992.html,717945992,Киа Церато,685000,2009,"бензин, 1.6 л",126.0,АКПП,передний,синий,276 000,3.0,левый,2 поколение,1.6 AT Luxe,"Обнинск, Калужская область",
https://auto.drom.ru/moscow/kia/cerato/887627061.html,887627061,Киа Церато,960000,2012,"бензин, 1.6 л",126.0,АКПП,передний,белый,171 834,2.0,левый,2 поколение,,Москва,
https://auto.drom.ru/moscow/kia/cerato/544275392.html,544275392,Киа Церато,1450000,2019,"бензин, 2.0 л, ГБО",150.0,АКПП,передний,белый,109 000,1.0,левый,"3 поколение, рестайлинг",2.0 AT Luxe,Москва,
https://auto.drom.ru/omsk/kia/cerato/674262540.html,674262540,Киа Церато,1519000,2017,"бензин, 2.0 л",150.0,АКПП,передний,белый,169 600,,левый,"3 поколение, рестайлинг",2.0 AT Luxe,Омск,
https://auto.drom.ru/kazan/kia/cerato/860119163.html,860119163,Киа Церато,1500000,2021,"бензин, 2.0 л",150.0,АКПП,передний,синий,99 000,1.0,левый,4 поколение,,Казань,
https://auto.drom.ru/tobolsk/kia/cerato/732185871.html,732185871,Киа Церато,2100000,2020,"бензин, 2.0 л",150.0,АКПП,передний,красный,88 305,1.0,левый,4 поколение,2.0 AT GT Line+,"Тобольск, Тюменская область",
https://auto.drom.ru/kemerovo/kia/cerato/675447099.html,675447099,Киа Церато,850000,2014,"бензин, 1.6 л",130.0,АКПП,передний,белый,258 000,1.0,левый,3 поколение,,Кемерово,
https://auto.drom.ru/chita/kia/cerato/613623425.html,613623425,Киа Церато,1750000,2019,"бензин, 2.0 л",150.0,АКПП,передний,серебристый,105 000,1.0,левый,4 поколение,2.0 AT GT Line,Чита,
https://auto.drom.ru/novosibirsk/kia/cerato/605308008.html,605308008,Киа Церато,2000000,2021,"бензин, 2.0 л",150.0,АКПП,передний,серый,20 000,1.0,левый,4 поколение,2.0 AT Luxe,Новосибирск,
https://auto.drom.ru/snezhinsk/kia/cerato/811267706.html,811267706,Киа Церато,700000,2010,"бензин, 2.0 л",156.0,механика,передний,черный,338 125,,левый,2 поколение,2.0 MT Premium,"Снежинск, Челябинская область",
https://auto.drom.ru/gvardeyskoe/kia/cerato/805153480.html,805153480,Киа Церато,650000,2010,"бензин, 1.6 л",126.0,механика,передний,серый,304 000,1.0,левый,2 поколение,1.6 MT Comfort,"Гвардейское, Республика Крым",
https://auto.drom.ru/pochtovoe-krym/kia/cerato/607814184.html,607814184,Киа Церато,350000,2004,"бензин, 1.6 л",105.0,АКПП,передний,синий,250 000,,левый,1 поколение,1.6 AT,"Почтовое, Республика Крым",
https://auto.drom.ru/kemerovo/kia/cerato/907113559.html,907113559,Киа Церато,660000,2014,"бензин, 1.6 л",130.0,механика,передний,белый,190 000,3.0,левый,3 поколение,1.6 MT Comfort,Кемерово,
https://auto.drom.ru/moscow/kia/soul/696708750.html,696708750,Киа Соул,1950000,2020,"бензин, 2.0 л",150.0,АКПП,передний,синий,72 000,1.0,левый,3 поколение,2.0 AT Premium+,Москва,
https://auto.drom.ru/chelyabinsk/kia/soul/248961830.html,248961830,Киа Соул,1709000,2019,"бензин, 1.6 л",123.0,АКПП,передний,красный,120 000,1.0,левый,3 поколение,,Челябинск,
https://auto.drom.ru/serov/kia/soul/301290964.html,301290964,Киа Соул,850000,2012,"бензин, 1.6 л",129.0,механика,передний,белый,115 000,2.0,левый,"1 поколение, рестайлинг",,"Серов, Свердловская область",
https://auto.drom.ru/samara/kia/soul/311469385.html,311469385,Киа Соул,1230000,2014,"бензин, 1.6 л",124.0,механика,передний,черный,119 000,2.0,левый,2 поколение,,Самара,
https://auto.drom.ru/minvody/kia/soul/522612999.html,522612999,Киа Соул,1787000,2019,"бензин, 2.0 л",150.0,АКПП,передний,белый,97 845,1.0,левый,3 поколение,2.0 AT Luxe+,"Минеральные Воды, Ставропольский край",
https://auto.drom.ru/voronezh/kia/soul/906870448.html,906870448,Киа Соул,1879000,2020,"бензин, 2.0 л",150.0,АКПП,передний,синий,84 533,1.0,левый,3 поколение,,Воронеж,
https://auto.drom.ru/novosibirsk/kia/soul/567025748.html,567025748,Киа Соул,1900000,2021,"бензин, 2.0 л",150.0,АКПП,передний,красный,59 500,1.0,левый,3 поколение,2.0 AT Luxe+,Новосибирск,
https://auto.drom.ru/kemerovo/kia/soul/668844986.html,668844986,Киа Соул,1690000,2018,"бензин, 2.0 л",150.0,АКПП,передний,коричневый,136 996,1.0,левый,"2 поколение, рестайлинг",2.0 AT Prestige,Кемерово,
https://auto.drom.ru/berezniky/kia/soul/644658442.html,644658442,Киа Соул,1700000,2019,"бензин, 1.6 л",123.0,механика,передний,серый,91 727,1.0,левый,3 поколение,1.6 MT Comfort,"Березники, Пермский край",
https://auto.drom.ru/moscow/kia/soul/650920014.html,650920014,Киа Соул,1840000,2018,"бензин, 2.0 л",150.0,АКПП,передний,красный,83 965,2.0,левый,"2 поколение, рестайлинг",2.0 AT Premium,Москва,
https://auto.drom.ru/omsk/kia/soul/537130714.html,537130714,Киа Соул,2140000,2020,"бензин, 2.0 л",150.0,АКПП,передний,красный,24 360,1.0,левый,3 поколение,,Омск,
https://auto.drom.ru/belgorod/kia/soul/939082770.html,939082770,Киа Соул,1660000,2018,"бензин, 2.0 л",150.0,АКПП,передний,красный,74 400,2.0,левый,"2 поколение, рестайлинг",2.0 AT Luxe,Белгород,
https://auto.drom.ru/orenburg/kia/soul/343591891.html,343591891,Киа Соул,971000,2016,"бензин, 1.6 л",124.0,механика,передний,бежевый,180 977,2.0,левый,2 поколение,1.6 MT Comfort,Оренбург,
https://auto.drom.ru/habarovsk/kia/soul/264556811.html,264556811,Киа Соул,720000,2011,"дизель, 1.6 л",128.0,АКПП,передний,оранжевый,110 000,1.0,левый,1 поколение,1.6 CRDi AT Burner,Хабаровск,
https://auto.drom.ru/minvody/kia/soul/699763802.html,699763802,Киа Соул,1399000,2016,"бензин, 1.6 л",124.0,АКПП,передний,черный,81 684,2.0,левый,"2 поколение, рестайлинг",1.6 AT Comfort,"Минеральные Воды, Ставропольский край",
https://auto.drom.ru/kursk/kia/soul/537054401.html,537054401,Киа Соул,990000,2013,"бензин, 1.6 л",129.0,АКПП,передний,зеленый,142 000,2.0,левый,"1 поколение, рестайлинг",1.6 AT Luxe,Курск,
https://auto.drom.ru/pervomayskoe-lenobl/kia/soul/885503648.html,885503648,Киа Соул,860000,2010,"дизель, 1.6 л",128.0,АКПП,передний,черный,266 000,2.0,левый,1 поколение,,"Первомайское, Ленинградская область",
https://auto.drom.ru/novosibirsk/kia/soul/931868819.html,931868819,Киа Соул,624000,2009,"бензин, 1.6 л",124.0,АКПП,передний,красный,210 000,,левый,1 поколение,1.6 AT Luxe,Новосибирск,
https://auto.drom.ru/tver/kia/soul/553767703.html,553767703,Киа Соул,1340000,2016,"бензин, 1.6 л",124.0,АКПП,передний,коричневый,142 000,2.0,левый,2 поколение,1.6 AT Red Line (Comfort),Тверь,
https://auto.drom.ru/voronezh/kia/soul/479155444.html,479155444,Киа Соул,1499000,2019,"бензин, 1.6 л",123.0,механика,передний,синий,51 000,2.0,левый,3 поколение,1.6 MT Comfort,Воронеж,
https://auto.drom.ru/syktyvkar/kia/picanto/420370020.html,420370020,Киа Пиканто,595000,2009,"бензин, 1.1 л",65.0,АКПП,передний,серый,89 000,2.0,левый,"1 поколение, рестайлинг",,Сыктывкар,
https://auto.drom.ru/kazan/kia/picanto/520010501.html,520010501,Киа Пиканто,335000,2010,"бензин, 1.0 л",62.0,механика,передний,голубой,142 000,2.0,левый,"1 поколение, 2 рестайлинг",,Казань,
https://auto.drom.ru/novosibirsk/kia/picanto/582759889.html,582759889,Киа Пиканто,415000,2007,"бензин, 1.1 л",65.0,АКПП,передний,зеленый,120 670,2.0,левый,1 поколение,1.1 AT EX,Новосибирск,
https://auto.drom.ru/chelyabinsk/kia/picanto/711136742.html,711136742,Киа Пиканто,370000,2007,"бензин, 1.0 л",62.0,механика,передний,синий,158 000,,левый,1 поколение,1.0 MT Base,Челябинск,
https://auto.drom.ru/spb/kia/picanto/185035637.html,185035637,Киа Пиканто,1189777,2018,"бензин, 1.3 л",84.0,автомат,передний,серый,145 487,3.0,левый,,,Санкт-Петербург,
https://auto.drom.ru/nizhnevartovsk/kia/picanto/821383880.html,821383880,Киа Пиканто,420000,2006,"бензин, 1.1 л",65.0,АКПП,передний,зеленый,200 000,3.0,левый,1 поколение,,"Нижневартовск, Ханты-Мансийский автономный округ",
https://auto.drom.ru/rostov-na-donu/kia/picanto/553683537.html,553683537,Киа Пиканто,1099000,2014,"бензин, 1.2 л",85.0,АКПП,передний,зеленый,110 645,3.0,левый,2 поколение,,Ростов-на-Дону,
https://auto.drom.ru/petrozavodsk/kia/picanto/628406749.html,628406749,Киа Пиканто,355000,2007,"бензин, 1.1 л",65.0,механика,передний,,192 709,,левый,1 поколение,,Петрозаводск,
https://auto.drom.ru/shatura/kia/picanto/390982010.html,390982010,Киа Пиканто,570000,2013,"бензин, 1.0 л",69.0,механика,передний,черный,162 000,1.0,левый,2 поколение,1.0 MT Classic 5dr.,"Шатура, Московская область",
https://auto.drom.ru/chelyabinsk/kia/picanto/282472017.html,282472017,Киа Пиканто,569000,2010,"бензин, 1.1 л",65.0,АКПП,передний,синий,121 940,,левый,1 поколение,,Челябинск,
https://auto.drom.ru/sterlitamak/kia/picanto/902167243.html,902167243,Киа Пиканто,770000,2011,"бензин, 1.2 л",85.0,АКПП,передний,зеленый,149 000,,левый,2 поколение,1.2 AT Comfort 5dr.,"Стерлитамак, Республика Башкортостан",
https://auto.drom.ru/tyumen/kia/picanto/669371014.html,669371014,Киа Пиканто,800000,2012,"бензин, 1.2 л",85.0,АКПП,передний,белый,185 000,,левый,2 поколение,,Тюмень,
https://auto.drom.ru/moscow/kia/picanto/418940659.html,418940659,Киа Пиканто,222999,2007,"бензин, 1.0 л",62.0,механика,передний,серебристый,280 000,2.0,левый,1 поколение,1.0 MT Base,Москва,
https://auto.drom.ru/voronezh/kia/picanto/511307820.html,511307820,Киа Пиканто,499000,2015,"бензин, 1.0 л",65.0,механика,передний,черный,266 947,3.0,левый,,,Воронеж,
https://auto.drom.ru/spb/kia/picanto/125656488.html,125656488,Киа Пиканто,1309000,2019,"бензин, 1.2 л",84.0,АКПП,передний,голубой,79 600,2.0,левый,3 поколение,1.2 AT Comfort,Санкт-Петербург,
https://auto.drom.ru/orenburg/kia/picanto/299098781.html,299098781,Киа Пиканто,270000,2006,"бензин, 1.0 л",62.0,механика,передний,голубой,184 413,,левый,1 поколение,1.0 MT Base,Оренбург,
https://auto.drom.ru/khanty-mansiysk/kia/picanto/641284601.html,641284601,Киа Пиканто,850000,2013,"бензин, 1.2 л",85.0,АКПП,передний,белый,71 000,2.0,левый,2 поколение,1.2 AT Comfort 5dr.,Ханты-Мансийск,
https://auto.drom.ru/moscow/kia/picanto/153312877.html,153312877,Киа Пиканто,1199000,2021,"бензин, 1.2 л",84.0,АКПП,передний,красный,125 567,1.0,левый,3 поколение,,Москва,
https://auto.drom.ru/rostov-na-donu/kia/picanto/470159585.html,470159585,Киа Пиканто,1049000,2015,"бензин, 1.2 л",85.0,АКПП,передний,белый,58 770,2.0,левый,2 поколение,,Ростов-на-Дону,
https://auto.drom.ru/ufa/kia/picanto/264246595.html,264246595,Киа Пиканто,262000,2006,"бензин, 1.1 л",65.0,механика,передний,черный,171 000,3.0,левый,1 поколение,1.1 MT LX,Уфа,
https://auto.drom.ru/sovetskiy/kia/mohave/645721134.html,645721134,Киа Мохав,1500000,2013,"дизель, 3.0 л",250.0,АКПП,4WD,черный,290 000,2.0,левый,1 поколение,,"Советский, Ханты-Мансийский автономный округ",
https://auto.drom.ru/nizhnevartovsk/kia/mohave/789041380.html,789041380,Киа Мохав,3800000,2020,"дизель, 3.0 л",249.0,АКПП,4WD,черный,100 500,1.0,левый,"1 поколение, 2 рестайлинг",,"Нижневартовск, Ханты-Мансийский автономный округ",
https://auto.drom.ru/artem/kia/mohave/591458187.html,591458187,Киа Мохав,4500000,2019,"дизель, 3.0 л",260.0,АКПП,4WD,белый,130 484,1.0,левый,"1 поколение, 2 рестайлинг",3.0D AT 4WD Masters 6 seats,"Артём, Приморский край",
https://auto.drom.ru/orenburg/kia/mohave/931374543.html,931374543,Киа Мохав,5000000,2021,"дизель, 3.0 л",249.0,АКПП,4WD,серый,64 000,1.0,левый,"1 поколение, 2 рестайлинг",3.0 AT 4WD Premium+,Оренбург,
https://auto.drom.ru/moscow/kia/mohave/576943608.html,576943608,Киа Мохав,1799000,2013,"дизель, 3.0 л",250.0,АКПП,4WD,черный,308 800,3.0,левый,1 поколение,,Москва,
https://auto.drom.ru/novosibirsk/kia/spectra/764993516.html,764993516,Киа Спектра,275000,2006,"бензин, 1.6 л",101.0,АКПП,передний,серебристый,275 800,,левый,"1 поколение, рестайлинг",1.6 AT Люкс,Новосибирск,
https://auto.drom.ru/krasnodar/kia/spectra/553114812.html,553114812,Киа Спектра,350000,2008,"бензин, 1.6 л",101.0,механика,передний,черный,214 000,,левый,"1 поколение, рестайлинг",1.6 MT Комфорт,Краснодар,
https://auto.drom.ru/dobryanka/kia/spectra/759920661.html,759920661,Киа Спектра,145000,2008,"бензин, 1.6 л",101.0,механика,передний,бежевый,345 000,,левый,"1 поколение, рестайлинг",1.6 MT Стандарт,"Добрянка, Пермский край",
https://auto.drom.ru/kurchatov/kia/spectra/427377648.html,427377648,Киа Спектра,290000,2006,"бензин, 1.6 л",101.0,механика,передний,серый,298 000,,левый,"1 поколение, рестайлинг",1.6 MT Комфорт+,"Курчатов, Курская область",
https://auto.drom.ru/volgodonsk/kia/spectra/827493186.html,827493186,Киа Спектра,199990,2007,"бензин, 1.6 л",101.0,механика,передний,серебристый,149 900,,левый,"1 поколение, рестайлинг",1.6 MT Комфорт,"Волгодонск, Ростовская область",
https://auto.drom.ru/bezenchuk/kia/spectra/405635564.html,405635564,Киа Спектра,455000,2007,"бензин, 1.6 л",101.0,АКПП,передний,серебристый,170 000,1.0,левый,"1 поколение, рестайлинг",1.6 AT Люкс,"Безенчук, Самарская область",
https://auto.drom.ru/tyumen/kia/spectra/896120106.html,896120106,Киа Спектра,260000,2006,"бензин, 1.6 л",101.0,АКПП,передний,серый,302 800,3.0,левый,"1 поколение, рестайлинг",1.6 AT Люкс,Тюмень,
https://auto.drom.ru/khanty-mansiysk/kia/spectra/929085372.html,929085372,Киа Спектра,200000,2006,"бензин, 1.6 л",101.0,механика,передний,черный,300 000,,левый,"1 поколение, рестайлинг",,Ханты-Мансийск,
https://auto.drom.ru/pavlovsk/kia/spectra/846211809.html,846211809,Киа Спектра,370000,2008,"бензин, 1.6 л",101.0,механика,передний,черный,230 000,,левый,"1 поколение, рестайлинг",1.6 MT Комфорт,"Павловск, Воронежская область",
https://auto.drom.ru/surgut/kia/spectra/702607264.html,702607264,Киа Спектра,240000,2007,"бензин, 1.6 л",101.0,механика,передний,белый,213 752,,левый,"1 поколение, рестайлинг",1.6 MT Комфорт,"Сургут, Ханты-Мансийский автономный округ",
https://auto.drom.ru/moscow/kia/spectra/322024763.html,322024763,Киа Спектра,250000,2007,"бензин, 1.6 л",101.0,АКПП,передний,бордовый,303 252,3.0,левый,"1 поколение, рестайлинг",1.6 AT Люкс,Москва,
https://auto.drom.ru/novosibirsk/kia/spectra/760589642.html,760589642,Киа Спектра,220000,2006,"бензин, 1.6 л",101.0,механика,передний,красный,231 000,,левый,"1 поколение, рестайлинг",1.6 MT Стандарт,Новосибирск,
https://auto.drom.ru/shilovo/kia/spectra/534224272.html,534224272,Киа Спектра,340000,2006,"бензин, 1.6 л",101.0,механика,передний,серебристый,355 000,,левый,"1 поколение, рестайлинг",,"Шилово, Рязанская область",
https://auto.drom.ru/tarko-sale/kia/spectra/815291132.html,815291132,Киа Спектра,400000,2007,"бензин, 1.6 л",101.0,механика,передний,красный,207 000,,левый,"1 поколение, рестайлинг",1.6 MT Комфорт+,"Тарко-Сале, Ямало-Ненецкий автономный округ",
https://auto.drom.ru/vyazma/kia/spectra/728734367.html,728734367,Киа Спектра,380000,2007,"бензин, 1.6 л",101.0,механика,передний,красный,184 628,2.0,левый,"1 поколение, рестайлинг",1.6 MT Комфорт,"Вязьма, Смоленская область",
https://auto.drom.ru/cheboksary/kia/spectra/883532905.html,883532905,Киа Спектра,360000,2007,"бензин, 1.6 л",101.0,АКПП,передний,серебристый,280 016,3.0,левый,"1 поколение, рестайлинг",1.6 AT Люкс,Чебоксары,
https://auto.drom.ru/kaluga/kia/spectra/949247103.html,949247103,Киа Спектра,135000,2008,"бензин, 1.6 л",101.0,механика,передний,золотистый,323 000,,левый,"1 поколение, рестайлинг",,Калуга,
https://auto.drom.ru/rostov-na-donu/kia/spectra/399580593.html,399580593,Киа Спектра,200000,2008,"бензин, 1.6 л",101.0,механика,передний,красный,261 000,3.0,левый,"1 поколение, рестайлинг",1.6 MT Комфорт,Ростов-на-Дону,
https://auto.drom.ru/tobolsk/kia/spectra/452984578.html,452984578,Киа Спектра,240000,2008,"бензин, 1.6 л",101.0,механика,передний,серебристый,200 000,1.0,левый,"1 поколение, рестайлинг",,"Тобольск, Тюменская область",
https://auto.drom.ru/kazan/kia/spectra/368864613.html,368864613,Киа Спектра,270000,2006,"бензин, 1.6 л",101.0,механика,передний,серебристый,184 600,,левый,"1 поколение, рестайлинг",,Казань,
https://auto.drom.ru/samara/nissan/almera/516647783.html,516647783,Ниссан Альмера,330000,2005,"бензин, 1.5 л",98.0,механика,передний,черный,255 000,,левый,"2 поколение, рестайлинг",1.5 MT Комфорт,Самара,
https://auto.drom.ru/kazan/nissan/almera/548479945.html,548479945,Ниссан Альмера,699999,2018,"бензин, 1.6 л",102.0,механика,передний,золотистый,95 000,3.0,левый,3 поколение,1.6 MT Comfort Plus,Казань,
https://auto.drom.ru/kyzyl/nissan/almera/928950786.html,928950786,Ниссан Альмера,385000,2014,"бензин, 1.6 л",102.0,АКПП,передний,синий,198 000,1.0,левый,3 поколение,,Кызыл,
https://auto.drom.ru/molodechno/nissan/almera/946604291.html,946604291,Ниссан Альмера,150000,2000,"бензин, 1.5 л",90.0,механика,передний,черный,242 600,3.0,левый,2 поколение,,"Молодечно, Минская область",
https://auto.drom.ru/tomsk/nissan/almera/892860084.html,892860084,Ниссан Альмера,530000,2013,"бензин, 1.6 л",102.0,механика,передний,бежевый,156 495,3.0,левый,3 поколение,1.6 MT Tekna,Томск,
https://auto.drom.ru/petropavlovsk-kamchatskiy/nissan/almera/805988610.html,805988610,Ниссан Альмера,680000,2014,"бензин, 1.6 л",102.0,АКПП,передний,белый,164 400,3.0,левый,3 поколение,1.6 AT Tekna,Петропавловск-Камчатский,
https://auto.drom.ru/surgut/nissan/almera/461574062.html,461574062,Ниссан Альмера,650000,2014,"бензин, 1.6 л",102.0,механика,передний,белый,180 800,,левый,3 поколение,1.6 MT Comfort Plus,"Сургут, Ханты-Мансийский автономный округ",
https://auto.drom.ru/krasnoperekopsk/nissan/almera/458474368.html,458474368,Ниссан Альмера,265000,2000,"бензин, 1.5 л",90.0,механика,передний,зеленый,350 000,,левый,2 поколение,1.5 MT Люкс,"Красноперекопск, Республика Крым",
https://auto.drom.ru/tomsk/nissan/almera/881399458.html,881399458,Ниссан Альмера,650000,2017,"бензин, 1.6 л, ГБО",102.0,механика,передний,белый,382 000,1.0,левый,3 поколение,1.6 MT Comfort,Томск,
https://auto.drom.ru/surgut/nissan/almera/574465183.html,574465183,Ниссан Альмера,550000,2014,"бензин, 1.6 л, ГБО",102.0,АКПП,передний,белый,370 000,1.0,левый,3 поколение,1.6 AT Comfort AC,"Сургут, Ханты-Мансийский автономный округ",
https://auto.drom.ru/tulun/nissan/almera/564744486.html,564744486,Ниссан Альмера,600000,2016,"бензин, 1.6 л",102.0,механика,передний,белый,300 000,2.0,левый,3 поколение,,"Тулун, Иркутская область",
https://auto.drom.ru/kostroma/nissan/almera/754174551.html,754174551,Ниссан Альмера,299000,2005,"бензин, 1.8 л",116.0,АКПП,передний,бежевый,184 000,,левый,"2 поколение, рестайлинг",,Кострома,
https://auto.drom.ru/nizhnevartovsk/nissan/almera/426039656.html,426039656,Ниссан Альмера,360000,2017,"бензин, 1.6 л, ГБО",102.0,механика,передний,серый,280 000,3.0,левый,3 поколение,1.6 MT Comfort AC,"Нижневартовск, Ханты-Мансийский автономный округ",
https://auto.drom.ru/irkutsk/nissan/almera/506458264.html,506458264,Ниссан Альмера,305000,2004,"бензин, 1.8 л",116.0,АКПП,передний,золотистый,370 000,1.0,левый,"2 поколение, рестайлинг",1.8 AT Люкс,Иркутск,
https://auto.drom.ru/tomsk/nissan/almera/373392121.html,373392121,Ниссан Альмера,740000,2016,"бензин, 1.6 л, ГБО",102.0,АКПП,передний,серебристый,258 000,3.0,левый,3 поколение,1.6 AT Comfort AC,Томск,
https://auto.drom.ru/lesnoy/nissan/almera/497806505.html,497806505,Ниссан Альмера,320000,2013,"бензин, 1.6 л",102.0,механика,передний,черный,189 000,3.0,левый,3 поколение,,"Лесной, Свердловская область",
https://auto.drom.ru/chelyabinsk/nissan/almera/689113260.html,689113260,Ниссан Альмера,499000,2016,"бензин, 1.6 л",102.0,механика,передний,белый,430 000,,левый,3 поколение,1.6 MT Tekna,Челябинск,
https://auto.drom.ru/orehovo-zuevo/nissan/almera/604330516.html,604330516,Ниссан Альмера,299000,2003,"бензин, 1.5 л",98.0,механика,передний,красный,200 500,,левый,"2 поколение, рестайлинг",1.5 MT Комфорт,"Орехово-Зуево, Московская область",
https://auto.drom.ru/novorossiysk/nissan/note/878845156.html,878845156,Ниссан Ноут,360000,2007,"бензин, 1.4 л",88.0,механика,передний,синий,312 500,,левый,1 поколение,1.4 MT Comfort,"Новороссийск, Краснодарский край",
https://auto.drom.ru/vladivostok/nissan/note/945771469.html,945771469,Ниссан Ноут,620000,2014,"бензин, 1.2 л",98.0,вариатор,передний,бордовый,200 000,3.0,правый,2 поколение,1.2 S DIG-S,Владивосток,
https://auto.drom.ru/ekaterinburg/nissan/note/878135663.html,878135663,Ниссан Ноут,1290000,2019,"бензин, 1.2 л",79.0,вариатор,передний,красный,41 615,1.0,правый,"2 поколение, рестайлинг",,Екатеринбург,
https://auto.drom.ru/dalnerechensk/nissan/note/946782536.html,946782536,Ниссан Ноут,840000,2019,"бензин, 1.2 л",79.0,вариатор,передний,серый,85 000,1.0,правый,"2 поколение, рестайлинг",1.2 Medalist X Black Arrow,"Дальнереченск, Приморский край",
https://auto.drom.ru/irkutsk/nissan/note/849388165.html,849388165,Ниссан Ноут,970000,2017,"бензин, 1.2 л",79.0,вариатор,передний,серый,98 500,1.0,правый,"2 поколение, рестайлинг",,Иркутск,
https://auto.drom.ru/yaroslavl/nissan/note/911407172.html,911407172,Ниссан Ноут,699000,2011,"бензин, 1.4 л",88.0,механика,передний,синий,123 662,1.0,левый,"1 поколение, рестайлинг",1.4 MT Luxury,Ярославль,
https://auto.drom.ru/novosibirsk/nissan/note/875040848.html,875040848,Ниссан Ноут,1300000,2019,"бензин, 1.2 л, гибрид",79.0,АКПП,4WD,черный,130 000,1.0,правый,"2 поколение, рестайлинг",1.2 e-POWER X FOUR 4WD,Новосибирск,
https://auto.drom.ru/chita/nissan/note/949516392.html,949516392,Ниссан Ноут,570000,2007,"бензин, 1.6 л",110.0,АКПП,передний,оранжевый,280 000,3.0,левый,1 поколение,1.6 AT Acenta,Чита,
https://auto.drom.ru/habarovsk/nissan/note/611666104.html,611666104,Ниссан Ноут,850000,2017,"бензин, 1.2 л",98.0,вариатор,передний,серый,98 797,,правый,"2 поколение, рестайлинг",1.2 Medalist,,
https://auto.drom.ru/voronezh/nissan/note/883616866.html,883616866,Ниссан Ноут,510000,2008,"бензин, 1.4 л",88.0,механика,передний,черный,232 000,3.0,левый,1 поколение,1.4 MT Comfort,Воронеж,
https://auto.drom.ru/vladivostok/nissan/note/541959366.html,541959366,Ниссан Ноут,1170000,2019,"бензин, 1.2 л, гибрид",79.0,АКПП,передний,белый,33 000,,правый,"2 поколение, рестайлинг",,Владивосток,
https://auto.drom.ru/vladivostok/nissan/note/449556569.html,449556569,Ниссан Ноут,665000,2019,"бензин, 1.2 л",79.0,вариатор,передний,серый,163 200,1.0,правый,"2 поколение, рестайлинг",1.2 X V Selection,Владивосток,
https://auto.drom.ru/pervomaysk/nissan/note/868611050.html,868611050,Ниссан Ноут,590000,2007,"бензин, 1.6 л",110.0,механика,передний,черный,210 000,2.0,левый,1 поколение,,"Первомайск, Нижегородская область",
https://auto.drom.ru/vladivostok/nissan/note/850222356.html,850222356,Ниссан Ноут,720000,2019,"бензин, 1.2 л",79.0,вариатор,передний,черный,135 000,1.0,правый,"2 поколение, рестайлинг",1.2 X,Владивосток,
https://auto.drom.ru/habarovsk/nissan/note/892413793.html,892413793,Ниссан Ноут,570000,2013,"бензин, 1.2 л",98.0,вариатор,передний,голубой,209 000,2.0,правый,2 поколение,1.2 S DIG-S,Хабаровск,
https://auto.drom.ru/artem/nissan/note/858312686.html,858312686,Ниссан Ноут,750000,2013,"бензин, 1.2 л",98.0,вариатор,передний,розовый,100 000,1.0,правый,2 поколение,1.2 S DIG-S,"Артём, Приморский край",
https://auto.drom.ru/chita/nissan/note/873060832.html,873060832,Ниссан Ноут,1210000,2018,"бензин, 1.2 л, гибрид",79.0,АКПП,передний,серый,150,1.0,правый,"2 поколение, рестайлинг",1.2 e-POWER X,Чита,
https://auto.drom.ru/habarovsk/nissan/note/872318188.html,872318188,Ниссан Ноут,699999,2014,"бензин, 1.2 л",98.0,вариатор,передний,серый,155 000,3.0,правый,2 поколение,1.2 Medalist,Хабаровск,
https://auto.drom.ru/borodino/nissan/note/508538542.html,508538542,Ниссан Ноут,835000,2017,"бензин, 1.2 л",79.0,вариатор,передний,синий,78 000,1.0,правый,"2 поколение, рестайлинг",1.2 X,"Бородино, Красноярский край",
https://auto.drom.ru/novosibirsk/nissan/note/851370113.html,851370113,Ниссан Ноут,899000,2015,"бензин, 1.2 л",98.0,вариатор,передний,белый,73 000,1.0,правый,2 поколение,1.2 X DIG-S,Новосибирск,
https://auto.drom.ru/vladivostok/nissan/note/376105127.html,376105127,Ниссан Ноут,1250000,2019,"бензин, 1.2 л, гибрид",79.0,АКПП,передний,,37 000,1.0,правый,"2 поколение, рестайлинг",1.2 e-POWER Medalist,Владивосток,
https://auto.drom.ru/vladivostok/nissan/note/784178717.html,784178717,Ниссан Ноут,830000,2019,"бензин, 1.2 л",79.0,вариатор,передний,серый,101 000,,правый,"2 поколение, рестайлинг",1.2 X,Владивосток,
https://auto.drom.ru/krasnoyarsk/nissan/tiida/893878919.html,893878919,Ниссан Тиида,850000,2011,"бензин, 1.5 л",109.0,вариатор,передний,красный,77 000,1.0,правый,"1 поколение, рестайлинг",1.5 15S,Красноярск,
https://auto.drom.ru/yaroslavl/nissan/tiida/638477351.html,638477351,Ниссан Тиида,449000,2007,"бензин, 1.6 л",110.0,АКПП,передний,серебристый,278 435,,левый,1 поколение,,Ярославль,
https://auto.drom.ru/biysk/nissan/tiida/818711104.html,818711104,Ниссан Тиида,1000000,2011,"бензин, 1.6 л",110.0,АКПП,передний,серый,214 000,,левый,"1 поколение, рестайлинг",1.6 АТ Elegance,"Бийск, Алтайский край",
https://auto.drom.ru/salavat/nissan/tiida/671337050.html,671337050,Ниссан Тиида,525000,2012,"бензин, 1.6 л",110.0,механика,передний,серебристый,99 925,2.0,левый,"1 поколение, рестайлинг",1.6 MT Elegance,"Салават, Республика Башкортостан",
https://auto.drom.ru/vladivostok/nissan/tiida/486374249.html,486374249,Ниссан Тиида,800000,2009,"бензин, 1.5 л",109.0,вариатор,передний,черный,248 000,3.0,правый,"1 поколение, рестайлинг",,Владивосток,
https://auto.drom.ru/kazan/nissan/tiida/478441274.html,478441274,Ниссан Тиида,550000,2007,"бензин, 1.6 л",110.0,АКПП,передний,черный,171 100,3.0,левый,1 поколение,,Казань,
https://auto.drom.ru/habarovsk/nissan/tiida/833881470.html,833881470,Ниссан Тиида,450000,2005,"бензин, 1.8 л",128.0,вариатор,передний,серый,315 000,1.0,правый,1 поколение,1.8 18G,Хабаровск,
https://auto.drom.ru/omsk/nissan/tiida/749211125.html,749211125,Ниссан Тиида,550000,2008,"бензин, 1.6 л",110.0,механика,передний,черный,157 000,,левый,1 поколение,1.6 MT Elegance,Омск,
https://auto.drom.ru/izhevsk/nissan/tiida/558654648.html,558654648,Ниссан Тиида,660000,2013,"бензин, 1.6 л",110.0,механика,передний,серый,188 000,,левый,"1 поколение, рестайлинг",1.6 MT Comfort,Ижевск,
https://auto.drom.ru/prokopyevsk/nissan/tiida/723752634.html,723752634,Ниссан Тиида,800000,2012,"бензин, 1.6 л",110.0,АКПП,передний,белый,115 000,2.0,левый,"1 поколение, рестайлинг",,"Прокопьевск, Кемеровская область",
https://auto.drom.ru/habarovsk/nissan/tiida/200393151.html,200393151,Ниссан Тиида,525000,2008,"бензин, 1.5 л",109.0,вариатор,передний,черный,300 000,,правый,"1 поколение, рестайлинг",,Хабаровск,
https://auto.drom.ru/irkutsk/nissan/tiida/747184849.html,747184849,Ниссан Тиида,780000,2010,"бензин, 1.6 л",110.0,АКПП,передний,золотистый,107 000,3.0,левый,"1 поколение, рестайлинг",1.6 AT Elegance,Иркутск,
https://auto.drom.ru/komsomolsk/nissan/tiida/612557903.html,612557903,Ниссан Тиида,520000,2009,"бензин, 1.5 л",109.0,вариатор,передний,черный,260 000,3.0,правый,"1 поколение, рестайлинг",,"Комсомольск-на-Амуре, Хабаровский край",
https://auto.drom.ru/novosibirsk/nissan/tiida/853454612.html,853454612,Ниссан Тиида,860000,2013,"бензин, 1.6 л",110.0,АКПП,передний,коричневый,190 000,3.0,левый,"1 поколение, рестайлинг",1.6 AT Tekna,Новосибирск,
https://auto.drom.ru/novosibirsk/nissan/tiida/881985515.html,881985515,Ниссан Тиида,650000,2010,"бензин, 1.5 л",109.0,вариатор,передний,бежевый,163 000,3.0,правый,"1 поколение, рестайлинг",1.5 15G,Новосибирск,
https://auto.drom.ru/chelyabinsk/nissan/tiida/922669979.html,922669979,Ниссан Тиида,850000,2013,"бензин, 1.6 л, ГБО",110.0,механика,передний,синий,95 000,2.0,левый,"1 поколение, рестайлинг",1.6 MT Comfort,Челябинск,
https://auto.drom.ru/kuybyshev/nissan/tiida/773668488.html,773668488,Ниссан Тиида,750000,2007,"бензин, 1.5 л",109.0,вариатор,передний,черный,178 000,3.0,правый,1 поколение,,"Куйбышев, Новосибирская область",
https://auto.drom.ru/sayansk/nissan/tiida/832669839.html,832669839,Ниссан Тиида,600000,2007,"бензин, 1.5 л",109.0,вариатор,передний,коричневый,236 524,,правый,1 поколение,,"Саянск, Иркутская область",
https://auto.drom.ru/barnaul/nissan/tiida/479329807.html,479329807,Ниссан Тиида,930000,2011,"бензин, 1.6 л",110.0,АКПП,передний,серый,160 000,3.0,левый,"1 поколение, рестайлинг",1.6 AT Tekna,Барнаул,
https://auto.drom.ru/anapa/nissan/tiida/813853587.html,813853587,Ниссан Тиида,590000,2008,"бензин, 1.5 л",109.0,вариатор,передний,серый,206 000,2.0,правый,"1 поколение, рестайлинг",,"Анапа, Краснодарский край",
https://auto.drom.ru/magnitogorsk/nissan/juke/941435791.html,941435791,Ниссан Жук,870000,2011,"бензин, 1.6 л",117.0,механика,передний,серебристый,235 000,2.0,левый,1 поколение,1.6 MT 2WD SE,"Магнитогорск, Челябинская область",
https://auto.drom.ru/kazan/nissan/juke/902933020.html,902933020,Ниссан Жук,799000,2012,"бензин, 1.6 л",117.0,вариатор,передний,черный,246 000,1.0,левый,1 поколение,1.6 CVT 2WD SE+,Казань,
https://auto.drom.ru/novosibirsk/nissan/juke/724082938.html,724082938,Ниссан Жук,1450000,2014,"бензин, 1.6 л",200.0,вариатор,4WD,белый,108 500,1.0,правый,1 поколение,1.6 NISMO 4WD,Новосибирск,
https://auto.drom.ru/novosibirsk/nissan/juke/863329775.html,863329775,Ниссан Жук,1000000,2012,"бензин, 1.5 л",114.0,вариатор,передний,красный,85 000,2.0,правый,1 поколение,,Новосибирск,
https://auto.drom.ru/barnaul/nissan/juke/743812384.html,743812384,Ниссан Жук,1260000,2013,"бензин, 1.6 л",200.0,вариатор,4WD,белый,164 000,3.0,левый,1 поколение,1.6 CVT 4WD Nismo,Барнаул,
https://auto.drom.ru/kazan/nissan/juke/848291382.html,848291382,Ниссан Жук,890000,2012,"бензин, 1.6 л",117.0,вариатор,передний,серый,162 316,,левый,1 поколение,1.6 CVT 2WD XE,Казань,
https://auto.drom.ru/habarovsk/nissan/juke/754006416.html,754006416,Ниссан Жук,729000,2010,"бензин, 1.5 л",114.0,вариатор,передний,черный,138 218,3.0,правый,1 поколение,1.5 15RX,Хабаровск,
https://auto.drom.ru/novosibirsk/nissan/juke/865073587.html,865073587,Ниссан Жук,1030000,2013,"бензин, 1.5 л",114.0,вариатор,передний,коричневый,129 000,2.0,правый,1 поколение,1.5 15RX Premium White Package,Новосибирск,
https://auto.drom.ru/blagoveshchensk/nissan/juke/818159405.html,818159405,Ниссан Жук,720000,2013,"бензин, 1.5 л",114.0,вариатор,передний,белый,135 000,2.0,правый,1 поколение,1.5 15RS Personalized Package,Благовещенск,
https://auto.drom.ru/habarovsk/nissan/juke/357199155.html,357199155,Ниссан Жук,1499999,2013,"бензин, 1.6 л",200.0,вариатор,4WD,белый,38 585,1.0,правый,1 поколение,1.6 Nismo 4WD,Хабаровск,
https://auto.drom.ru/ufa/nissan/juke/808231639.html,808231639,Ниссан Жук,1245000,2014,"бензин, 1.6 л",117.0,вариатор,передний,белый,88 500,3.0,левый,"1 поколение, рестайлинг",1.6 CVT 2WD SE,Уфа,
https://auto.drom.ru/mezhdurechensk/nissan/juke/750274177.html,750274177,Ниссан Жук,1280000,2014,"бензин, 1.6 л",117.0,вариатор,передний,черный,141 795,,левый,1 поколение,,"Междуреченск, Кемеровская область",
https://auto.drom.ru/ussuriisk/nissan/juke/842546611.html,842546611,Ниссан Жук,800000,2013,"бензин, 1.5 л",114.0,вариатор,передний,красный,135 000,1.0,правый,1 поколение,,"Уссурийск, Приморский край",
https://auto.drom.ru/svobodniy/nissan/juke/793951299.html,793951299,Ниссан Жук,1000000,2013,"бензин, 1.5 л",114.0,вариатор,передний,белый,145 000,3.0,правый,1 поколение,1.5 15RS Personalized Package,"Свободный, Амурская область",
https://auto.drom.ru/ekaterinburg/nissan/juke/488857666.html,488857666,Ниссан Жук,850000,2012,"бензин, 1.6 л",117.0,механика,передний,,159 001,2.0,левый,1 поколение,1.6 MT 2WD SE Sport,Екатеринбург,
https://auto.drom.ru/moscow/nissan/juke/831342599.html,831342599,Ниссан Жук,780000,2011,"бензин, 1.6 л",190.0,вариатор,4WD,белый,157 000,2.0,левый,1 поколение,1.6T CVT 4WD SE Sport,Москва,
https://auto.drom.ru/tyumen/nissan/juke/866637093.html,866637093,Ниссан Жук,1150000,2013,"бензин, 1.6 л",117.0,вариатор,передний,красный,129 000,3.0,левый,1 поколение,1.6 CVT 2WD SE+,Тюмень,
https://auto.drom.ru/habarovsk/nissan/juke/875508737.html,875508737,Ниссан Жук,930000,2011,"бензин, 1.5 л",114.0,вариатор,передний,черный,141 000,2.0,правый,1 поколение,,Хабаровск,
https://auto.drom.ru/lyubertsy/nissan/juke/821161206.html,821161206,Ниссан Жук,1249000,2014,"бензин, 1.6 л",117.0,вариатор,передний,черный,176 350,1.0,левый,1 поколение,,"Люберцы, Московская область",
https://auto.drom.ru/ulan-ude/nissan/juke/743992594.html,743992594,Ниссан Жук,890000,2012,"бензин, 1.6 л",117.0,вариатор,передний,красный,199 207,,левый,1 поколение,1.6 CVT 2WD SE,Улан-Удэ,
https://auto.drom.ru/omsk/nissan/qashqai/859357796.html,859357796,Ниссан Кашкай,810000,2007,"бензин, 2.0 л",141.0,вариатор,передний,серый,270 000,,левый,1 поколение,2.0 CVT LE+,Омск,
https://auto.drom.ru/irkutsk/nissan/qashqai/792250973.html,792250973,Ниссан Кашкай,1650000,2015,"бензин, 2.0 л",144.0,вариатор,4WD,черный,194 375,,левый,2 поколение,2.0 CVT 4WD LE+,Иркутск,
https://auto.drom.ru/moscow/nissan/qashqai/872730564.html,872730564,Ниссан Кашкай,879000,2015,"бензин, 2.0 л",144.0,вариатор,передний,белый,375 000,1.0,левый,2 поколение,,Москва,
https://auto.drom.ru/kansk/nissan/qashqai/789153685.html,789153685,Ниссан Кашкай,950000,2011,"бензин, 1.6 л",117.0,механика,передний,фиолетовый,182 000,,левый,"1 поколение, рестайлинг",,"Канск, Красноярский край",
https://auto.drom.ru/naberezhnye-chelny/nissan/qashqai/776187124.html,776187124,Ниссан Кашкай,870000,2011,"бензин, 2.0 л",141.0,механика,передний,серебристый,160 000,2.0,левый,"1 поколение, рестайлинг",,"Набережные Челны, Республика Татарстан",
https://auto.drom.ru/krasnoyarsk/nissan/qashqai/832024180.html,832024180,Ниссан Кашкай,1890000,2018,"бензин, 2.0 л",144.0,вариатор,4WD,красный,99 800,1.0,левый,2 поколение,2.0 CVT 4WD SE+,Красноярск,
https://auto.drom.ru/moscow/nissan/qashqai/227901034.html,227901034,Ниссан Кашкай,1730000,2018,"бензин, 2.0 л",144.0,вариатор,передний,черный,124 357,1.0,левый,2 поколение,,Москва,
https://auto.drom.ru/chelyabinsk/nissan/qashqai/862710581.html,862710581,Ниссан Кашкай,1395000,2016,"бензин, 2.0 л",144.0,вариатор,передний,белый,138 000,1.0,левый,2 поколение,2.0 CVT SE,Челябинск,
https://auto.drom.ru/donetsk/nissan/qashqai/895455001.html,895455001,Ниссан Кашкай,1470000,2017,"бензин, 2.0 л",144.0,вариатор,4WD,красный,137 000,1.0,левый,2 поколение,2.0 CVT 4WD SE,"Донецк, Ростовская область",
https://auto.drom.ru/omsk/nissan/qashqai/247731375.html,247731375,Ниссан Кашкай,2319000,2019,"бензин, 2.0 л",144.0,вариатор,4WD,черный,28 080,,левый,2 поколение,,Омск,
https://auto.drom.ru/moscow/nissan/qashqai/797253302.html,797253302,Ниссан Кашкай,1200000,2014,"бензин, 2.0 л",144.0,вариатор,4WD,коричневый,276 000,3.0,левый,2 поколение,2.0 CVT 4WD SE+,Москва,
https://auto.drom.ru/krasnodar/nissan/qashqai/918674615.html,918674615,Ниссан Кашкай,1080000,2012,"бензин, 1.6 л",117.0,вариатор,передний,серый,234 771,1.0,левый,"1 поколение, рестайлинг",1.6 CVT LE+,Краснодар,
https://auto.drom.ru/yakutsk/nissan/qashqai/783319811.html,783319811,Ниссан Кашкай,850000,2011,"бензин, 2.0 л",141.0,вариатор,передний,фиолетовый,78 000,,левый,"1 поколение, рестайлинг",,Якутск,
https://auto.drom.ru/novosibirsk/nissan/qashqai/881865467.html,881865467,Ниссан Кашкай,1620000,2014,"бензин, 2.0 л",144.0,вариатор,4WD,серый,177,3.0,левый,2 поколение,2.0 CVT 4WD SE,Новосибирск,
https://auto.drom.ru/simferopol/nissan/qashqai/899823977.html,899823977,Ниссан Кашкай,1800000,2017,"бензин, 2.0 л",144.0,вариатор,4WD,черный,98 460,3.0,левый,2 поколение,,Симферополь,
https://auto.drom.ru/neryungri/nissan/qashqai/634669310.html,634669310,Ниссан Кашкай,1950000,2019,"бензин, 2.0 л",144.0,вариатор,4WD,красный,137 000,3.0,левый,2 поколение,2.0 CVT 4WD SE+,"Нерюнгри, Республика Саха (Якутия)",
https://auto.drom.ru/tyumen/nissan/qashqai/327432657.html,327432657,Ниссан Кашкай,870000,2008,"бензин, 2.0 л",141.0,вариатор,передний,синий,93 108,2.0,левый,1 поколение,,Тюмень,
https://auto.drom.ru/almetievsk/nissan/qashqai/916214673.html,916214673,Ниссан Кашкай,1425000,2016,"бензин, 2.0 л",144.0,вариатор,передний,синий,121 475,2.0,левый,2 поколение,2.0 CVT SE+,"Альметьевск, Республика Татарстан",
https://auto.drom.ru/kolpashevo/nissan/qashqai/812529096.html,812529096,Ниссан Кашкай,765000,2007,"бензин, 2.0 л",141.0,вариатор,передний,коричневый,280 058,,левый,1 поколение,2.0 CVT Tekna,"Колпашево, Томская область",
https://auto.drom.ru/novoaltaysk/nissan/terrano/233511124.html,233511124,Ниссан Террано,1920000,2019,"бензин, 2.0 л, ГБО",143.0,АКПП,4WD,белый,54 000,2.0,левый,3 поколение,2.0 AT 4WD Elegance Plus,"Новоалтайск, Алтайский край",
https://auto.drom.ru/spassk-dalniy/nissan/terrano/252755215.html,252755215,Ниссан Террано,380000,1994,"дизель, 2.7 л",100.0,АКПП,4WD,красный,366 800,3.0,правый,"1 поколение, рестайлинг",2.7DT R3m,"Спасск-Дальний, Приморский край",
https://auto.drom.ru/omsk/nissan/terrano/521538356.html,521538356,Ниссан Террано,900000,2014,"бензин, 1.6 л, ГБО",102.0,механика,передний,черный,100 000,2.0,левый,3 поколение,1.6 MT Comfort,Омск,
https://auto.drom.ru/spb/nissan/terrano/608293642.html,608293642,Ниссан Террано,885000,2018,"бензин, 1.6 л",114.0,механика,передний,серый,130 482,1.0,левый,3 поколение,,Санкт-Петербург,
https://auto.drom.ru/habarovsk/nissan/terrano/942496857.html,942496857,Ниссан Террано,820000,1996,"бензин, 3.3 л",170.0,АКПП,4WD,белый,430 000,3.0,правый,2 поколение,3.3 wide R3m-R limited,Хабаровск,
https://auto.drom.ru/kineshma/nissan/terrano/275912407.html,275912407,Ниссан Террано,900000,2015,"бензин, 2.0 л, ГБО",135.0,АКПП,передний,черный,174 000,2.0,левый,3 поколение,2.0 AT Comfort,"Кинешма, Ивановская область",
https://auto.drom.ru/cherepovets/nissan/terrano/862144113.html,862144113,Ниссан Террано,1240000,2018,"бензин, 2.0 л",143.0,АКПП,4WD,синий,146 864,1.0,левый,3 поколение,2.0 AT 4WD Elegance Plus,"Череповец, Вологодская область",
https://auto.drom.ru/volno-nadezhdinskoe/nissan/terrano/925283285.html,925283285,Ниссан Террано,650000,1996,"бензин, 3.3 л",170.0,АКПП,4WD,черный,270 019,2.0,правый,2 поколение,,"Вольно-Надеждинское, Приморский край",
https://auto.drom.ru/gubkinskiy/nissan/terrano/201744124.html,201744124,Ниссан Террано,230000,1993,"бензин, 3.0 л",148.0,механика,4WD,зеленый,293 831,,левый,1 поколение,3.0 MT,"Губкинский, Ямало-Ненецкий автономный округ",
https://auto.drom.ru/magadan/nissan/terrano/595976168.html,595976168,Ниссан Террано,450000,1990,"дизель, 2.7 л",100.0,механика,4WD,черный,278 423,2.0,правый,1 поколение,2.7DT R2m,Магадан,
https://auto.drom.ru/lubenskiy/nissan/terrano/465021876.html,465021876,Ниссан Террано,960000,2014,"бензин, 2.0 л",135.0,механика,4WD,белый,197 999,,левый,3 поколение,2.0 MT 4WD Elegance,"Любинский, Омская область",
https://auto.drom.ru/vladivostok/nissan/terrano/186501027.html,186501027,Ниссан Террано,600000,1990,"дизель, 2.7 л",130.0,механика,4WD,черный,317 994,2.0,правый,1 поколение,,Владивосток,
https://auto.drom.ru/moscow/nissan/terrano/137843197.html,137843197,Ниссан Террано,1540000,2021,"бензин, 1.6 л",114.0,механика,передний,белый,56 397,1.0,левый,3 поколение,,Москва,
https://auto.drom.ru/lensk/nissan/terrano/691991061.html,691991061,Ниссан Террано,1300000,2017,"бензин, 2.0 л",143.0,АКПП,4WD,черный,131 480,2.0,левый,3 поколение,,"Ленск, Республика Саха (Якутия)",
https://auto.drom.ru/irkutsk/nissan/terrano/343233462.html,343233462,Ниссан Террано,500000,1997,"дизель, 3.2 л",150.0,АКПП,4WD,белый,543 000,2.0,правый,2 поколение,3.2DT G3m-R,Иркутск,
https://auto.drom.ru/hor/nissan/terrano/477348652.html,477348652,Ниссан Террано,600000,2000,"дизель, 3.0 л",170.0,АКПП,4WD,белый,456 000,2.0,правый,"2 поколение, рестайлинг",,"Хор, Хабаровский край",
https://auto.drom.ru/seryshevo/nissan/terrano/444813018.html,444813018,Ниссан Террано,1360000,2014,"бензин, 2.0 л",135.0,АКПП,передний,белый,65 000,2.0,левый,3 поколение,2.0 AT Tekna,"Серышево, Амурская область",
https://auto.drom.ru/ekaterinburg/nissan/terrano/846055297.html,846055297,Ниссан Террано,1529000,2018,"бензин, 1.6 л",114.0,механика,4WD,черный,69 467,1.0,левый,3 поколение,1.6 MT 4WD Comfort,Екатеринбург,
https://auto.drom.ru/moscow/nissan/terrano/283825954.html,283825954,Ниссан Террано,1380000,2020,"бензин, 1.6 л",114.0,механика,4WD,серый,101 820,,левый,3 поколение,,Москва,
https://auto.drom.ru/spb/nissan/terrano/901595289.html,901595289,Ниссан Террано,1120000,2018,"бензин, 1.6 л",114.0,механика,передний,серый,135 000,2.0,левый,3 поколение,1.6 MT Elegance,Санкт-Петербург,
https://auto.drom.ru/moscow/nissan/murano/929734637.html,929734637,Ниссан Мурано,699000,2011,"бензин, 3.5 л",249.0,вариатор,4WD,черный,202 179,,левый,"2 поколение, рестайлинг",3.5 CVT SE,Москва,
https://auto.drom.ru/komsomolsk/nissan/murano/581562786.html,581562786,Ниссан Мурано,1015000,2008,"бензин, 3.5 л",260.0,вариатор,4WD,черный,146 000,,левый,2 поколение,3.5 CVT AWD LE,"Комсомольск-на-Амуре, Хабаровский край",
https://auto.drom.ru/vladivostok/nissan/murano/715224447.html,715224447,Ниссан Мурано,890000,2011,"бензин, 3.5 л",249.0,вариатор,4WD,серебристый,245 000,3.0,левый,"2 поколение, рестайлинг",3.5 CVT SE,Владивосток,
https://auto.drom.ru/domodedovo/nissan/murano/504948301.html,504948301,Ниссан Мурано,1299999,2013,"бензин, 3.5 л",249.0,вариатор,4WD,бежевый,199 999,1.0,левый,"2 поколение, рестайлинг",,"Домодедово, Московская область",
https://auto.drom.ru/novosibirsk/nissan/murano/687713125.html,687713125,Ниссан Мурано,1350000,2012,"бензин, 3.5 л, ГБО",249.0,вариатор,4WD,черный,310 000,3.0,левый,"2 поколение, рестайлинг",3.5 CVT LE,Новосибирск,
https://auto.drom.ru/sevastopol/nissan/murano/810155172.html,810155172,Ниссан Мурано,600000,2002,"бензин, 3.5 л",245.0,вариатор,передний,черный,280 000,,левый,1 поколение,3.5 CVT FWD,"Севастополь, Республика Крым",
https://auto.drom.ru/tomsk/nissan/murano/629774516.html,629774516,Ниссан Мурано,740000,2006,"бензин, 3.5 л",234.0,вариатор,4WD,красный,200 000,,левый,1 поколение,3.5 CVT SE,Томск,
https://auto.drom.ru/habarovsk/nissan/murano/599673971.html,599673971,Ниссан Мурано,2000000,2017,"бензин, 3.5 л",249.0,вариатор,4WD,черный,118 000,1.0,левый,3 поколение,3.5 CVT 4WD Top,Хабаровск,
https://auto.drom.ru/yuzhno-sakhalinsk/nissan/murano/800981339.html,800981339,Ниссан Мурано,1250000,2010,"бензин, 3.5 л",249.0,вариатор,4WD,белый,152 750,,левый,2 поколение,3.5 CVT LE+,Южно-Сахалинск,
https://auto.drom.ru/yevpatoriya/nissan/murano/706499198.html,706499198,Ниссан Мурано,1300000,2011,"бензин, 3.5 л",249.0,вариатор,4WD,серый,130 000,,левый,"2 поколение, рестайлинг",,"Евпатория, Республика Крым",
https://auto.drom.ru/ulan-ude/nissan/murano/559307117.html,559307117,Ниссан Мурано,1350000,2010,"бензин, 3.5 л",249.0,вариатор,4WD,красный,320 000,2.0,левый,2 поколение,3.5 CVT SE,Улан-Удэ,
https://auto.drom.ru/habarovsk/nissan/murano/671722650.html,671722650,Ниссан Мурано,1449000,2012,"бензин, 3.5 л",249.0,вариатор,4WD,бордовый,190 000,,левый,"2 поколение, рестайлинг",,Хабаровск,
https://auto.drom.ru/chita/nissan/murano/782539062.html,782539062,Ниссан Мурано,800000,2004,"бензин, 2.5 л",163.0,АКПП,передний,серый,200 000,,правый,1 поколение,2.5 250XL,Чита,
https://auto.drom.ru/blagoveshchensk/nissan/murano/505174240.html,505174240,Ниссан Мурано,750000,2004,"бензин, 2.5 л",163.0,АКПП,передний,коричневый,281 162,,правый,1 поколение,2.5 250XL,Благовещенск,
https://auto.drom.ru/ulan-ude/nissan/murano/688104293.html,688104293,Ниссан Мурано,1300000,2012,"бензин, 3.5 л",249.0,вариатор,4WD,черный,162 000,,левый,"2 поколение, рестайлинг",,Улан-Удэ,
https://auto.drom.ru/novosibirsk/nissan/murano/467906932.html,467906932,Ниссан Мурано,700000,2007,"бензин, 3.5 л, ГБО",234.0,вариатор,4WD,серебристый,262 000,,левый,1 поколение,3.5 CVT SE,Новосибирск,
https://auto.drom.ru/chelyabinsk/nissan/murano/816011458.html,816011458,Ниссан Мурано,1500000,2013,"бензин, 3.5 л",249.0,вариатор,4WD,бежевый,214 000,3.0,левый,"2 поколение, рестайлинг",3.5 CVT SE+,Челябинск,
https://auto.drom.ru/habarovsk/nissan/murano/530465647.html,530465647,Ниссан Мурано,1300000,2012,"бензин, 2.5 л",170.0,вариатор,передний,серый,267 000,2.0,правый,"2 поколение, рестайлинг",2.5 250XV,Хабаровск,
https://auto.drom.ru/habarovsk/nissan/murano/888052189.html,888052189,Ниссан Мурано,1160000,2010,"бензин, 2.5 л",170.0,вариатор,передний,серый,189 500,2.0,правый,2 поколение,2.5 250XV,Хабаровск,
https://auto.drom.ru/tyumen/nissan/murano/805614732.html,805614732,Ниссан Мурано,500000,2008,"бензин, 3.5 л, ГБО",234.0,вариатор,4WD,красный,270 000,3.0,левый,1 поколение,3.5 CVT SE,Тюмень,
https://auto.drom.ru/habarovsk/nissan/murano/297072366.html,297072366,Ниссан Мурано,920000,2011,"бензин, 3.5 л",249.0,вариатор,4WD,черный,229 000,,левый,"2 поколение, рестайлинг",,Хабаровск,
https://auto.drom.ru/ryazan/nissan/pathfinder/848515373.html,848515373,Ниссан Патфайндер,700000,2005,"дизель, 2.5 л",174.0,АКПП,4WD,серый,367 000,,левый,3 поколение,2.5 Cdi AT LE+,Рязань,
https://auto.drom.ru/spb/nissan/pathfinder/373638034.html,373638034,Ниссан Патфайндер,5990000,2026,"бензин, 2.0 л",252.0,АКПП,4WD,черный,,,левый,"5 поколение, рестайлинг",2.0 380 VC-Turbo 4WD Smart Driving 7-seater,Санкт-Петербург,
https://auto.drom.ru/vladivostok/nissan/pathfinder/567655524.html,567655524,Ниссан Патфайндер,1620000,2012,"дизель, 2.5 л",190.0,механика,4WD,серый,196 000,3.0,левый,"3 поколение, рестайлинг",,Владивосток,
https://auto.drom.ru/stavropol/nissan/pathfinder/467770991.html,467770991,Ниссан Патфайндер,1400000,2020,"бензин, 3.5 л",284.0,вариатор,4WD,серый,105 000,1.0,левый,"4 поколение, рестайлинг",3.5 CVT SL,Ставрополь,
https://auto.drom.ru/irkutsk/nissan/pathfinder/179287093.html,179287093,Ниссан Патфайндер,950000,2005,"дизель, 2.5 л",174.0,АКПП,4WD,зеленый,290 000,3.0,левый,3 поколение,,Иркутск,
https://auto.drom.ru/krasnodar/nissan/pathfinder/578765903.html,578765903,Ниссан Патфайндер,1770000,2013,"дизель, 2.5 л",190.0,АКПП,4WD,белый,192 992,2.0,левый,"3 поколение, рестайлинг",,Краснодар,
https://auto.drom.ru/irkutsk/nissan/pathfinder/337842926.html,337842926,Ниссан Патфайндер,1500000,2006,"бензин, 4.0 л",269.0,АКПП,4WD,серебристый,400 000,3.0,левый,3 поколение,,Иркутск,
https://auto.drom.ru/mariinsk/nissan/pathfinder/426450328.html,426450328,Ниссан Патфайндер,1475000,2011,"дизель, 2.5 л",190.0,АКПП,4WD,черный,220 000,2.0,левый,"3 поколение, рестайлинг",2.5 dCi AT SE,"Мариинск, Кемеровская область",
https://auto.drom.ru/irkutsk/nissan/pathfinder/651653446.html,651653446,Ниссан Патфайндер,2050000,2014,"бензин, 3.5 л",249.0,вариатор,4WD,белый,149 000,1.0,левый,4 поколение,3.5 V6 High +,Иркутск,
https://auto.drom.ru/ekaterinburg/nissan/pathfinder/493580641.html,493580641,Ниссан Патфайндер,1300000,2010,"дизель, 2.5 л",190.0,АКПП,4WD,серый,324 000,1.0,левый,"3 поколение, рестайлинг",2.5 dCi AT LE,Екатеринбург,
https://auto.drom.ru/krasnodar/nissan/pathfinder/534978717.html,534978717,Ниссан Патфайндер,1120000,2005,"дизель, 2.5 л",174.0,АКПП,4WD,серебристый,400 000,3.0,левый,3 поколение,2.5 Cdi AT SE+,Краснодар,
https://auto.drom.ru/spb/nissan/pathfinder/404671283.html,404671283,Ниссан Патфайндер,5990000,2026,"бензин, 2.0 л",252.0,АКПП,4WD,черный,,,левый,"5 поколение, рестайлинг",2.0 380 VC-Turbo 4WD Smart Driving 7-seater,Санкт-Петербург,
https://auto.drom.ru/bryansk/nissan/pathfinder/142143317.html,142143317,Ниссан Патфайндер,1550000,2012,"дизель, 2.5 л",190.0,механика,4WD,коричневый,297 000,2.0,левый,"3 поколение, рестайлинг",2.5 dCi MT XE,Брянск,
https://auto.drom.ru/moscow/nissan/pathfinder/127620372.html,127620372,Ниссан Патфайндер,2000000,2000,3.5 л,,механика,4WD,голубой,10 000,1.0,левый,"2 поколение, рестайлинг",,Москва,
https://auto.drom.ru/karasuk/nissan/pathfinder/110425086.html,110425086,Ниссан Патфайндер,1000000,2005,"бензин, 4.0 л, ГБО",269.0,АКПП,4WD,черный,309 000,,левый,3 поколение,4.0 AT LE,"Карасук, Новосибирская область",
https://auto.drom.ru/novosibirsk/nissan/pathfinder/785379426.html,785379426,Ниссан Патфайндер,1650000,2012,"дизель, 2.5 л",190.0,АКПП,4WD,черный,238 000,3.0,левый,"3 поколение, рестайлинг",2.5 dCi AT LE,Новосибирск,
https://auto.drom.ru/azovskoe/nissan/pathfinder/740237169.html,740237169,Ниссан Патфайндер,1380000,2008,"дизель, 2.5 л",174.0,АКПП,4WD,серый,275 000,3.0,левый,3 поколение,2.5 Cdi AT LE+,"Азовское, Республика Крым",
https://auto.drom.ru/alexin/nissan/pathfinder/531072544.html,531072544,Ниссан Патфайндер,850000,2008,"дизель, 2.5 л",174.0,АКПП,4WD,черный,408 000,,левый,3 поколение,2.5 Cdi AT SE,"Алексин, Тульская область",
https://auto.drom.ru/tobolsk/nissan/sunny/730683921.html,730683921,Ниссан Санни,115000,2000,"бензин, 1.5 л, ГБО",105.0,АКПП,передний,белый,100 000,,правый,9 поколение,1.5 EX saloon,"Тобольск, Тюменская область",
https://auto.drom.ru/novoaltaysk/nissan/sunny/790359678.html,790359678,Ниссан Санни,175000,2002,"бензин, 1.5 л",109.0,АКПП,передний,серый,112 997,,правый,"9 поколение, рестайлинг",1.5 FE,"Новоалтайск, Алтайский край",
https://auto.drom.ru/anapa/nissan/sunny/820721342.html,820721342,Ниссан Санни,150000,1993,"бензин, 1.4 л",88.0,механика,передний,серый,280 000,,левый,7 поколение,1.4 i LX 5 dr,"Анапа, Краснодарский край",
https://auto.drom.ru/biysk/nissan/sunny/718624644.html,718624644,Ниссан Санни,150000,2001,"бензин, 1.3 л",87.0,АКПП,передний,белый,250 000,,правый,9 поколение,,"Бийск, Алтайский край",
https://auto.drom.ru/habarovsk/nissan/sunny/894304730.html,894304730,Ниссан Санни,330000,2003,"бензин, 1.5 л",109.0,АКПП,передний,белый,167 000,3.0,правый,"9 поколение, рестайлинг",1.5 FE,Хабаровск,
https://auto.drom.ru/znamenskoe-omsk/nissan/sunny/666775891.html,666775891,Ниссан Санни,289000,2002,"бензин, 1.5 л",109.0,АКПП,передний,серебристый,250 000,,правый,"9 поколение, рестайлинг",1.5 FE,"Знаменское, Омская область",
https://auto.drom.ru/biysk/nissan/sunny/578901819.html,578901819,Ниссан Санни,200000,1998,"бензин, 1.5 л",105.0,АКПП,передний,белый,255 000,3.0,правый,9 поколение,1.5 EX saloon,"Бийск, Алтайский край",
https://auto.drom.ru/amursk/nissan/sunny/808852840.html,808852840,Ниссан Санни,199000,1990,"дизель, 1.7 л",55.0,АКПП,передний,серый,230 430,3.0,правый,7 поколение,1.7D Super saloon,"Амурск, Хабаровский край",
https://auto.drom.ru/omsk/nissan/sunny/677016418.html,677016418,Ниссан Санни,220000,1997,"бензин, 1.5 л",105.0,АКПП,4WD,белый,375 000,,правый,"8 поколение, 2 рестайлинг",1.5 EX saloon,Омск,
https://auto.drom.ru/novosibirsk/nissan/sunny/511169725.html,511169725,Ниссан Санни,250000,2002,"бензин, 1.5 л",109.0,АКПП,передний,белый,402 000,2.0,правый,"9 поколение, рестайлинг",,Новосибирск,
https://auto.drom.ru/novokuznetsk/nissan/sunny/703253446.html,703253446,Ниссан Санни,228888,2000,"бензин, 1.5 л, ГБО",105.0,АКПП,передний,серый,200 000,,правый,9 поколение,1.5 Super saloon,"Новокузнецк, Кемеровская область",
https://auto.drom.ru/habarovsk/nissan/sunny/910664284.html,910664284,Ниссан Санни,235000,2001,"бензин, 1.5 л",105.0,АКПП,передний,белый,215 540,2.0,правый,9 поколение,1.5 super saloon SV limited,Хабаровск,
https://auto.drom.ru/chelyabinsk/nissan/sunny/810835927.html,810835927,Ниссан Санни,260000,2002,"бензин, 1.5 л",109.0,АКПП,4WD,серый,343 323,,правый,"9 поколение, рестайлинг",1.5 EX saloon,Челябинск,
https://auto.drom.ru/blagoveshchenka/nissan/sunny/528508285.html,528508285,Ниссан Санни,70000,1999,"бензин, 1.5 л",105.0,АКПП,передний,белый,150 000,,правый,9 поколение,,"Благовещенка, Алтайский край",
https://auto.drom.ru/barnaul/nissan/sunny/672404845.html,672404845,Ниссан Санни,240000,2002,"бензин, 1.5 л",109.0,АКПП,передний,серый,365 686,,правый,"9 поколение, рестайлинг",,Барнаул,
https://auto.drom.ru/novosibirsk/nissan/sunny/568300038.html,568300038,Ниссан Санни,175000,1998,"бензин, 1.5 л",105.0,АКПП,передний,серый,280 000,3.0,правый,"8 поколение, 2 рестайлинг",1.5 Super saloon,Новосибирск,
https://auto.drom.ru/iskitim/nissan/sunny/533925597.html,533925597,Ниссан Санни,155000,2001,"бензин, 1.5 л",105.0,АКПП,передний,белый,100 000,,правый,9 поколение,1.5 super saloon SV limited,"Искитим, Новосибирская область",
https://auto.drom.ru/kemerovo/nissan/sunny/844184993.html,844184993,Ниссан Санни,150000,1999,"бензин, 1.3 л",87.0,механика,передний,серый,300 000,,правый,9 поколение,,Кемерово,
https://auto.drom.ru/novosibirsk/nissan/sunny/658106677.html,658106677,Ниссан Санни,295000,2003,"бензин, 1.5 л, ГБО",109.0,АКПП,4WD,белый,250 000,3.0,правый,"9 поколение, рестайлинг",1.5 EX saloon,Новосибирск,
https://auto.drom.ru/barnaul/nissan/sunny/904044425.html,904044425,Ниссан Санни,100000,1994,"бензин, 1.5 л",105.0,АКПП,передний,серый,10 000,1.0,правый,8 поколение,1.5 AT,Барнаул,
https://auto.drom.ru/barnaul/nissan/sunny/492913363.html,492913363,Ниссан Санни,120000,1998,"бензин, 1.5 л",105.0,АКПП,передний,белый,350 000,,правый,9 поколение,1.5 EX saloon,Барнаул,
https://auto.drom.ru/ufa/nissan/leaf/231522885.html,231522885,Ниссан Лиф,849500,2013,электро,109.0,АКПП,передний,серый,106 000,2.0,правый,1 поколение,X,Уфа,
https://auto.drom.ru/habarovsk/nissan/leaf/45742523.html,45742523,Ниссан Лиф,435000,2011,электро,109.0,АКПП,передний,серебристый,60 000,1.0,правый,1 поколение,,Хабаровск,
https://auto.drom.ru/tyumen/nissan/leaf/685286418.html,685286418,Ниссан Лиф,645000,2013,электро,109.0,АКПП,передний,красный,139 522,3.0,правый,1 поколение,,Тюмень,
https://auto.drom.ru/tomsk/nissan/leaf/107493920.html,107493920,Ниссан Лиф,1680000,2017,электро,150.0,АКПП,передний,белый,83 000,2.0,правый,2 поколение,40kWh G,Томск,
https://auto.drom.ru/ussuriisk/nissan/leaf/190903356.html,190903356,Ниссан Лиф,1050000,2013,электро,109.0,АКПП,передний,белый,110 000,2.0,правый,1 поколение,G,"Уссурийск, Приморский край",
https://auto.drom.ru/biysk/nissan/leaf/843442303.html,843442303,Ниссан Лиф,640000,2011,электро,109.0,АКПП,передний,белый,120 000,3.0,правый,1 поколение,G,"Бийск, Алтайский край",
https://auto.drom.ru/krasnodar/nissan/leaf/607229233.html,607229233,Ниссан Лиф,2250000,2018,электро,150.0,АКПП,передний,белый,68 000,1.0,правый,2 поколение,40kWh G,Краснодар,
https://auto.drom.ru/zhukovskiy/nissan/leaf/750446531.html,750446531,Ниссан Лиф,1800000,2019,электро,150.0,АКПП,передний,,134 000,2.0,правый,2 поколение,,"Жуковский, Московская область",
https://auto.drom.ru/severodvinsk/nissan/leaf/669557560.html,669557560,Ниссан Лиф,1810000,2018,электро,150.0,АКПП,передний,белый,62 000,1.0,правый,2 поколение,,"Северодвинск, Архангельская область",
https://auto.drom.ru/sevastopol/nissan/leaf/320902203.html,320902203,Ниссан Лиф,2000000,2018,электро,150.0,АКПП,передний,серебристый,50 000,1.0,правый,2 поколение,,"Севастополь, Республика Крым",
https://auto.drom.ru/irkutsk/nissan/leaf/231210367.html,231210367,Ниссан Лиф,500000,2012,электро,109.0,АКПП,передний,серебристый,142 000,2.0,правый,1 поколение,,Иркутск,
https://auto.drom.ru/yuzhnouralsk/nissan/leaf/933276312.html,933276312,Ниссан Лиф,1000000,2012,электро,109.0,АКПП,передний,красный,118 000,2.0,правый,1 поколение,X,"Южноуральск, Челябинская область",
https://auto.drom.ru/irkutsk/nissan/leaf/210948185.html,210948185,Ниссан Лиф,1100000,2015,электро,109.0,АКПП,передний,оранжевый,87 745,1.0,правый,1 поколение,30kWh G,Иркутск,
https://auto.drom.ru/krasnoyarsk/nissan/leaf/304275455.html,304275455,Ниссан Лиф,1070000,2016,электро,109.0,АКПП,передний,черный,186 500,2.0,правый,1 поколение,30kWh S,Красноярск,
https://auto.drom.ru/petropavlovsk-kamchatskiy/nissan/leaf/437694050.html,437694050,Ниссан Лиф,600000,2011,электро,109.0,АКПП,передний,серый,78 000,1.0,правый,1 поколение,X,Петропавловск-Камчатский,
https://auto.drom.ru/temryuk/nissan/leaf/591718686.html,591718686,Ниссан Лиф,850000,2012,электро,109.0,АКПП,передний,белый,113 000,2.0,правый,1 поколение,,"Темрюк, Краснодарский край",
https://auto.drom.ru/habarovsk/nissan/leaf/326152216.html,326152216,Ниссан Лиф,450000,2012,электро,109.0,АКПП,передний,белый,150 000,1.0,правый,1 поколение,,Хабаровск,
https://auto.drom.ru/nakhodka/nissan/leaf/368150667.html,368150667,Ниссан Лиф,1333333,2015,электро,109.0,АКПП,передний,белый,200,1.0,правый,1 поколение,24kWh X side/curtain airbag system less,"Находка, Приморский край",
https://auto.drom.ru/irkutsk/nissan/leaf/246636298.html,246636298,Ниссан Лиф,1725688,2018,электро,150.0,АКПП,передний,белый,110 000,2.0,правый,2 поколение,40kWh G,Иркутск,
https://auto.drom.ru/tyumen/nissan/leaf/493234089.html,493234089,Ниссан Лиф,700000,2010,электро,109.0,АКПП,передний,голубой,48 000,3.0,правый,1 поколение,,Тюмень,
https://auto.drom.ru/ekaterinburg/toyota/camry/153679094.html,153679094,Тойота Камри,1645000,2012,"бензин, 2.5 л",181.0,АКПП,передний,черный,215 000,1.0,левый,8 поколение,2.5 6AT Elegance,Екатеринбург,
https://auto.drom.ru/novopavlovka/toyota/camry/230821736.html,230821736,Тойота Камри,160000,1994,"бензин, 1.8 л",125.0,АКПП,передний,серый,125 000,3.0,правый,4 поколение,,"Новопавловка, Забайкальский край",
https://auto.drom.ru/ust-ilimsk/toyota/camry/668614023.html,668614023,Тойота Камри,1200000,2008,"бензин, 2.4 л",167.0,АКПП,передний,черный,271 000,,левый,7 поколение,2.4 AT Prestige,"Усть-Илимск, Иркутская область",
https://auto.drom.ru/artem/toyota/camry/935125745.html,935125745,Тойота Камри,700000,2006,"бензин, 2.4 л",167.0,АКПП,передний,синий,250 000,,правый,7 поколение,2.4 G,"Артём, Приморский край",
https://auto.drom.ru/surgut/toyota/camry/598763153.html,598763153,Тойота Камри,2799000,2021,"бензин, 2.0 л",178.0,автомат,передний,белый,80 714,,левый,,,"Сургут, Ханты-Мансийский автономный округ",
https://auto.drom.ru/ekaterinburg/toyota/camry/328831362.html,328831362,Тойота Камри,1989000,2017,"бензин, 2.5 л",181.0,АКПП,передний,белый,178 950,,левый,"8 поколение, 2 рестайлинг",2.5 AT Престиж,Екатеринбург,
https://auto.drom.ru/nizhniy-tagil/toyota/camry/202583360.html,202583360,Тойота Камри,2950000,2021,"бензин, 2.5 л",200.0,АКПП,передний,белый,93 763,2.0,левый,"9 поколение, рестайлинг",2.5 AT Престиж Safety,"Нижний Тагил, Свердловская область",
https://auto.drom.ru/minvody/toyota/camry/940168511.html,940168511,Тойота Камри,2225000,2017,"бензин, 2.5 л",181.0,АКПП,передний,белый,190 820,,левый,"8 поколение, 2 рестайлинг",2.5 AT Exclusive,"Минеральные Воды, Ставропольский край",
https://auto.drom.ru/zima/toyota/camry/944439971.html,944439971,Тойота Камри,2090000,2015,"бензин, 2.5 л",181.0,АКПП,передний,белый,164 000,3.0,левый,"8 поколение, рестайлинг",2.5 AT Элеганс Плюс,"Зима, Иркутская область",
https://auto.drom.ru/ekaterinburg/toyota/camry/936509862.html,936509862,Тойота Камри,1410000,2013,"бензин, 2.5 л",181.0,АКПП,передний,серый,276 000,,левый,8 поколение,2.5 6AT Prestige,Екатеринбург,
https://auto.drom.ru/irkutsk/toyota/camry/443017521.html,443017521,Тойота Камри,335000,1997,"бензин, 2.0 л",140.0,АКПП,передний,серый,330 000,,правый,"4 поколение, рестайлинг",2.0 ZX,Иркутск,
https://auto.drom.ru/novosibirsk/toyota/camry/279621284.html,279621284,Тойота Камри,1150000,2008,"бензин, 3.5 л",277.0,АКПП,передний,серый,294 000,,левый,7 поколение,3.5 AT Luxe,Новосибирск,
https://auto.drom.ru/vladikavkaz/toyota/camry/732724218.html,732724218,Тойота Камри,1200000,2014,,,,,черный,100,1.0,левый,8 поколение,,Владикавказ,
https://auto.drom.ru/barnaul/toyota/camry/414093677.html,414093677,Тойота Камри,950000,2011,"бензин, 3.5 л",277.0,АКПП,передний,серебристый,349 097,,левый,,,Барнаул,
https://auto.drom.ru/komsomolsk/toyota/camry/484462641.html,484462641,Тойота Камри,999000,2012,"бензин, 2.5 л",181.0,АКПП,передний,черный,195 000,,левый,8 поколение,2.5 6AT Prestige Plus,"Комсомольск-на-Амуре, Хабаровский край",
https://auto.drom.ru/gudermes/toyota/camry/187812160.html,187812160,Тойота Камри,850000,2010,"бензин, 3.5 л, ГБО",277.0,АКПП,передний,черный,387 000,,левый,"7 поколение, рестайлинг",3.5 AT Luxe,"Гудермес, Чеченская Республика",
https://auto.drom.ru/novosibirsk/toyota/camry/331535336.html,331535336,Тойота Камри,950000,2007,"бензин, 2.4 л",167.0,АКПП,передний,серебристый,310 000,2.0,левый,7 поколение,2.4 AT Prestige,Новосибирск,
https://auto.drom.ru/ekaterinburg/toyota/camry/500423393.html,500423393,Тойота Камри,2449000,2021,"бензин, 2.5 л",181.0,АКПП,передний,черный,166 889,1.0,левый,9 поколение,2.5 AT Элеганс Safety,Екатеринбург,
https://auto.drom.ru/novosibirsk/toyota/corolla/633765231.html,633765231,Тойота Королла,175000,1996,"бензин, 1.5 л",100.0,АКПП,передний,белый,500 000,,правый,8 поколение,,Новосибирск,
https://auto.drom.ru/dalnerechensk/toyota/corolla/499523324.html,499523324,Тойота Королла,210000,1999,"бензин, 1.6 л",110.0,АКПП,4WD,серебристый,1,,правый,7 поколение,,"Дальнереченск, Приморский край",
https://auto.drom.ru/irkutsk/toyota/corolla/157551408.html,157551408,Тойота Королла,360000,2000,"бензин, 1.8 л",136.0,АКПП,передний,белый,500 000,,правый,9 поколение,1.8 LUXEL,Иркутск,
https://auto.drom.ru/ussuriisk/toyota/corolla/333444356.html,333444356,Тойота Королла,1950000,2021,"бензин, 1.8 л, гибрид",98.0,вариатор,передний,белый,90 000,1.0,правый,12 поколение,1.8 Hybrid WxB,"Уссурийск, Приморский край",
https://auto.drom.ru/tulun/toyota/corolla/363259038.html,363259038,Тойота Королла,220000,1993,"бензин, 1.5 л",105.0,АКПП,передний,белый,252 000,,правый,"7 поколение, рестайлинг",,"Тулун, Иркутская область",
https://auto.drom.ru/omsk/toyota/corolla/426081708.html,426081708,Тойота Королла,800000,2008,"бензин, 1.4 л",97.0,механика,передний,белый,162 000,3.0,левый,10 поколение,,Омск,
https://auto.drom.ru/irkutsk/toyota/corolla/764778229.html,764778229,Тойота Королла,504000,2005,"бензин, 1.6 л",110.0,АКПП,передний,серый,200 000,3.0,левый,"9 поколение, рестайлинг",1.6 AT Terra,Иркутск,
https://auto.drom.ru/chita/toyota/corolla/250373334.html,250373334,Тойота Королла,615000,2006,"бензин, 1.5 л",105.0,АКПП,4WD,белый,93 000,3.0,правый,"9 поколение, 2 рестайлинг",1.5 X 4WD,Чита,
https://auto.drom.ru/ekaterinburg/toyota/corolla/179683942.html,179683942,Тойота Королла,1489000,2013,"бензин, 1.6 л",122.0,механика,передний,белый,151 500,1.0,левый,11 поколение,1.6 MT Стиль,Екатеринбург,
https://auto.drom.ru/bolshoy-kamen/toyota/corolla/150322949.html,150322949,Тойота Королла,1450000,2021,,,,,синий,88 000,1.0,левый,12 поколение,,"Большой Камень, Приморский край",
https://auto.drom.ru/birobidzhan/toyota/corolla/407722366.html,407722366,Тойота Королла,1620000,2021,"бензин, 1.2 л",116.0,автомат,передний,белый,40 000,1.0,левый,12 поколение,,Биробиджан,
https://auto.drom.ru/nakhodka/toyota/corolla/262937871.html,262937871,Тойота Королла,355000,2000,"бензин, 1.5 л",100.0,АКПП,передний,серый,169 000,2.0,правый,"7 поколение, 3 рестайлинг",1.5 touring wagon G touring aero look package,"Находка, Приморский край",
https://auto.drom.ru/vladivostok/toyota/corolla/837547504.html,837547504,Тойота Королла,1650000,2020,"бензин, 1.8 л, гибрид",98.0,вариатор,передний,белый,138 964,1.0,правый,12 поколение,Touring 1.8 Hybrid WxB,Владивосток,
https://auto.drom.ru/moscow/toyota/corolla/792821786.html,792821786,Тойота Королла,3490000,2026,"бензин, 1.8 л, гибрид",98.0,вариатор,передний,белый,,,левый,12 поколение,,Москва,
https://auto.drom.ru/vladivostok/toyota/corolla/339037266.html,339037266,Тойота Королла,1350000,2022,"бензин, 1.8 л",140.0,вариатор,передний,,76 000,,правый,12 поколение,,,
https://auto.drom.ru/seryshevo/toyota/corolla/631271908.html,631271908,Тойота Королла,100000,1995,"бензин, 1.5 л",100.0,АКПП,передний,белый,275 000,,правый,8 поколение,1.5 SE saloon,"Серышево, Амурская область",
https://auto.drom.ru/vladivostok/toyota/corolla/696223072.html,696223072,Тойота Королла,1350000,2022,"бензин, 1.8 л",140.0,вариатор,передний,,102 000,,правый,12 поколение,,,
https://auto.drom.ru/ussuriisk/toyota/corolla/934655049.html,934655049,Тойота Королла,1450000,2021,"бензин, 1.8 л",140.0,вариатор,передний,серый,98 000,1.0,правый,12 поколение,Touring 1.8 G-X,"Уссурийск, Приморский край",
https://auto.drom.ru/ekaterinburg/toyota/corolla/633349588.html,633349588,Тойота Королла,1029000,2011,"бензин, 1.6 л",124.0,механика,передний,серебристый,224 000,2.0,левый,"10 поколение, рестайлинг",1.6 MT Comfort Plus,Екатеринбург,
https://auto.drom.ru/ekaterinburg/toyota/rav4/235803857.html,235803857,Тойота РАВ4,3750000,2020,"бензин, 2.5 л",199.0,АКПП,4WD,черный,51 565,2.0,левый,5 поколение,2.5 AT 4WD Престиж,Екатеринбург,
https://auto.drom.ru/ekaterinburg/toyota/rav4/290266520.html,290266520,Тойота РАВ4,1114000,2008,"бензин, 2.0 л",152.0,АКПП,4WD,бежевый,256 594,2.0,левый,3 поколение,2.0 AT Sol,Екатеринбург,
https://auto.drom.ru/ussuriisk/toyota/rav4/384111757.html,384111757,Тойота РАВ4,630000,2000,"бензин, 1.8 л",125.0,АКПП,передний,серый,180 000,3.0,правый,2 поколение,1.8 J Aero Sport,"Уссурийск, Приморский край",
https://auto.drom.ru/ekaterinburg/toyota/rav4/245977429.html,245977429,Тойота РАВ4,2150000,2012,"бензин, 2.5 л",180.0,АКПП,4WD,зеленый,156 508,2.0,левый,4 поколение,2.5 AT 4WD Престиж Плюс,Екатеринбург,
https://auto.drom.ru/vladivostok/toyota/rav4/244358613.html,244358613,Тойота РАВ4,808080,2006,"бензин, 2.0 л",152.0,АКПП,4WD,черный,198 000,,левый,3 поколение,2.0 AT Executive,Владивосток,
https://auto.drom.ru/nakhodka/toyota/rav4/897547942.html,897547942,Тойота РАВ4,700000,2001,"бензин, 2.0 л",152.0,АКПП,4WD,золотистый,179 000,2.0,правый,2 поколение,2.0 J X G package,"Находка, Приморский край",
https://auto.drom.ru/mohsogolloh/toyota/rav4/876624439.html,876624439,Тойота РАВ4,900000,2007,"бензин, 2.4 л",170.0,АКПП,4WD,серый,260 000,,левый,3 поколение,2.4 AT Sol,"Мохсоголлох, Республика Саха (Якутия)",
https://auto.drom.ru/vladivostok/toyota/rav4/842124118.html,842124118,Тойота РАВ4,4300000,2026,"бензин, 2.0 л",171.0,вариатор,4WD,белый,,,левый,6 поколение,2.0 CVT 4WD Luxury,Владивосток,
https://auto.drom.ru/habarovsk/toyota/rav4/446448258.html,446448258,Тойота РАВ4,2780000,2020,"бензин, 2.0 л",149.0,вариатор,4WD,белый,140 000,3.0,левый,5 поколение,2.0 CVT 4WD Style,Хабаровск,
https://auto.drom.ru/blagoveshchensk/toyota/rav4/253145664.html,253145664,Тойота РАВ4,2070000,2013,"бензин, 2.0 л",146.0,вариатор,4WD,черный,115 000,3.0,левый,4 поколение,,Благовещенск,
https://auto.drom.ru/birobidzhan/toyota/rav4/888383438.html,888383438,Тойота РАВ4,775000,2003,"бензин, 1.8 л",125.0,АКПП,передний,серый,250 000,2.0,правый,"2 поколение, рестайлинг",1.8 L X G package,Биробиджан,
https://auto.drom.ru/ekaterinburg/toyota/rav4/758775056.html,758775056,Тойота РАВ4,3430000,2023,"бензин, 2.0 л",171.0,вариатор,4WD,белый,24 100,2.0,левый,5 поколение,2.0 CVT Adventure Ultimate,Екатеринбург,
https://auto.drom.ru/vladivostok/toyota/rav4/617336758.html,617336758,Тойота РАВ4,2910000,2019,"бензин, 2.0 л",171.0,вариатор,4WD,,120 000,1.0,правый,5 поколение,,Владивосток,
https://auto.drom.ru/novosibirsk/toyota/rav4/806791370.html,806791370,Тойота РАВ4,4250000,2026,"бензин, 2.0 л",171.0,вариатор,4WD,черный,,,левый,6 поколение,2.0 CVT 4WD Luxury,Новосибирск,
https://auto.drom.ru/ekaterinburg/toyota/rav4/620168738.html,620168738,Тойота РАВ4,2899000,2020,"бензин, 2.5 л",199.0,АКПП,4WD,черный,141 700,3.0,левый,5 поколение,2.5 AT 4WD Комфорт,Екатеринбург,
https://auto.drom.ru/chuguevka/toyota/land_cruiser/835969371.html,835969371,Тойота Ленд Крузер,10500000,2021,"бензин, 3.4 л",415.0,АКПП,4WD,серый,77 000,1.0,левый,12 поколение,3.4 AT Комфорт+,"Чугуевка, Приморский край",
https://auto.drom.ru/kerch/toyota/land_cruiser/941628035.html,941628035,Тойота Ленд Крузер,3950000,2007,"дизель, 4.2 л",204.0,механика,4WD,золотистый,160 000,2.0,левый,"10 поколение, 2 рестайлинг",,"Керчь, Республика Крым",
https://auto.drom.ru/vladivostok/toyota/land_cruiser/944814976.html,944814976,Тойота Ленд Крузер,6700000,2013,"бензин, 4.0 л",228.0,механика,4WD,коричневый,66 000,,левый,"8 поколение, 3 рестайлинг",4.0 MT Double Cabin,Владивосток,
https://auto.drom.ru/blagoveshchensk/toyota/land_cruiser/875822682.html,875822682,Тойота Ленд Крузер,1999999,1996,"дизель, 4.2 л",135.0,механика,4WD,зеленый,180 500,,левый,"9 поколение, рестайлинг",4.2 MT VX,Благовещенск,
https://auto.drom.ru/nerchinsk/toyota/land_cruiser/756434758.html,756434758,Тойота Ленд Крузер,2500000,2003,"дизель, 4.2 л",131.0,механика,4WD,серебристый,380 000,3.0,левый,"10 поколение, рестайлинг",,"Нерчинск, Забайкальский край",
https://auto.drom.ru/habarovsk/toyota/land_cruiser/923897084.html,923897084,Тойота Ленд Крузер,2800000,2008,"дизель, 4.5 л",235.0,АКПП,4WD,черный,300 000,3.0,левый,11 поколение,,Хабаровск,
https://auto.drom.ru/novosibirsk/toyota/land_cruiser/943734457.html,943734457,Тойота Ленд Крузер,10000000,2020,"бензин, 4.6 л",309.0,АКПП,4WD,серый,55 000,2.0,левый,"11 поколение, 2 рестайлинг",4.6 AT Люкс Safety (5 мест),Новосибирск,
https://auto.drom.ru/vladivostok/toyota/land_cruiser/462567558.html,462567558,Тойота Ленд Крузер,1350000,2003,"бензин, 4.7 л",235.0,АКПП,4WD,белый,190 000,,правый,"10 поколение, рестайлинг",4.7 100 VX limited 4WD,Владивосток,
https://auto.drom.ru/petropavlovsk-kamchatskiy/toyota/land_cruiser/169582282.html,169582282,Тойота Ленд Крузер,2480000,1999,"бензин, 4.7 л",235.0,АКПП,4WD,серый,362 782,3.0,правый,10 поколение,4.7 100 VX limited 4WD,Петропавловск-Камчатский,
https://auto.drom.ru/vladivostok/toyota/land_cruiser/210496283.html,210496283,Тойота Ленд Крузер,1400000,2004,"бензин, 4.7 л",235.0,АКПП,4WD,белый,156 000,,правый,"10 поколение, рестайлинг",4.7 100 VX limited G selection 4WD,Владивосток,
https://auto.drom.ru/ulan-ude/toyota/land_cruiser/693057214.html,693057214,Тойота Ленд Крузер,3255000,2008,"бензин, 4.7 л",288.0,АКПП,4WD,,255,3.0,левый,11 поколение,4.7 AT Люкс,Улан-Удэ,
https://auto.drom.ru/ivanovo/toyota/land_cruiser/946006035.html,946006035,Тойота Ленд Крузер,4950000,2016,"дизель, 4.5 л",249.0,АКПП,4WD,синий,210 792,,левый,"11 поколение, 2 рестайлинг",,Иваново,
https://auto.drom.ru/vladivostok/toyota/land_cruiser/200734056.html,200734056,Тойота Ленд Крузер,1950000,2012,"бензин, 4.6 л",318.0,АКПП,4WD,белый,278 000,,правый,"11 поколение, рестайлинг",,Владивосток,
https://auto.drom.ru/vladivostok/toyota/land_cruiser/263407357.html,263407357,Тойота Ленд Крузер,1450000,1996,"бензин, 4.5 л",205.0,автомат,4WD,зеленый,180 000,,правый,"9 поколение, рестайлинг",,Владивосток,
https://auto.drom.ru/tyumen/toyota/land_cruiser/506777409.html,506777409,Тойота Ленд Крузер,3350000,2012,"дизель, 4.5 л",235.0,АКПП,4WD,белый,191 383,2.0,левый,"11 поколение, рестайлинг",4.5 TD AT Люкс (7 мест),Тюмень,
https://auto.drom.ru/blagoveshchensk/toyota/land_cruiser/920348345.html,920348345,Тойота Ленд Крузер,3000000,1994,дизель,,автомат,4WD,серый,300 000,,правый,,,Благовещенск,
https://auto.drom.ru/ussuriisk/toyota/land_cruiser/933706387.html,933706387,Тойота Ленд Крузер,1600000,2000,"дизель, 4.2 л",205.0,АКПП,4WD,белый,388 965,,правый,10 поколение,,"Уссурийск, Приморский край",
https://auto.drom.ru/vladivostok/toyota/land_cruiser/346481150.html,346481150,Тойота Ленд Крузер,5200000,2015,"дизель, 4.5 л",235.0,АКПП,4WD,белый,117 000,2.0,левый,"11 поколение, рестайлинг",4.5 TD AT Brownstone (7 мест),Владивосток,
https://auto.drom.ru/yuzhno-sakhalinsk/toyota/land_cruiser/381093073.html,381093073,Тойота Ленд Крузер,1500000,1988,"дизель, 4.2 л",204.0,автомат,4WD,зеленый,230 000,,правый,8 поколение,,Южно-Сахалинск,
https://auto.drom.ru/chita/toyota/land_cruiser/327592905.html,327592905,Тойота Ленд Крузер,7500000,2016,"бензин, 4.6 л",309.0,АКПП,4WD,белый,267,1.0,левый,"11 поколение, 2 рестайлинг",,Чита,
https://auto.drom.ru/ekaterinburg/toyota/land_cruiser_prado/500425195.html,500425195,Тойота Ленд Крузер Прадо,1768000,2007,"бензин, 4.0 л",249.0,АКПП,4WD,черный,288 235,,левый,3 поколение,4.0 AT Сол,Екатеринбург,
https://auto.drom.ru/vladivostok/toyota/land_cruiser_prado/894645280.html,894645280,Тойота Ленд Крузер Прадо,4450000,2019,"бензин, 2.7 л",163.0,АКПП,4WD,белый,65 000,1.0,правый,"4 поколение, 2 рестайлинг",2.7 TX 5 seat 4WD,Владивосток,
https://auto.drom.ru/ussuriisk/toyota/land_cruiser_prado/612067213.html,612067213,Тойота Ленд Крузер Прадо,5750000,2022,"бензин, 2.7 л",163.0,АКПП,4WD,белый,55 000,1.0,правый,"4 поколение, 2 рестайлинг",2.7 TX L Package 7 seat 4WD,"Уссурийск, Приморский край",
https://auto.drom.ru/nakhodka/toyota/land_cruiser_prado/124857466.html,124857466,Тойота Ленд Крузер Прадо,6000000,2022,"дизель, 2.8 л",204.0,АКПП,4WD,белый,58 000,1.0,правый,"4 поколение, 2 рестайлинг",2.8 TX L Package 70th Anniversary Limited 7 seat Diesel Turbo 4WD,"Находка, Приморский край",
https://auto.drom.ru/volno-nadezhdinskoe/toyota/land_cruiser_prado/362920408.html,362920408,Тойота Ленд Крузер Прадо,1490000,1989,"дизель, 2.4 л",97.0,АКПП,4WD,серый,273 518,,правый,1 поколение,,"Вольно-Надеждинское, Приморский край",
https://auto.drom.ru/komsomolsk/toyota/land_cruiser_prado/419407547.html,419407547,Тойота Ленд Крузер Прадо,5999000,2021,"дизель, 2.8 л",204.0,АКПП,4WD,черный,59 500,2.0,правый,"4 поколение, 2 рестайлинг",2.8 TX L Package Black Edition 7 seat Diesel Turbo 4WD,"Комсомольск-на-Амуре, Хабаровский край",
https://auto.drom.ru/chita/toyota/land_cruiser_prado/532131801.html,532131801,Тойота Ленд Крузер Прадо,780000,1998,"бензин, 3.4 л",178.0,АКПП,4WD,синий,350 000,,левый,2 поколение,,Чита,
https://auto.drom.ru/vladivostok/toyota/land_cruiser_prado/917026368.html,917026368,Тойота Ленд Крузер Прадо,6100000,2020,"дизель, 2.8 л",204.0,АКПП,4WD,белый,50 000,1.0,правый,"4 поколение, 2 рестайлинг",2.8 TZ-G Diesel Turbo 4WD,Владивосток,
https://auto.drom.ru/vladivostok/toyota/land_cruiser_prado/112980261.html,112980261,Тойота Ленд Крузер Прадо,1350000,1993,"дизель, 3.0 л",130.0,АКПП,4WD,серый,190 000,,правый,"1 поколение, рестайлинг",3.0DT 70 Prado EX wide,Владивосток,
https://auto.drom.ru/ussuriisk/toyota/land_cruiser_prado/727635255.html,727635255,Тойота Ленд Крузер Прадо,3500000,2011,"бензин, 4.0 л",276.0,АКПП,4WD,белый,193 000,,правый,4 поколение,,"Уссурийск, Приморский край",
https://auto.drom.ru/verh-katunskoe/toyota/land_cruiser_prado/390556810.html,390556810,Тойота Ленд Крузер Прадо,2650000,2012,"дизель, 3.0 л",173.0,АКПП,4WD,белый,258 400,3.0,левый,4 поколение,3.0 TD AT Comfort,"Верх-Катунское, Алтайский край",
https://auto.drom.ru/blagoveshchensk/toyota/land_cruiser_prado/895291614.html,895291614,Тойота Ленд Крузер Прадо,4300000,2017,"бензин, 2.7 л",163.0,АКПП,4WD,белый,50 000,1.0,правый,"4 поколение, 2 рестайлинг",2.7 TX L Package 5 seat 4WD,Благовещенск,
https://auto.drom.ru/petropavlovsk-kamchatskiy/toyota/land_cruiser_prado/373879096.html,373879096,Тойота Ленд Крузер Прадо,1600000,2002,"бензин, 2.7 л",150.0,АКПП,4WD,черный,300,2.0,правый,"2 поколение, рестайлинг",2.7 TX 8 seat 4WD,Петропавловск-Камчатский,
https://auto.drom.ru/vladivostok/toyota/land_cruiser_prado/491073160.html,491073160,Тойота Ленд Крузер Прадо,1730000,2010,"бензин, 4.0 л",276.0,АКПП,4WD,белый,237 000,,правый,4 поколение,4.0 TX 4WD,Владивосток,
https://auto.drom.ru/blagoveshchensk/toyota/land_cruiser_prado/321560699.html,321560699,Тойота Ленд Крузер Прадо,5000000,2017,"бензин, 2.7 л",163.0,АКПП,4WD,белый,44 352,1.0,правый,"4 поколение, 2 рестайлинг",,Благовещенск,
https://auto.drom.ru/yakutsk/toyota/land_cruiser_prado/872878384.html,872878384,Тойота Ленд Крузер Прадо,2250000,2008,"бензин, 2.7 л, ГБО",163.0,АКПП,4WD,черный,220 000,,правый,3 поколение,2.7 Prado TX,Якутск,
https://auto.drom.ru/barnaul/toyota/land_cruiser_prado/530741237.html,530741237,Тойота Ленд Крузер Прадо,1100000,2002,"дизель, 3.0 л",171.0,автомат,4WD,серый,350 000,1.0,левый,"2 поколение, рестайлинг",,Барнаул,
https://auto.drom.ru/ussuriisk/toyota/land_cruiser_prado/632445396.html,632445396,Тойота Ленд Крузер Прадо,4850000,2020,"бензин, 2.7 л",163.0,АКПП,4WD,белый,75 000,1.0,левый,"4 поколение, 2 рестайлинг",2.7 AT Стандарт,"Уссурийск, Приморский край",
https://auto.drom.ru/habarovsk/toyota/land_cruiser_prado/331553596.html,331553596,Тойота Ленд Крузер Прадо,5749000,2021,"дизель, 2.8 л",204.0,АКПП,4WD,белый,99 589,1.0,правый,"4 поколение, 2 рестайлинг",2.8 TZ-G Diesel Turbo 4WD,Хабаровск,
https://auto.drom.ru/habarovsk/toyota/land_cruiser_prado/622617312.html,622617312,Тойота Ленд Крузер Прадо,4359000,2018,"дизель, 2.8 л",177.0,АКПП,4WD,синий,104 376,1.0,правый,"4 поколение, 2 рестайлинг",2.8 TX L Package 5 seat Diesel Turbo 4WD,Хабаровск,
https://auto.drom.ru/habarovsk/toyota/land_cruiser_prado/387563117.html,387563117,Тойота Ленд Крузер Прадо,7500000,2024,"бензин, 2.7 л",163.0,АКПП,4WD,белый,2 891,,правый,5 поколение,2.7 VX 4WD,Хабаровск,
https://auto.drom.ru/habarovsk/toyota/land_cruiser_prado/307568243.html,307568243,Тойота Ленд Крузер Прадо,2899000,2012,"дизель, 3.0 л",173.0,АКПП,4WD,бежевый,150 570,3.0,левый,4 поколение,3.0 TD AT Prestige Plus,Хабаровск,
https://auto.drom.ru/habarovsk/toyota/land_cruiser_prado/553291650.html,553291650,Тойота Ленд Крузер Прадо,2799000,2010,"дизель, 3.0 л",173.0,АКПП,4WD,черный,220 663,1.0,левый,4 поколение,3.0 TD AT Elegance,Хабаровск,
https://auto.drom.ru/habarovsk/toyota/land_cruiser_prado/440997094.html,440997094,Тойота Ленд Крузер Прадо,3699000,2013,"бензин, 2.7 л",163.0,АКПП,4WD,серый,114 700,1.0,левый,"4 поколение, рестайлинг",2.7 AT Стандарт,Хабаровск,
https://auto.drom.ru/habarovsk/toyota/highlander/946560900.html,946560900,Тойота Хайлендер,3350000,2014,"бензин, 3.5 л",249.0,АКПП,4WD,белый,92 000,3.0,левый,3 поколение,3.5 AT 4WD Люкс,Хабаровск,
https://auto.drom.ru/kaliningrad/toyota/highlander/917728348.html,917728348,Тойота Хайлендер,1850000,2013,"бензин, 3.5 л",273.0,АКПП,4WD,черный,250 000,2.0,левый,"2 поколение, рестайлинг",3.5 AT Prestige (7 мест),Калининград,
https://auto.drom.ru/novosibirsk/toyota/highlander/478507644.html,478507644,Тойота Хайлендер,5349000,2026,"бензин, 2.0 л",248.0,АКПП,4WD,белый,,,левый,4 поколение,2.0 AT Premium,Новосибирск,
https://auto.drom.ru/ekaterinburg/toyota/highlander/288599062.html,288599062,Тойота Хайлендер,2479000,2014,"бензин, 3.5 л",249.0,АКПП,4WD,белый,278 000,2.0,левый,3 поколение,3.5 AT 4WD Элеганс,Екатеринбург,
https://auto.drom.ru/surgut/toyota/highlander/795170278.html,795170278,Тойота Хайлендер,4400000,2021,"бензин, 3.5 л",295.0,АКПП,4WD,серый,90 000,1.0,левый,4 поколение,3.5 AT XLE,"Сургут, Ханты-Мансийский автономный округ",
https://auto.drom.ru/voronezh/toyota/highlander/836758693.html,836758693,Тойота Хайлендер,5200000,2026,"бензин, 2.0 л",248.0,АКПП,4WD,белый,50,,левый,4 поколение,2.0 AT Supreme,Воронеж,
https://auto.drom.ru/himki/toyota/highlander/446439390.html,446439390,Тойота Хайлендер,4128000,2021,"бензин, 3.5 л",249.0,АКПП,4WD,синий,102 257,1.0,левый,4 поколение,3.5 AT Престиж,"Химки, Московская область",
https://auto.drom.ru/nakhodka/toyota/highlander/621974332.html,621974332,Тойота Хайлендер,4880000,2021,"бензин, 3.5 л",249.0,АКПП,4WD,серебристый,110 720,1.0,левый,4 поколение,3.5 AT Престиж,"Находка, Приморский край",
https://auto.drom.ru/fyodorovskiy/toyota/highlander/661088488.html,661088488,Тойота Хайлендер,5485000,2019,"бензин, 3.5 л",249.0,АКПП,4WD,белый,87 650,2.0,левый,"3 поколение, рестайлинг",3.5 AT Престиж,"Фёдоровский, Ханты-Мансийский автономный округ",
https://auto.drom.ru/tula/toyota/highlander/724562428.html,724562428,Тойота Хайлендер,5550000,2026,"бензин, 2.0 л",248.0,АКПП,4WD,белый,,,левый,4 поколение,2.0 AT Premium,Тула,
https://auto.drom.ru/blagoveshchensk/toyota/highlander/665654956.html,665654956,Тойота Хайлендер,3500000,2014,"бензин, 3.5 л",249.0,АКПП,4WD,белый,133 000,2.0,левый,3 поколение,3.5 AT 4WD Люкс,Благовещенск,
https://auto.drom.ru/kurgan/toyota/highlander/932781225.html,932781225,Тойота Хайлендер,1800000,2012,"бензин, 3.5 л",273.0,АКПП,4WD,белый,280 000,,левый,"2 поколение, рестайлинг",3.5 AT Prestige (7 мест),Курган,
https://auto.drom.ru/barabinsk/toyota/highlander/800274254.html,800274254,Тойота Хайлендер,2300000,2011,"бензин, 3.5 л, ГБО",273.0,АКПП,4WD,серый,242 879,,левый,"2 поколение, рестайлинг",3.5 AT Luxe (7 мест),"Барабинск, Новосибирская область",
https://auto.drom.ru/irkutsk/toyota/highlander/731978121.html,731978121,Тойота Хайлендер,2100000,2013,"бензин, 3.5 л",273.0,АКПП,4WD,белый,202 000,,левый,"2 поколение, рестайлинг",3.5 AT Comfort,Иркутск,
https://auto.drom.ru/moscow/toyota/highlander/875242155.html,875242155,Тойота Хайлендер,5990000,2026,"бензин, 2.0 л",248.0,АКПП,4WD,черный,,,левый,4 поколение,,Москва,
https://auto.drom.ru/noyabrsk/toyota/highlander/702174906.html,702174906,Тойота Хайлендер,2050000,2011,"бензин, 3.5 л, ГБО",273.0,АКПП,4WD,черный,321 457,,левый,"2 поколение, рестайлинг",3.5 AT Prestige (7 мест),"Ноябрьск, Ямало-Ненецкий автономный округ",
https://auto.drom.ru/tulun/toyota/highlander/614566637.html,614566637,Тойота Хайлендер,1900000,2008,"бензин, 2.7 л",190.0,автомат,передний,белый,190 000,,левый,2 поколение,,"Тулун, Иркутская область",
https://auto.drom.ru/barnaul/toyota/avensis/754987622.html,754987622,Тойота Авенсис,1245000,2008,"бензин, 1.8 л",129.0,АКПП,передний,серебристый,166 000,3.0,левый,"2 поколение, рестайлинг",1.8 AT Sol,Барнаул,
https://auto.drom.ru/chita/toyota/avensis/327347067.html,327347067,Тойота Авенсис,1000000,2009,"бензин, 1.8 л",147.0,вариатор,передний,черный,220 000,,левый,3 поколение,1.8 CVT Executive,Чита,
https://auto.drom.ru/belgorod/toyota/avensis/925073268.html,925073268,Тойота Авенсис,900000,2008,"бензин, 2.0 л",147.0,механика,передний,серый,350 000,2.0,левый,"2 поколение, рестайлинг",,Белгород,
https://auto.drom.ru/kiselevsk/toyota/avensis/719920472.html,719920472,Тойота Авенсис,790000,2007,"бензин, 1.8 л",129.0,механика,передний,зеленый,350 000,,левый,"2 поколение, рестайлинг",1.8 MT Sol,"Киселёвск, Кемеровская область",
https://auto.drom.ru/angarsk/toyota/avensis/750667805.html,750667805,Тойота Авенсис,950000,2007,"бензин, 2.0 л",147.0,АКПП,передний,бордовый,158 570,,левый,"2 поколение, рестайлинг",2.0 АТ Люкс,"Ангарск, Иркутская область",
https://auto.drom.ru/karasuk/toyota/avensis/925045106.html,925045106,Тойота Авенсис,650000,2007,"бензин, 2.0 л",147.0,механика,передний,синий,288 000,,левый,"2 поколение, рестайлинг",,"Карасук, Новосибирская область",
https://auto.drom.ru/spb/toyota/avensis/840097815.html,840097815,Тойота Авенсис,777000,2009,"бензин, 1.8 л",147.0,механика,передний,серый,270 500,2.0,левый,3 поколение,1.8 MT Executive,Санкт-Петербург,
https://auto.drom.ru/svobodniy/toyota/avensis/396327523.html,396327523,Тойота Авенсис,550000,2003,"бензин, 2.0 л",155.0,АКПП,передний,серый,228 391,3.0,правый,2 поколение,,"Свободный, Амурская область",
https://auto.drom.ru/latnaya/toyota/avensis/758949830.html,758949830,Тойота Авенсис,1595000,2016,"бензин, 2.0 л",152.0,вариатор,передний,белый,117 500,3.0,правый,"3 поколение, 2 рестайлинг",2.0 Xi,"Латная, Воронежская область",
https://auto.drom.ru/tomsk/toyota/avensis/786544571.html,786544571,Тойота Авенсис,950000,2009,"дизель, 2.2 л",150.0,АКПП,передний,серебристый,289 000,,левый,3 поколение,2.2 D-4D AT Sol,Томск,
https://auto.drom.ru/ulan-ude/toyota/avensis/882832368.html,882832368,Тойота Авенсис,300000,1998,"бензин, 1.8 л",110.0,механика,передний,зеленый,427 533,3.0,левый,1 поколение,,Улан-Удэ,
https://auto.drom.ru/zima/toyota/avensis/712953472.html,712953472,Тойота Авенсис,899000,2007,"бензин, 2.0 л",147.0,АКПП,передний,серый,164 000,,левый,"2 поколение, рестайлинг",2.0 AT Executive,"Зима, Иркутская область",
https://auto.drom.ru/sterlitamak/toyota/avensis/693140567.html,693140567,Тойота Авенсис,570000,2006,"бензин, 1.8 л",129.0,механика,передний,черный,307 286,2.0,левый,"2 поколение, рестайлинг",1.8 MT Сол,"Стерлитамак, Республика Башкортостан",
https://auto.drom.ru/prokopyevsk/toyota/avensis/934389267.html,934389267,Тойота Авенсис,340000,1998,"бензин, 1.6 л",110.0,механика,передний,зеленый,400 000,,левый,1 поколение,,"Прокопьевск, Кемеровская область",
https://auto.drom.ru/novosibirsk/toyota/avensis/831399437.html,831399437,Тойота Авенсис,750000,2003,"бензин, 2.0 л",147.0,АКПП,передний,зеленый,220 854,,левый,2 поколение,,Новосибирск,
https://auto.drom.ru/novosibirsk/toyota/avensis/770417302.html,770417302,Тойота Авенсис,240000,1998,"бензин, 1.6 л",110.0,механика,передний,синий,452 000,2.0,левый,1 поколение,,Новосибирск,
https://auto.drom.ru/tarko-sale/toyota/avensis/731107253.html,731107253,Тойота Авенсис,890000,2010,"бензин, 1.8 л",147.0,вариатор,передний,черный,172 317,,левый,3 поколение,1.8 CVT Престиж,"Тарко-Сале, Ямало-Ненецкий автономный округ",
https://auto.drom.ru/irkutsk/toyota/avensis/886586782.html,886586782,Тойота Авенсис,800000,2007,"бензин, 1.8 л",129.0,механика,передний,серый,300 000,3.0,левый,"2 поколение, рестайлинг",1.8 MT Sol,Иркутск,
https://auto.drom.ru/ponezhukay/toyota/avensis/777440105.html,777440105,Тойота Авенсис,125000,1998,"бензин, 2.0 л",128.0,АКПП,передний,зеленый,586 000,,левый,1 поколение,2.0 AT Linea Sol,"Понежукай, Республика Адыгея",
https://auto.drom.ru/nizhnevartovsk/toyota/avensis/698304833.html,698304833,Тойота Авенсис,680000,2007,"бензин, 2.4 л",163.0,АКПП,передний,черный,315 000,,левый,"2 поколение, рестайлинг",2.4 АТ Люкс,"Нижневартовск, Ханты-Мансийский автономный округ",
https://auto.drom.ru/nakhodka/toyota/yaris/515087492.html,515087492,Тойота Ярис,1130000,2020,"бензин, 1.5 л",120.0,вариатор,передний,черный,95 000,1.0,правый,4 поколение,1.5 X,"Находка, Приморский край",
https://auto.drom.ru/barnaul/toyota/yaris/455741320.html,455741320,Тойота Ярис,575000,2008,"бензин, 1.5 л, ГБО",108.0,АКПП,передний,синий,223 520,,левый,2 поколение,1.5 AT S 4dr.,Барнаул,
https://auto.drom.ru/irkutsk/toyota/yaris/730674502.html,730674502,Тойота Ярис,1250000,2020,"бензин, 1.0 л",69.0,вариатор,передний,белый,80 000,1.0,правый,4 поколение,1.0 G,Иркутск,
https://auto.drom.ru/vladivostok/toyota/yaris/772606089.html,772606089,Тойота Ярис,798000,2023,"бензин, 1.0 л",69.0,вариатор,передний,бордовый,14 000,,правый,4 поколение,1.0 G,,
https://auto.drom.ru/berdsk/toyota/yaris/945591725.html,945591725,Тойота Ярис,1105000,2021,"бензин, 1.0 л",69.0,вариатор,передний,белый,118 000,1.0,правый,4 поколение,1.0 X,"Бердск, Новосибирская область",
https://auto.drom.ru/aldan/toyota/yaris/666223050.html,666223050,Тойота Ярис,1250000,2020,"бензин, 1.0 л",69.0,вариатор,передний,белый,75 000,1.0,правый,4 поколение,1.0 G,"Алдан, Республика Саха (Якутия)",
https://auto.drom.ru/omsk/toyota/yaris/761620859.html,761620859,Тойота Ярис,455000,2006,"бензин, 1.3 л",87.0,АКПП,передний,серебристый,250 000,2.0,левый,2 поколение,1.3 AT 5dr.,Омск,
https://auto.drom.ru/yakutsk/toyota/yaris/685815365.html,685815365,Тойота Ярис,850000,2020,"бензин, 1.0 л",69.0,вариатор,передний,белый,133 000,2.0,правый,4 поколение,,Якутск,
https://auto.drom.ru/habarovsk/toyota/yaris/675983808.html,675983808,Тойота Ярис,950000,2020,"бензин, 1.0 л",69.0,вариатор,передний,серый,79 100,1.0,правый,4 поколение,,Хабаровск,
https://auto.drom.ru/chita/toyota/yaris/936725760.html,936725760,Тойота Ярис,1100000,2022,"бензин, 1.0 л",69.0,вариатор,передний,синий,125 000,1.0,правый,4 поколение,,Чита,
https://auto.drom.ru/irkutsk/toyota/yaris/587241616.html,587241616,Тойота Ярис,1120000,2020,"бензин, 1.0 л",69.0,вариатор,передний,голубой,32 000,,правый,4 поколение,1.0 G,Иркутск,
https://auto.drom.ru/vladivostok/toyota/yaris/277599465.html,277599465,Тойота Ярис,940000,2020,"бензин, 1.0 л",69.0,вариатор,передний,белый,85 000,,правый,4 поколение,1.0 G,Владивосток,
https://auto.drom.ru/vladivostok/toyota/yaris/592319666.html,592319666,Тойота Ярис,870000,2020,"бензин, 1.0 л",69.0,вариатор,передний,белый,95 000,1.0,правый,4 поколение,1.0 G,Владивосток,
https://auto.drom.ru/krasnodar/toyota/yaris/518524066.html,518524066,Тойота Ярис,680000,2007,"бензин, 1.5 л",108.0,АКПП,передний,,156 000,1.0,левый,2 поколение,,Краснодар,
https://auto.drom.ru/vladivostok/toyota/yaris/638263894.html,638263894,Тойота Ярис,1100000,2020,"бензин, 1.5 л",120.0,вариатор,4WD,белый,53 000,,правый,4 поколение,1.5 X 4WD,Владивосток,
https://auto.drom.ru/moscow/toyota/yaris/802463033.html,802463033,Тойота Ярис,180000,2000,"бензин, 1.3 л",86.0,механика,передний,серебристый,692 000,,левый,1 поколение,1.3 MT Linea Sol 3dr.,Москва,
https://auto.drom.ru/berdsk/toyota/yaris/609861589.html,609861589,Тойота Ярис,1000000,2020,"бензин, 1.0 л",69.0,вариатор,передний,коричневый,105 000,1.0,правый,4 поколение,,"Бердск, Новосибирская область",
https://auto.drom.ru/vladivostok/toyota/yaris/255490583.html,255490583,Тойота Ярис,720000,2022,"бензин, 1.0 л",69.0,вариатор,передний,черный,26 300,,правый,4 поколение,1.0 G,,
https://auto.drom.ru/vladivostok/toyota/yaris/676240554.html,676240554,Тойота Ярис,900000,2020,"бензин, 1.0 л",69.0,вариатор,передний,черный,120 000,1.0,правый,4 поколение,1.0 X,Владивосток,
https://auto.drom.ru/irkutsk/toyota/yaris/721029274.html,721029274,Тойота Ярис,1270000,2020,"бензин, 1.5 л",120.0,вариатор,передний,красный,73 000,1.0,правый,4 поколение,1.5 Z,Иркутск,
https://auto.drom.ru/belogorsk/toyota/auris/144976101.html,144976101,Тойота Аурис,1180000,2016,"бензин, 1.2 л",116.0,вариатор,передний,красный,46 000,1.0,правый,"2 поколение, рестайлинг",1.2 120T,"Белогорск, Амурская область",
https://auto.drom.ru/kazan/toyota/auris/676153184.html,676153184,Тойота Аурис,1450000,2015,"бензин, 1.8 л",143.0,вариатор,передний,белый,100 000,1.0,правый,"2 поколение, рестайлинг",1.8 180S,Казань,
https://auto.drom.ru/kaluga/toyota/auris/726671814.html,726671814,Тойота Аурис,800000,2010,"дизель, 1.4 л",90.0,робот,передний,серый,133 315,2.0,левый,"1 поколение, рестайлинг",1.4 D-4D MultiMode Life 5dr.,Калуга,
https://auto.drom.ru/habarovsk/toyota/auris/748175790.html,748175790,Тойота Аурис,740000,2010,"бензин, 1.5 л",110.0,вариатор,передний,серый,178 200,3.0,правый,"1 поколение, рестайлинг",1.5 150X M package,Хабаровск,
https://auto.drom.ru/ussuriisk/toyota/auris/540644835.html,540644835,Тойота Аурис,700000,2009,"бензин, 1.5 л",110.0,вариатор,передний,серый,98 000,1.0,правый,"1 поколение, рестайлинг",,"Уссурийск, Приморский край",
https://auto.drom.ru/ussuriisk/toyota/auris/779250206.html,779250206,Тойота Аурис,1200000,2015,"бензин, 1.5 л",108.0,вариатор,передний,белый,103 000,,правый,"2 поколение, рестайлинг",,"Уссурийск, Приморский край",
https://auto.drom.ru/ekaterinburg/toyota/auris/295572525.html,295572525,Тойота Аурис,820000,2011,"бензин, 1.6 л",124.0,АКПП,передний,красный,465 000,2.0,левый,"1 поколение, рестайлинг",,Екатеринбург,
https://auto.drom.ru/vladivostok/toyota/auris/809604223.html,809604223,Тойота Аурис,600000,2010,"бензин, 1.8 л",147.0,механика,передний,синий,247 000,,правый,"1 поколение, рестайлинг",1.8 RS,Владивосток,
https://auto.drom.ru/zhatay/toyota/auris/228360780.html,228360780,Тойота Аурис,950000,2011,"бензин, 1.8 л",144.0,вариатор,передний,белый,207 270,,правый,"1 поколение, рестайлинг",1.8 180G S package,"Жатай, Республика Саха (Якутия)",
https://auto.drom.ru/blagoveshchensk/toyota/auris/933279484.html,933279484,Тойота Аурис,580000,2008,"бензин, 1.8 л",136.0,вариатор,передний,серый,290 000,,правый,1 поколение,1.8 180G S package,Благовещенск,
https://auto.drom.ru/artem/toyota/auris/286837669.html,286837669,Тойота Аурис,820000,2014,"бензин, 1.5 л",108.0,вариатор,передний,красный,140 000,3.0,правый,2 поколение,,"Артём, Приморский край",
https://auto.drom.ru/blagoveshchensk/toyota/auris/849098365.html,849098365,Тойота Аурис,1350000,2015,"бензин, 1.2 л",116.0,вариатор,передний,белый,107 000,1.0,правый,"2 поколение, рестайлинг",1.2 120T,Благовещенск,
https://auto.drom.ru/komsomolsk/toyota/auris/558957335.html,558957335,Тойота Аурис,550000,2011,"бензин, 1.5 л",110.0,вариатор,передний,белый,158 000,,правый,"1 поколение, рестайлинг",1.5 150X,"Комсомольск-на-Амуре, Хабаровский край",
https://auto.drom.ru/novoaltaysk/toyota/auris/543155339.html,543155339,Тойота Аурис,695000,2007,"бензин, 1.6 л",124.0,робот,передний,серый,220 000,,левый,1 поколение,,"Новоалтайск, Алтайский край",
https://auto.drom.ru/vologda/toyota/auris/176662355.html,176662355,Тойота Аурис,1050000,2010,"бензин, 1.6 л",132.0,механика,передний,черный,112 000,3.0,левый,"1 поколение, рестайлинг",,Вологда,
https://auto.drom.ru/nakhodka/toyota/auris/125265527.html,125265527,Тойота Аурис,535000,2007,"бензин, 1.5 л",110.0,вариатор,передний,серебристый,151 000,2.0,правый,1 поколение,1.5 150X S package,"Находка, Приморский край",
https://auto.drom.ru/bolshoy-kamen/toyota/auris/326757842.html,326757842,Тойота Аурис,950000,2012,"бензин, 1.5 л",105.0,вариатор,4WD,серебристый,150 000,1.0,правый,2 поколение,1.5 150X C Package 4WD,"Большой Камень, Приморский край",
https://auto.drom.ru/itatskiy/toyota/auris/542803179.html,542803179,Тойота Аурис,670000,2008,"бензин, 1.6 л",124.0,робот,передний,серебристый,255 999,,левый,1 поколение,1.6 MultiMode Престиж,"Итатский, Кемеровская область",
https://auto.drom.ru/habarovsk/toyota/auris/569822051.html,569822051,Тойота Аурис,1400000,2016,"бензин, 1.5 л",108.0,вариатор,передний,белый,84 000,1.0,правый,"2 поколение, рестайлинг",1.5 150X S Package,Хабаровск,
https://auto.drom.ru/vladivostok/toyota/prius/371373635.html,371373635,Тойота Приус,700000,2014,"бензин, 1.8 л, гибрид",99.0,вариатор,передний,белый,253 000,3.0,правый,"3 поколение, рестайлинг",,Владивосток,
https://auto.drom.ru/vladivostok/toyota/prius/783150109.html,783150109,Тойота Приус,1190000,2016,"бензин, 1.8 л, гибрид",98.0,вариатор,передний,серебристый,149 000,2.0,правый,4 поколение,1.8 S,Владивосток,
https://auto.drom.ru/nakhodka/toyota/prius/581090900.html,581090900,Тойота Приус,680000,2011,"бензин, 1.5 л, гибрид",76.0,вариатор,передний,серый,145 000,1.0,правый,"2 поколение, рестайлинг",1.5 EX,"Находка, Приморский край",
https://auto.drom.ru/vladivostok/toyota/prius/677067990.html,677067990,Тойота Приус,2000000,2022,"бензин, 1.8 л, гибрид",98.0,вариатор,передний,белый,60 000,,правый,"4 поколение, рестайлинг",,Владивосток,
https://auto.drom.ru/habarovsk/toyota/prius/498279227.html,498279227,Тойота Приус,950000,2010,"бензин, 1.8 л, гибрид",99.0,вариатор,передний,белый,195 000,2.0,правый,3 поколение,1.8 S touring selection,Хабаровск,
https://auto.drom.ru/bratsk/toyota/prius/863383048.html,863383048,Тойота Приус,620000,2008,"бензин, 1.5 л, гибрид",76.0,вариатор,передний,золотистый,203 200,,левый,"2 поколение, рестайлинг",1.5h Touring,"Братск, Иркутская область",
https://auto.drom.ru/vladivostok/toyota/prius/185591607.html,185591607,Тойота Приус,1420000,2018,"бензин, 1.8 л, гибрид",98.0,вариатор,4WD,серый,216 000,1.0,правый,4 поколение,1.8 S E-Four 4WD,Владивосток,
https://auto.drom.ru/dalnerechensk/toyota/prius/396178167.html,396178167,Тойота Приус,650000,2009,"бензин, 1.5 л, гибрид",76.0,вариатор,передний,белый,386 000,2.0,правый,"2 поколение, рестайлинг",,"Дальнереченск, Приморский край",
https://auto.drom.ru/lesozavodsk/toyota/prius/852657024.html,852657024,Тойота Приус,900000,2009,"бензин, 1.8 л, гибрид",99.0,вариатор,передний,белый,195,2.0,правый,3 поколение,1.8 S,"Лесозаводск, Приморский край",
https://auto.drom.ru/novosibirsk/toyota/prius/884493634.html,884493634,Тойота Приус,3100000,2023,"бензин, 2.0 л, гибрид",152.0,вариатор,передний,белый,23 000,1.0,правый,5 поколение,2.0 G,Новосибирск,
https://auto.drom.ru/krasnoyarsk/toyota/prius/912546359.html,912546359,Тойота Приус,500000,2008,"бензин, 1.5 л, гибрид",78.0,вариатор,передний,серый,382 000,,левый,"2 поколение, рестайлинг",1.5 CVT Sol,Красноярск,
https://auto.drom.ru/chita/toyota/prius/142220786.html,142220786,Тойота Приус,600000,2009,"бензин, 1.5 л, гибрид",76.0,вариатор,передний,черный,411 462,3.0,левый,"2 поколение, рестайлинг",1.5h,Чита,
https://auto.drom.ru/habarovsk/toyota/prius/208438685.html,208438685,Тойота Приус,1720000,2019,"бензин, 1.8 л, гибрид",98.0,вариатор,передний,белый,71 606,3.0,правый,"4 поколение, рестайлинг",,Хабаровск,
https://auto.drom.ru/nakhodka/toyota/prius/861961000.html,861961000,Тойота Приус,1165000,2013,"бензин, 1.8 л, гибрид",99.0,вариатор,передний,белый,110 000,,правый,"3 поколение, рестайлинг",1.8 S touring selection,"Находка, Приморский край",
https://auto.drom.ru/blagoveshchensk/toyota/prius/290803885.html,290803885,Тойота Приус,950000,2014,"бензин, 1.8 л, гибрид",99.0,вариатор,передний,белый,244 000,1.0,правый,"3 поколение, рестайлинг",,Благовещенск,
https://auto.drom.ru/omsk/toyota/prius/944236752.html,944236752,Тойота Приус,630000,2006,"бензин, 1.5 л, гибрид",76.0,вариатор,передний,синий,379 500,2.0,левый,"2 поколение, рестайлинг",1.5h,Омск,
https://auto.drom.ru/leninskoe-eao/toyota/prius/839761724.html,839761724,Тойота Приус,720000,2008,"бензин, 1.5 л, гибрид",76.0,вариатор,передний,белый,223 745,,правый,"2 поколение, рестайлинг",1.5 S,"Ленинское, Еврейская автономная область",
https://auto.drom.ru/habarovsk/toyota/prius/356883958.html,356883958,Тойота Приус,999000,2010,"бензин, 1.8 л, гибрид",99.0,вариатор,передний,черный,161 923,1.0,правый,3 поколение,,Хабаровск,
https://auto.drom.ru/artem/toyota/prius/161513466.html,161513466,Тойота Приус,790000,2012,"бензин, 1.8 л, гибрид",99.0,вариатор,передний,белый,240 000,3.0,правый,"3 поколение, рестайлинг",1.8 S,"Артём, Приморский край",
https://auto.drom.ru/novosibirsk/toyota/prius/858829749.html,858829749,Тойота Приус,950000,2012,"бензин, 1.8 л, гибрид",99.0,вариатор,передний,белый,252 470,,правый,"3 поколение, рестайлинг",1.8 L,Новосибирск,
https://auto.drom.ru/novosibirsk/toyota/prius/344890929.html,344890929,Тойота Приус,1830000,2020,"бензин, 1.8 л, гибрид",98.0,вариатор,передний,белый,138 000,2.0,правый,"4 поколение, рестайлинг",1.8 S Touring Selection,Новосибирск,
https://auto.drom.ru/novosibirsk/toyota/alphard/890716572.html,890716572,Тойота Альфард,1800000,2005,"бензин, 2.4 л, ГБО",159.0,АКПП,4WD,белый,330 000,2.0,правый,1 поколение,,Новосибирск,
https://auto.drom.ru/ulan-ude/toyota/alphard/678167739.html,678167739,Тойота Альфард,5050000,2018,"бензин, 2.5 л, гибрид",152.0,вариатор,4WD,белый,108 000,1.0,правый,"3 поколение, рестайлинг",Hybrid 2.5 SR C Package 4WD,Улан-Удэ,
https://auto.drom.ru/novosibirsk/toyota/alphard/363468223.html,363468223,Тойота Альфард,4550000,2020,"бензин, 2.5 л",182.0,вариатор,передний,белый,75 489,1.0,правый,"3 поколение, рестайлинг",,Новосибирск,
https://auto.drom.ru/nizhniy-novgorod/toyota/alphard/925867900.html,925867900,Тойота Альфард,690000,2006,"бензин, 3.0 л",220.0,АКПП,4WD,бордовый,175 000,1.0,правый,"1 поколение, рестайлинг",,Нижний Новгород,
https://auto.drom.ru/ussuriisk/toyota/alphard/907308447.html,907308447,Тойота Альфард,3450000,2015,"бензин, 2.5 л, гибрид",152.0,вариатор,4WD,черный,246 000,1.0,правый,3 поколение,Hybrid 2.5 Executive Lounge 4WD,"Уссурийск, Приморский край",
https://auto.drom.ru/vladivostok/toyota/alphard/371571127.html,371571127,Тойота Альфард,4700000,2019,"бензин, 2.5 л, гибрид",152.0,вариатор,4WD,черный,250 000,2.0,правый,"3 поколение, рестайлинг",Hybrid 2.5 SR 4WD,Владивосток,
https://auto.drom.ru/irkutsk/toyota/alphard/667794262.html,667794262,Тойота Альфард,4200000,2019,"бензин, 2.5 л, гибрид",152.0,вариатор,4WD,белый,113 000,2.0,правый,"3 поколение, рестайлинг",Hybrid 2.5 G 4WD,Иркутск,
https://auto.drom.ru/nizhnevartovsk/toyota/alphard/661870230.html,661870230,Тойота Альфард,3150000,2012,"бензин, 3.5 л",275.0,АКПП,передний,белый,344 276,1.0,левый,"2 поколение, рестайлинг",,"Нижневартовск, Ханты-Мансийский автономный округ",
https://auto.drom.ru/barnaul/toyota/alphard/391580666.html,391580666,Тойота Альфард,1790000,2005,"бензин, 3.0 л, ГБО",220.0,АКПП,4WD,серебристый,378 000,3.0,правый,"1 поколение, рестайлинг",3.0 G MZ 4WD (8 Seater),Барнаул,
https://auto.drom.ru/spassk-dalniy/toyota/alphard/575771904.html,575771904,Тойота Альфард,1650000,2007,"бензин, 2.4 л",159.0,АКПП,4WD,белый,270 000,,правый,"1 поколение, рестайлинг",,"Спасск-Дальний, Приморский край",
https://auto.drom.ru/ulan-ude/toyota/alphard/900138438.html,900138438,Тойота Альфард,3700000,2015,"бензин, 2.5 л, гибрид",152.0,вариатор,4WD,черный,94 000,1.0,правый,3 поколение,Hybrid 2.5 SR 4WD,Улан-Удэ,
https://auto.drom.ru/moscow/toyota/alphard/556920032.html,556920032,Тойота Альфард,5800000,2021,"бензин, 2.5 л, гибрид",152.0,вариатор,4WD,коричневый,71 000,1.0,правый,"3 поколение, рестайлинг",Hybrid 2.5 SR 4WD,Москва,
https://auto.drom.ru/tyumen/toyota/alphard/446304586.html,446304586,Тойота Альфард,4699000,2020,"бензин, 2.5 л, гибрид",152.0,вариатор,4WD,белый,148 000,2.0,правый,"3 поколение, рестайлинг",Hybrid 2.5 G 4WD,Тюмень,
https://auto.drom.ru/ekaterinburg/toyota/alphard/908055380.html,908055380,Тойота Альфард,3330000,2015,"бензин, 2.5 л, ГБО",182.0,вариатор,4WD,белый,183 000,3.0,правый,3 поколение,2.5 G 4WD (7 Seater),Екатеринбург,
https://auto.drom.ru/surgut/toyota/alphard/718092815.html,718092815,Тойота Альфард,2770000,2011,"бензин, 3.5 л, ГБО",275.0,АКПП,передний,белый,292 000,,левый,"2 поколение, рестайлинг",3.5 AT Престиж,"Сургут, Ханты-Мансийский автономный округ",
https://auto.drom.ru/nyagan/toyota/alphard/538028632.html,538028632,Тойота Альфард,1635000,2004,"бензин, 3.0 л, ГБО",220.0,АКПП,4WD,серый,443 500,,правый,1 поколение,3.0 G MZ 4WD (7 Seater),"Нягань, Ханты-Мансийский автономный округ",
https://auto.drom.ru/blagoveshchensk/toyota/alphard/895630357.html,895630357,Тойота Альфард,4480000,2020,"бензин, 2.5 л, гибрид",152.0,вариатор,4WD,белый,138 000,1.0,правый,"3 поколение, рестайлинг",Hybrid 2.5 Executive Lounge S 4WD,Благовещенск,
https://auto.drom.ru/chita/toyota/alphard/579382391.html,579382391,Тойота Альфард,2400000,2013,"бензин, 2.4 л, гибрид",150.0,вариатор,4WD,черный,181 384,2.0,правый,"2 поколение, рестайлинг",2.4 G 4WD,Чита,
https://auto.drom.ru/moscow/toyota/alphard/830141684.html,830141684,Тойота Альфард,13646850,2026,"бензин, 2.5 л, гибрид",190.0,вариатор,4WD,черный,,,левый,4 поколение,2.5 CVТ Executive Lounge,Москва,
https://auto.drom.ru/kyzyl/toyota/alphard/868021732.html,868021732,Тойота Альфард,1820000,2006,"бензин, 3.0 л",220.0,АКПП,4WD,белый,225 000,1.0,правый,"1 поколение, рестайлинг",3.0 V MS 4WD (8 Seater),Кызыл,
https://auto.drom.ru/habarovsk/toyota/vellfire/39297579.html,39297579,Тойота Веллфайр,3000000,2012,"бензин, 2.4 л",170.0,вариатор,4WD,белый,1,1.0,правый,"1 поколение, рестайлинг",2.4 Z 4WD (8 Seater),Хабаровск,
https://auto.drom.ru/irkutsk/toyota/vellfire/339131417.html,339131417,Тойота Веллфайр,3500000,2018,"бензин, 2.5 л",182.0,вариатор,передний,серый,160 000,2.0,правый,"2 поколение, рестайлинг",2.5 Z G Edition,Иркутск,
https://auto.drom.ru/buturlinovka/toyota/vellfire/543038320.html,543038320,Тойота Веллфайр,2640000,2012,"бензин, 2.4 л",170.0,вариатор,передний,черный,124 000,2.0,правый,"1 поколение, рестайлинг",2.4 Z (7 Seater),"Бутурлиновка, Воронежская область",
https://auto.drom.ru/spassk-dalniy/toyota/vellfire/377331390.html,377331390,Тойота Веллфайр,2300000,2011,"бензин, 2.4 л",170.0,вариатор,4WD,белый,230 000,2.0,правый,"1 поколение, рестайлинг",,"Спасск-Дальний, Приморский край",
https://auto.drom.ru/kansk/toyota/vellfire/278522080.html,278522080,Тойота Веллфайр,2900000,2014,"бензин, 2.4 л",170.0,вариатор,передний,белый,78 000,1.0,правый,"1 поколение, рестайлинг",2.4 X,"Канск, Красноярский край",
https://auto.drom.ru/krasnodar/toyota/vellfire/441001228.html,441001228,Тойота Веллфайр,1200000,2013,"бензин, 2.4 л",170.0,вариатор,передний,черный,170 000,1.0,правый,"1 поколение, рестайлинг",,Краснодар,
https://auto.drom.ru/irkutsk/toyota/vellfire/404572080.html,404572080,Тойота Веллфайр,4000000,2015,"бензин, 2.5 л, гибрид",152.0,вариатор,4WD,белый,170,2.0,правый,2 поколение,Hybrid 2.5 Executive Lounge 4WD,Иркутск,
https://auto.drom.ru/omsk/toyota/vellfire/719297499.html,719297499,Тойота Веллфайр,4950000,2018,"бензин, 2.5 л, гибрид",152.0,вариатор,4WD,черный,130 000,1.0,правый,"2 поколение, рестайлинг",Hybrid 2.5 Executive Lounge Z 4WD,Омск,
https://auto.drom.ru/taman/toyota/vellfire/631856454.html,631856454,Тойота Веллфайр,2800000,2010,"бензин, 2.4 л",170.0,вариатор,передний,белый,80 000,1.0,правый,1 поколение,,"Тамань, Краснодарский край",
https://auto.drom.ru/ulan-ude/toyota/vellfire/622705761.html,622705761,Тойота Веллфайр,2500000,2010,"бензин, 2.4 л",170.0,вариатор,4WD,серый,200 000,2.0,правый,1 поколение,,Улан-Удэ,
https://auto.drom.ru/novosibirsk/toyota/vellfire/50407845.html,50407845,Тойота Веллфайр,2590000,2008,"бензин, 3.5 л",280.0,АКПП,передний,черный,203 000,1.0,правый,1 поколение,3.5 Z (7 Seater),Новосибирск,
https://auto.drom.ru/novorossiysk/toyota/vellfire/440364748.html,440364748,Тойота Веллфайр,2300000,2012,"бензин, 2.4 л",170.0,вариатор,4WD,голубой,230 000,2.0,правый,"1 поколение, рестайлинг",,"Новороссийск, Краснодарский край",
https://auto.drom.ru/beloyarskiy-hmao/toyota/vellfire/763719058.html,763719058,Тойота Веллфайр,3500000,2015,"бензин, 2.5 л",182.0,вариатор,передний,черный,126 000,1.0,правый,2 поколение,2.5 V,"Белоярский, Ханты-Мансийский автономный округ",
https://auto.drom.ru/krasnoyarsk/toyota/vellfire/368316695.html,368316695,Тойота Веллфайр,2700000,2014,"бензин, 2.4 л",170.0,вариатор,передний,черный,204 000,1.0,правый,"1 поколение, рестайлинг",2.4 Z Golden Eyes II,Красноярск,
https://auto.drom.ru/chernogorsk/toyota/vellfire/334963792.html,334963792,Тойота Веллфайр,2400000,2012,"бензин, 2.4 л, гибрид",150.0,вариатор,4WD,серый,170 000,1.0,правый,"1 поколение, рестайлинг",,"Черногорск, Республика Хакасия",
https://auto.drom.ru/novosibirsk/toyota/vellfire/603913006.html,603913006,Тойота Веллфайр,4600000,2019,"бензин, 2.5 л, гибрид",152.0,вариатор,4WD,черный,96 592,1.0,правый,"2 поколение, рестайлинг",,Новосибирск,
https://auto.drom.ru/tomsk/toyota/vellfire/402566541.html,402566541,Тойота Веллфайр,3400000,2016,"бензин, 2.5 л",182.0,вариатор,передний,белый,114 000,1.0,правый,2 поколение,2.5 Z G Edition,Томск,
https://auto.drom.ru/krasnodar/toyota/vellfire/698017220.html,698017220,Тойота Веллфайр,900000,2009,"бензин, 2.4 л",170.0,вариатор,передний,фиолетовый,200 000,3.0,правый,1 поколение,2.4 V (7 Seater),Краснодар,
https://auto.drom.ru/barnaul/toyota/vellfire/723146655.html,723146655,Тойота Веллфайр,4200000,2018,"бензин, 2.5 л, гибрид",152.0,вариатор,4WD,белый,140 000,1.0,правый,"2 поколение, рестайлинг",Hybrid 2.5 ZR 4WD,Барнаул,
https://auto.drom.ru/himki/toyota/vellfire/727725013.html,727725013,Тойота Веллфайр,3390000,2016,"бензин, 2.5 л, гибрид",152.0,вариатор,4WD,черный,236 000,2.0,правый,2 поколение,,"Химки, Московская область",
https://auto.drom.ru/sochi/toyota/sequoia/625187857.html,625187857,Тойота Секвойя,5700000,2019,"бензин, 5.7 л",381.0,АКПП,4WD,фиолетовый,89 000,2.0,левый,"2 поколение, рестайлинг",5.7 AT 4WD Limited,"Сочи, Краснодарский край",
https://auto.drom.ru/vladivostok/toyota/tundra/197687160.html,197687160,Тойота Тундра,11750000,2022,"бензин, 3.4 л",389.0,АКПП,4WD,серебристый,40 000,1.0,левый,3 поколение,3.4 AT 4x4 Crew Max Standard Bed 1794 Edition,Владивосток,
https://auto.drom.ru/blagoveshchensk/toyota/tundra/464969233.html,464969233,Тойота Тундра,3200000,2007,"бензин, 5.7 л",381.0,АКПП,4WD,белый,255 000,,левый,2 поколение,,Благовещенск,
https://auto.drom.ru/magnitogorsk/toyota/tundra/942202075.html,942202075,Тойота Тундра,3000000,2007,"бензин, 5.7 л, ГБО",381.0,АКПП,4WD,зеленый,260 000,3.0,левый,2 поколение,5.7 AT 4x4 Double Cab Limited,"Магнитогорск, Челябинская область",
https://auto.drom.ru/neryungri/toyota/tundra/110254215.html,110254215,Тойота Тундра,4500000,2010,"бензин, 5.7 л",381.0,АКПП,4WD,коричневый,10 000,,левый,"2 поколение, рестайлинг",,"Нерюнгри, Республика Саха (Якутия)",
https://auto.drom.ru/vladivostok/toyota/fortuner/198084633.html,198084633,Тойота Фортунер,1800000,2010,"бензин, 2.7 л",160.0,АКПП,4WD,черный,196 000,2.0,левый,"1 поколение, рестайлинг",2.7 AT 4WD,Владивосток,
https://auto.drom.ru/omsk/toyota/fortuner/199733556.html,199733556,Тойота Фортунер,4229000,2019,"дизель, 2.8 л",177.0,АКПП,4WD,белый,80 000,,левый,2 поколение,2.8 AT Престиж,Омск,
https://auto.drom.ru/novosibirsk/toyota/fortuner/805833232.html,805833232,Тойота Фортунер,5239000,2025,"дизель, 2.4 л",147.0,АКПП,4WD,черный,,,левый,"2 поколение, рестайлинг",2.4 AT GX2,,
https://auto.drom.ru/omsk/toyota/fortuner/777700176.html,777700176,Тойота Фортунер,3470000,2018,"бензин, 2.7 л",166.0,АКПП,4WD,белый,150 000,2.0,левый,2 поколение,2.7 AT Комфорт,Омск,
https://auto.drom.ru/vladivostok/toyota/fortuner/629700778.html,629700778,Тойота Фортунер,4099000,2019,"дизель, 2.8 л",177.0,АКПП,4WD,белый,80 000,2.0,левый,2 поколение,2.8 AT TRD,Владивосток,
https://auto.drom.ru/novokuznetsk/mazda/mazda3/193926884.html,193926884,Мазда Мазда 3,415000,2005,"бензин, 1.6 л",105.0,механика,передний,зеленый,263 000,,левый,1 поколение,1.6 MT Touring,"Новокузнецк, Кемеровская область",
https://auto.drom.ru/nizhnekamsk/mazda/mazda3/869584265.html,869584265,Мазда Мазда 3,1750000,2021,"бензин, 1.5 л",111.0,АКПП,передний,серый,99 000,1.0,правый,4 поколение,1.5 15S Touring,"Нижнекамск, Республика Татарстан",
https://auto.drom.ru/sochi/mazda/mazda3/855010351.html,855010351,Мазда Мазда 3,650000,2010,"бензин, 1.6 л",105.0,АКПП,передний,черный,268 074,3.0,левый,2 поколение,,"Сочи, Краснодарский край",
https://auto.drom.ru/tyumen/mazda/mazda3/880743250.html,880743250,Мазда Мазда 3,1289000,2013,"бензин, 1.5 л",120.0,АКПП,передний,белый,200 892,3.0,левый,3 поколение,,Тюмень,
https://auto.drom.ru/simferopol/mazda/mazda3/588562909.html,588562909,Мазда Мазда 3,1425000,2014,"бензин, 1.5 л",120.0,АКПП,передний,черный,127 500,3.0,левый,3 поколение,1.5 AT Active+,Симферополь,
https://auto.drom.ru/omsk/mazda/mazda3/933406331.html,933406331,Мазда Мазда 3,690000,2008,"бензин, 1.6 л",105.0,АКПП,передний,черный,292 000,2.0,левый,"1 поколение, рестайлинг",,Омск,
https://auto.drom.ru/novokuznetsk/mazda/mazda3/810020947.html,810020947,Мазда Мазда 3,950000,2011,"бензин, 1.6 л",105.0,АКПП,передний,синий,196 000,3.0,левый,"2 поколение, рестайлинг",1.6 AT Touring Plus,"Новокузнецк, Кемеровская область",
https://auto.drom.ru/krasnoyarsk/mazda/mazda3/786369099.html,786369099,Мазда Мазда 3,690000,2008,"бензин, 1.6 л",105.0,АКПП,передний,черный,235 000,,левый,"1 поколение, рестайлинг",1.6 AT Touring,Красноярск,
https://auto.drom.ru/izhevsk/mazda/mazda3/792480838.html,792480838,Мазда Мазда 3,839000,2011,"бензин, 1.6 л",105.0,механика,передний,черный,123 637,3.0,левый,"2 поколение, рестайлинг",1.6 MT Touring,Ижевск,
https://auto.drom.ru/usoliye-sibirskoe/mazda/mazda3/860679837.html,860679837,Мазда Мазда 3,780000,2010,"бензин, 1.6 л",105.0,АКПП,передний,белый,237 000,3.0,левый,2 поколение,,"Усолье-Сибирское, Иркутская область",
https://auto.drom.ru/krasnogvardeyskoe/mazda/mazda3/900492836.html,900492836,Мазда Мазда 3,550000,2008,"бензин, 1.6 л",105.0,механика,передний,красный,410 000,,левый,"1 поколение, рестайлинг",1.6 MT Active,"Красногвардейское, Республика Крым",
https://auto.drom.ru/bogdanovich/mazda/mazda3/790551827.html,790551827,Мазда Мазда 3,440000,2006,"бензин, 1.6 л",105.0,АКПП,передний,синий,204 000,,левый,"1 поколение, рестайлинг",,"Богданович, Свердловская область",
https://auto.drom.ru/yoshkar-ola/mazda/mazda3/905306263.html,905306263,Мазда Мазда 3,410000,2008,"бензин, 1.6 л",105.0,механика,передний,синий,250 000,,левый,"1 поколение, рестайлинг",1.6 MT Base,Йошкар-Ола,
https://auto.drom.ru/tayshet/mazda/mazda3/357520598.html,357520598,Мазда Мазда 3,1415000,2019,"дизель, 1.8 л",116.0,АКПП,4WD,белый,145 500,1.0,правый,4 поколение,1.8 XD L Package 4WD,"Тайшет, Иркутская область",
https://auto.drom.ru/tula/mazda/mazda3/639879981.html,639879981,Мазда Мазда 3,977000,2010,"бензин, 1.6 л",105.0,АКПП,передний,красный,132 183,2.0,левый,2 поколение,,Тула,
https://auto.drom.ru/voronezh/mazda/mazda3/820544030.html,820544030,Мазда Мазда 3,700000,2006,"бензин, 2.0 л",150.0,механика,передний,красный,240 000,2.0,левый,"1 поколение, рестайлинг",2.0 MT Touring,Воронеж,
https://auto.drom.ru/moscow/mazda/mazda3/906179110.html,906179110,Мазда Мазда 3,290000,2007,"бензин, 1.6 л",105.0,механика,передний,красный,409 931,1.0,левый,"1 поколение, рестайлинг",,Москва,
https://auto.drom.ru/bratsk/mazda/mazda3/785635147.html,785635147,Мазда Мазда 3,270000,2005,"бензин, 1.6 л",105.0,механика,передний,зеленый,383 800,,левый,1 поколение,1.6 MT Base,"Братск, Иркутская область",
https://auto.drom.ru/novoaltaysk/mazda/mazda3/846421378.html,846421378,Мазда Мазда 3,250000,2007,"бензин, 1.6 л",105.0,АКПП,передний,бордовый,200 000,,левый,"1 поколение, рестайлинг",,"Новоалтайск, Алтайский край",
https://auto.drom.ru/gurzuf/mazda/mazda3/834762546.html,834762546,Мазда Мазда 3,1085000,2013,"бензин, 1.5 л",120.0,АКПП,передний,белый,180 000,2.0,левый,3 поколение,1.5 AT Supreme,"Гурзуф, Республика Крым",
https://auto.drom.ru/krasnoyarsk/mazda/mazda3/453270831.html,453270831,Мазда Мазда 3,578000,2008,"бензин, 1.6 л",105.0,АКПП,передний,голубой,303 000,,левый,"1 поколение, рестайлинг",1.6 AT Active Plus,Красноярск,
https://auto.drom.ru/sysert/mazda/mazda6/895139578.html,895139578,Мазда Мазда 6,800000,2011,"бензин, 2.0 л",147.0,АКПП,передний,черный,186 475,,левый,"2 поколение, рестайлинг",2.0 AT Sport,"Сысерть, Свердловская область",
https://auto.drom.ru/yurga/mazda/mazda6/795537410.html,795537410,Мазда Мазда 6,1350000,2011,"бензин, 2.0 л",147.0,АКПП,передний,белый,260 000,3.0,левый,"2 поколение, рестайлинг",2.0 AT Sport,"Юрга, Кемеровская область",
https://auto.drom.ru/krasnoyarsk/mazda/mazda6/791224141.html,791224141,Мазда Мазда 6,550000,2008,"бензин, 1.8 л",120.0,механика,передний,черный,243 000,,левый,2 поколение,,Красноярск,
https://auto.drom.ru/ekaterinburg/mazda/mazda6/882866195.html,882866195,Мазда Мазда 6,2125000,2019,"бензин, 2.0 л",150.0,АКПП,передний,красный,91 449,1.0,левый,"3 поколение, 2 рестайлинг",2.0 AT Supreme Plus,Екатеринбург,
https://auto.drom.ru/novosibirsk/mazda/mazda6/825164447.html,825164447,Мазда Мазда 6,1150000,2010,"бензин, 2.0 л",147.0,АКПП,передний,белый,280 000,2.0,левый,"2 поколение, рестайлинг",,Новосибирск,
https://auto.drom.ru/moscow/mazda/mazda6/667869899.html,667869899,Мазда Мазда 6,820000,2012,"бензин, 2.0 л",147.0,АКПП,передний,белый,247 680,,левый,"2 поколение, рестайлинг",,Москва,
https://auto.drom.ru/tyumen/mazda/mazda6/923848475.html,923848475,Мазда Мазда 6,540000,2008,"бензин, 1.8 л",120.0,механика,передний,синий,221 000,,левый,2 поколение,,Тюмень,
https://auto.drom.ru/novosibirsk/mazda/mazda6/813993104.html,813993104,Мазда Мазда 6,580000,2007,"бензин, 2.0 л",147.0,АКПП,передний,серый,364 500,,левый,"1 поколение, рестайлинг",2.0 AT Touring,Новосибирск,
https://auto.drom.ru/sokoloviy/mazda/mazda6/855081167.html,855081167,Мазда Мазда 6,890000,2012,"бензин, 2.0 л",147.0,АКПП,передний,красный,171 000,,левый,"2 поколение, рестайлинг",2.0 AT Impulse Line,"Соколовый, Саратовская область",
https://auto.drom.ru/melnikovo/mazda/mazda6/902049786.html,902049786,Мазда Мазда 6,990000,2008,"бензин, 2.0 л",147.0,АКПП,передний,белый,230 000,,левый,2 поколение,2.0 AT Dynamic,"Мельниково, Томская область",
https://auto.drom.ru/yessentuki/mazda/mazda6/945100918.html,945100918,Мазда Мазда 6,370000,2004,"бензин, 1.8 л",120.0,механика,передний,серый,345 000,3.0,левый,1 поколение,1.8 MT Exclusive,"Ессентуки, Ставропольский край",
https://auto.drom.ru/ulyanovsk/mazda/mazda6/849408969.html,849408969,Мазда Мазда 6,900000,2011,"бензин, 2.0 л",147.0,механика,передний,коричневый,271 000,,левый,"2 поколение, рестайлинг",2.0 MT Sport,Ульяновск,
https://auto.drom.ru/surgut/mazda/mazda6/832940824.html,832940824,Мазда Мазда 6,830000,2008,"бензин, 1.8 л, ГБО",120.0,механика,передний,черный,260 000,,левый,2 поколение,1.8 MT Touring,"Сургут, Ханты-Мансийский автономный округ",
https://auto.drom.ru/ekaterinburg/mazda/mazda6/885200736.html,885200736,Мазда Мазда 6,2600000,2019,"бензин, 2.5 л",194.0,АКПП,передний,черный,98 277,2.0,левый,"3 поколение, 2 рестайлинг",,Екатеринбург,
https://auto.drom.ru/perm/mazda/mazda6/935771811.html,935771811,Мазда Мазда 6,680000,2011,"бензин, 1.8 л",120.0,механика,передний,белый,273 000,3.0,левый,"2 поколение, рестайлинг",,Пермь,
https://auto.drom.ru/ekaterinburg/mazda/mazda6/824951311.html,824951311,Мазда Мазда 6,630000,2007,"бензин, 2.0 л",147.0,механика,передний,красный,294 000,,левый,"1 поколение, рестайлинг",2.0 MT Exclusive,Екатеринбург,
https://auto.drom.ru/nizhnevartovsk/mazda/mazda6/845184694.html,845184694,Мазда Мазда 6,1300000,2013,"бензин, 2.5 л",192.0,АКПП,передний,красный,128 723,,левый,3 поколение,2.5 AT Supreme,"Нижневартовск, Ханты-Мансийский автономный округ",
https://auto.drom.ru/ekaterinburg/mazda/mazda6/838111385.html,838111385,Мазда Мазда 6,700000,2007,"бензин, 1.8 л",120.0,механика,передний,серый,280 823,,левый,"1 поколение, рестайлинг",,Екатеринбург,
https://auto.drom.ru/tyumen/mazda/mazda6/821048176.html,821048176,Мазда Мазда 6,1650000,2016,"бензин, 2.0 л",150.0,АКПП,передний,красный,230 030,1.0,левый,"3 поколение, рестайлинг",2.0 AT Active,Тюмень,
https://auto.drom.ru/ekaterinburg/mazda/mazda6/752520749.html,752520749,Мазда Мазда 6,839000,2011,"бензин, 2.0 л",147.0,механика,передний,черный,218 230,,левый,"2 поколение, рестайлинг",2.0 MT Touring Plus,Екатеринбург,
https://auto.drom.ru/chita/honda/civic/335439901.html,335439901,Хонда Цивик,700000,2005,"бензин, 1.8 л",140.0,АКПП,передний,серый,240 215,,правый,8 поколение,,Чита,
https://auto.drom.ru/ulan-ude/honda/civic/285588416.html,285588416,Хонда Цивик,395000,2000,"бензин, 1.7 л",130.0,АКПП,4WD,синий,255 000,3.0,правый,7 поколение,1.7 X4,Улан-Удэ,
https://auto.drom.ru/ishim/honda/civic/833245542.html,833245542,Хонда Цивик,630000,2008,"бензин, 1.8 л",140.0,механика,передний,черный,328 000,,левый,8 поколение,1.8 MT Elegance,"Ишим, Тюменская область",
https://auto.drom.ru/irkutsk/honda/civic/755919495.html,755919495,Хонда Цивик,300000,2001,"бензин, 1.7 л",130.0,вариатор,передний,серый,250 000,3.0,правый,7 поколение,1.7 X,Иркутск,
https://auto.drom.ru/ufa/honda/civic/792807422.html,792807422,Хонда Цивик,539000,2008,"бензин, 1.8 л",140.0,механика,передний,серебристый,264 108,3.0,левый,8 поколение,1.8 MT Comfort,Уфа,
https://auto.drom.ru/habarovsk/honda/civic/943803952.html,943803952,Хонда Цивик,1790000,2018,"бензин, 1.5 л",173.0,вариатор,передний,черный,71 650,2.0,правый,10 поколение,1.5,Хабаровск,
https://auto.drom.ru/vladivostok/honda/civic/270546691.html,270546691,Хонда Цивик,2250000,2021,"бензин, 1.5 л",182.0,вариатор,передний,черный,52 000,,правый,"10 поколение, рестайлинг",1.5,Владивосток,
https://auto.drom.ru/ufa/honda/civic/862100103.html,862100103,Хонда Цивик,750000,2008,"бензин, 1.8 л",140.0,механика,передний,черный,246 212,,левый,8 поколение,1.8 MT Luxury,Уфа,
https://auto.drom.ru/moscow/honda/civic/763025973.html,763025973,Хонда Цивик,785000,2008,"бензин, 1.8 л",140.0,робот,передний,черный,258 700,3.0,левый,8 поколение,,Москва,
https://auto.drom.ru/chita/honda/civic/243897139.html,243897139,Хонда Цивик,1850000,2017,"бензин, 1.5 л",173.0,вариатор,передний,белый,113 248,1.0,правый,10 поколение,1.5,Чита,
https://auto.drom.ru/revda/honda/civic/878071888.html,878071888,Хонда Цивик,875000,1997,"бензин, 1.6 л",106.0,механика,передний,черный,222 300,,левый,6 поколение,1.6 MT DX,"Ревда, Свердловская область",
https://auto.drom.ru/krasnoyarsk/honda/civic/815152641.html,815152641,Хонда Цивик,400000,2001,"бензин, 1.5 л",115.0,АКПП,передний,серый,215 000,,правый,7 поколение,,Красноярск,
https://auto.drom.ru/kemerovo/honda/civic/836915929.html,836915929,Хонда Цивик,650000,2010,"бензин, 1.8 л",140.0,механика,передний,синий,300 000,,левый,"8 поколение, рестайлинг",1.8 MT SE-S,Кемерово,
https://auto.drom.ru/vladivostok/honda/civic/897297445.html,897297445,Хонда Цивик,470000,1990,"бензин, 2.0 л",160.0,механика,передний,черный,100 000,3.0,правый,"4 поколение, рестайлинг",,Владивосток,
https://auto.drom.ru/tomsk/honda/civic/816346774.html,816346774,Хонда Цивик,1250000,2012,"бензин, 1.8 л",142.0,АКПП,передний,белый,142 000,2.0,левый,9 поколение,1.8 AT Lifestyle,Томск,
https://auto.drom.ru/orel/honda/civic/808035456.html,808035456,Хонда Цивик,450000,2007,"бензин, 1.8 л",140.0,робот,передний,красный,380 000,3.0,левый,8 поколение,,Орел,
https://auto.drom.ru/rostov-na-donu/honda/civic/452732194.html,452732194,Хонда Цивик,270000,1996,"бензин, 1.3 л",91.0,АКПП,передний,синий,250 000,,правый,6 поколение,1.3 EL,Ростов-на-Дону,
https://auto.drom.ru/ussuriisk/honda/civic/889100540.html,889100540,Хонда Цивик,1900000,2017,"бензин, 1.5 л",182.0,вариатор,передний,,143 000,,правый,10 поколение,1.5,"Уссурийск, Приморский край",
https://auto.drom.ru/kyshtym/honda/civic/889455998.html,889455998,Хонда Цивик,1550000,2018,"бензин, 2.0 л",158.0,вариатор,передний,зеленый,125 000,2.0,левый,10 поколение,,"Кыштым, Челябинская область",
https://auto.drom.ru/kemerovo/honda/civic/879095652.html,879095652,Хонда Цивик,190000,2000,"бензин, 1.5 л",105.0,вариатор,передний,синий,300 000,3.0,правый,7 поколение,1.5 IE,Кемерово,
https://auto.drom.ru/vladivostok/honda/accord/767046367.html,767046367,Хонда Аккорд,1600000,2014,"бензин, 2.0 л, гибрид",143.0,вариатор,передний,белый,120 000,2.0,правый,9 поколение,Plug-In Hybrid 2.0 SX,Владивосток,
https://auto.drom.ru/novosibirsk/honda/accord/923687668.html,923687668,Хонда Аккорд,240000,2000,"бензин, 2.0 л",147.0,АКПП,передний,коричневый,520 325,,правый,6 поколение,2.0 AT,Новосибирск,
https://auto.drom.ru/taganrog/honda/accord/910204613.html,910204613,Хонда Аккорд,1299000,2008,"бензин, 2.0 л",156.0,АКПП,передний,серый,165 000,2.0,левый,8 поколение,2.0 AT Sport,"Таганрог, Ростовская область",
https://auto.drom.ru/staromyshastovskaya/honda/accord/880377847.html,880377847,Хонда Аккорд,650000,2008,"бензин, 2.4 л",201.0,АКПП,передний,белый,238 000,,левый,8 поколение,2.4 AT Type-S,"Старомышастовская, Краснодарский край",
https://auto.drom.ru/krasnoyarsk/honda/accord/846001349.html,846001349,Хонда Аккорд,870000,2006,"бензин, 2.0 л",155.0,АКПП,передний,черный,490 000,,правый,"7 поколение, рестайлинг",2.0 20A,Красноярск,
https://auto.drom.ru/vladivostok/honda/accord/804889359.html,804889359,Хонда Аккорд,2350000,2020,"бензин, 1.5 л",192.0,вариатор,передний,серый,80 000,1.0,левый,10 поколение,,Владивосток,
https://auto.drom.ru/habarovsk/honda/accord/782766669.html,782766669,Хонда Аккорд,2100000,2017,"бензин, 2.0 л, гибрид",145.0,вариатор,передний,серый,118 000,2.0,правый,"9 поколение, рестайлинг",2.0 Hybrid LX,Хабаровск,
https://auto.drom.ru/kyzyl/honda/accord/928789478.html,928789478,Хонда Аккорд,450000,1998,"бензин, 2.3 л",160.0,АКПП,передний,белый,440 000,,правый,6 поколение,2.3 wagon VTL,Кызыл,
https://auto.drom.ru/kirov/honda/accord/935548816.html,935548816,Хонда Аккорд,1355000,2008,"бензин, 2.4 л",190.0,механика,передний,красный,139 000,3.0,левый,8 поколение,2.4 MT EX,Киров,
https://auto.drom.ru/novoaleksandrovsk/honda/accord/706407862.html,706407862,Хонда Аккорд,2400000,2018,"бензин, 1.5 л",194.0,вариатор,передний,серый,133 000,2.0,левый,10 поколение,1.5T CVT 260Turbo Flagship,"Новоалександровск, Ставропольский край",
https://auto.drom.ru/eniseysk/honda/accord/588239222.html,588239222,Хонда Аккорд,770000,2003,"бензин, 2.4 л",200.0,АКПП,передний,черный,179 606,2.0,правый,7 поколение,2.4 Wagon 24T,"Енисейск, Красноярский край",
https://auto.drom.ru/spb/honda/accord/900219070.html,900219070,Хонда Аккорд,2380000,2020,"бензин, 1.5 л",192.0,вариатор,передний,белый,90 050,1.0,левый,10 поколение,1.5T CVT EX,Санкт-Петербург,
https://auto.drom.ru/vanino/honda/accord/864635836.html,864635836,Хонда Аккорд,1700000,2013,"бензин, 2.0 л, гибрид",141.0,автомат,передний,черный,219 000,2.0,правый,9 поколение,,"Ванино, Хабаровский край",
https://auto.drom.ru/habarovsk/honda/accord/590972078.html,590972078,Хонда Аккорд,2795000,2020,"бензин, 2.0 л, гибрид",145.0,вариатор,передний,белый,135 000,1.0,правый,10 поколение,2.0 e:HEV EX,Хабаровск,
https://auto.drom.ru/tula/honda/accord/882930514.html,882930514,Хонда Аккорд,950000,2008,"бензин, 2.4 л",190.0,АКПП,передний,белый,209 000,2.0,левый,8 поколение,2.4 AT EX-L,Тула,
https://auto.drom.ru/kaliningrad/honda/accord/923180482.html,923180482,Хонда Аккорд,275000,2002,"бензин, 1.9 л",136.0,механика,передний,серебристый,362 758,,левый,"6 поколение, рестайлинг",1.8i MT S,Калининград,
https://auto.drom.ru/neryungri/honda/accord/931339147.html,931339147,Хонда Аккорд,1850000,2014,"бензин, 2.0 л, гибрид",143.0,вариатор,передний,черный,170 000,1.0,правый,9 поколение,2.0 LX,"Нерюнгри, Республика Саха (Якутия)",
https://auto.drom.ru/habarovsk/honda/accord/594414316.html,594414316,Хонда Аккорд,810000,2003,"бензин, 2.4 л",200.0,АКПП,передний,серый,265 000,,правый,7 поколение,2.4 24T,Хабаровск,
https://auto.drom.ru/moscow/honda/accord/452964084.html,452964084,Хонда Аккорд,1590000,2011,"бензин, 2.4 л",200.0,АКПП,передний,серый,117 256,1.0,левый,"8 поколение, рестайлинг",,Москва,
https://auto.drom.ru/chita/honda/accord/701798532.html,701798532,Хонда Аккорд,1800000,2014,"бензин, 2.0 л, гибрид",143.0,вариатор,передний,белый,177 000,1.0,правый,9 поколение,Plug-In Hybrid 2.0 SX,Чита,
https://auto.drom.ru/iskitim/honda/accord/880745565.html,880745565,Хонда Аккорд,270000,2000,"бензин, 2.0 л",180.0,АКПП,передний,синий,282 148,,правый,6 поколение,2.0 SiR,"Искитим, Новосибирская область",
https://auto.drom.ru/ekaterinburg/honda/pilot/171574011.html,171574011,Хонда Пилот,1299000,2009,"бензин, 3.5 л",250.0,АКПП,4WD,серебристый,217 400,3.0,левый,2 поколение,,Екатеринбург,
https://auto.drom.ru/yevpatoriya/honda/pilot/856967620.html,856967620,Хонда Пилот,1290000,2008,"бензин, 3.5 л, ГБО",257.0,АКПП,4WD,серебристый,420 000,,левый,2 поколение,3.5 AT Elegance,"Евпатория, Республика Крым",
https://auto.drom.ru/surgut/honda/pilot/938820362.html,938820362,Хонда Пилот,1400000,2008,"бензин, 3.5 л",257.0,АКПП,4WD,серый,200 000,3.0,левый,2 поколение,3.5 AT Executive,"Сургут, Ханты-Мансийский автономный округ",
https://auto.drom.ru/irkutsk/honda/pilot/736275427.html,736275427,Хонда Пилот,1650000,2008,"бензин, 3.5 л",257.0,АКПП,4WD,черный,277,3.0,левый,2 поколение,3.5 AT Elegance,Иркутск,
https://auto.drom.ru/khanty-mansiysk/honda/pilot/684365193.html,684365193,Хонда Пилот,900000,2004,"бензин, 3.5 л",240.0,АКПП,4WD,черный,255 140,1.0,левый,1 поколение,3.5 AT LX,Ханты-Мансийск,
https://auto.drom.ru/ussuriisk/honda/fit/141046212.html,141046212,Хонда Фит,808000,2016,"бензин, 1.5 л, гибрид",110.0,робот,передний,синий,145 000,1.0,правый,"3 поколение, рестайлинг",1.5 Hybrid L Package,"Уссурийск, Приморский край",
https://auto.drom.ru/irkutsk/honda/fit/110993486.html,110993486,Хонда Фит,728000,2010,"бензин, 1.5 л",120.0,вариатор,передний,бордовый,143 000,1.0,правый,2 поколение,1.5 X,Иркутск,
https://auto.drom.ru/vladivostok/honda/fit/383313413.html,383313413,Хонда Фит,930000,2022,"бензин, 1.3 л",98.0,вариатор,передний,серебристый,121 558,,правый,4 поколение,1.3 Home,,
https://auto.drom.ru/bolshoy-kamen/honda/fit/328910373.html,328910373,Хонда Фит,490000,2011,"бензин, 1.3 л, гибрид",88.0,вариатор,передний,черный,235 000,,правый,"2 поколение, рестайлинг",,"Большой Камень, Приморский край",
https://auto.drom.ru/irkutsk/honda/fit/486318992.html,486318992,Хонда Фит,800000,2009,"бензин, 1.3 л",100.0,вариатор,передний,серый,38 000,,правый,2 поколение,1.3 L highway edition,Иркутск,
https://auto.drom.ru/iskitim/honda/fit/311837489.html,311837489,Хонда Фит,340000,2004,"бензин, 1.3 л",86.0,вариатор,передний,черный,450 666,,правый,"1 поколение, рестайлинг",,"Искитим, Новосибирская область",
https://auto.drom.ru/habarovsk/honda/fit/826305504.html,826305504,Хонда Фит,380000,2007,"бензин, 1.3 л",86.0,вариатор,передний,голубой,250 000,,правый,"1 поколение, 2 рестайлинг",1.3A HID edition,Хабаровск,
https://auto.drom.ru/magadan/honda/fit/944390170.html,944390170,Хонда Фит,1250000,2018,"бензин, 1.5 л, гибрид",110.0,робот,4WD,белый,135 000,2.0,правый,"3 поколение, 2 рестайлинг",1.5 Hybrid 4WD,Магадан,
https://auto.drom.ru/habarovsk/honda/fit/519996359.html,519996359,Хонда Фит,1235000,2021,"бензин, 1.3 л",98.0,вариатор,передний,белый,45 000,,правый,4 поколение,1.3 Crosstar,,
https://auto.drom.ru/krasnoyarsk/honda/fit/420696246.html,420696246,Хонда Фит,1295000,2020,"бензин, 1.3 л",98.0,вариатор,передний,синий,17 890,1.0,правый,4 поколение,1.3 Home,Красноярск,
https://auto.drom.ru/chita/honda/fit/568258767.html,568258767,Хонда Фит,930000,2016,"бензин, 1.3 л",100.0,вариатор,передний,черный,128 000,1.0,правый,"3 поколение, рестайлинг",1.3 13G F Package,Чита,
https://auto.drom.ru/yakutsk/honda/fit/763356004.html,763356004,Хонда Фит,1135000,2017,"бензин, 1.5 л, гибрид",110.0,робот,передний,серый,122 841,1.0,правый,"3 поколение, 2 рестайлинг",1.5 Hybrid S Honda Sensing,Якутск,
https://auto.drom.ru/biysk/honda/fit/622776606.html,622776606,Хонда Фит,570000,2010,"бензин, 1.3 л",100.0,вариатор,передний,серый,180 500,3.0,правый,2 поколение,1.3 G,"Бийск, Алтайский край",
https://auto.drom.ru/elban/honda/fit/869427629.html,869427629,Хонда Фит,1200000,2020,"бензин, 1.3 л",98.0,вариатор,передний,черный,136 339,1.0,правый,4 поколение,1.3 Basic,"Эльбан, Хабаровский край",
https://auto.drom.ru/nakhodka/honda/fit/708799680.html,708799680,Хонда Фит,692000,2012,"бензин, 1.3 л",99.0,вариатор,передний,белый,146 000,1.0,правый,"2 поколение, рестайлинг",1.3 G 10th Anniversary,"Находка, Приморский край",
https://auto.drom.ru/artem/honda/fit/771891660.html,771891660,Хонда Фит,750000,2016,"бензин, 1.5 л, гибрид",110.0,робот,4WD,черный,120 000,2.0,правый,"3 поколение, рестайлинг",1.5 Hybrid 4WD,"Артём, Приморский край",
https://auto.drom.ru/yakutsk/honda/fit/482249479.html,482249479,Хонда Фит,1230000,2019,"бензин, 1.5 л, гибрид",110.0,робот,4WD,черный,89 221,1.0,правый,"3 поколение, 2 рестайлинг",,Якутск,
https://auto.drom.ru/vladivostok/honda/fit/647659536.html,647659536,Хонда Фит,690000,2012,"бензин, 1.3 л",100.0,АКПП,4WD,розовый,122 000,1.0,правый,"2 поколение, 2 рестайлинг",1.3 She's 4WD,Владивосток,
https://auto.drom.ru/ussuriisk/honda/fit/150331904.html,150331904,Хонда Фит,928000,2013,"бензин, 1.3 л",100.0,вариатор,передний,синий,126 000,1.0,правый,3 поколение,1.3 13G,"Уссурийск, Приморский край",
https://auto.drom.ru/habarovsk/honda/fit/854349248.html,854349248,Хонда Фит,1555000,2021,"бензин, 1.5 л",130.0,вариатор,передний,белый,25 000,1.0,левый,4 поколение,1.5 CVT Crosstar Max Edition,Хабаровск,
https://auto.drom.ru/svobodniy/honda/fit/627765786.html,627765786,Хонда Фит,800000,2014,"бензин, 1.5 л, гибрид",110.0,робот,передний,белый,210 000,2.0,правый,3 поколение,,"Свободный, Амурская область",
https://auto.drom.ru/blagoveshchensk/honda/stepwgn/179908165.html,179908165,Хонда Стэпвэгон,1575000,2015,"бензин, 1.5 л",150.0,вариатор,передний,серый,111 000,,правый,5 поколение,1.5 G EX,Благовещенск,
https://auto.drom.ru/bratsk/honda/stepwgn/277626304.html,277626304,Хонда Стэпвэгон,2980000,2019,"бензин, 1.5 л",150.0,вариатор,4WD,синий,65 550,1.0,правый,"5 поколение, рестайлинг",1.5 Spada Cool Spirit Honda Sensing 8 seater 4WD,"Братск, Иркутская область",
https://auto.drom.ru/arsenyev/honda/stepwgn/465757503.html,465757503,Хонда Стэпвэгон,1300000,2015,"бензин, 1.5 л",150.0,вариатор,передний,белый,75 000,1.0,правый,5 поколение,,"Арсеньев, Приморский край",
https://auto.drom.ru/tayshet/honda/stepwgn/416470527.html,416470527,Хонда Стэпвэгон,1860000,2016,"бензин, 1.5 л",150.0,вариатор,4WD,белый,155 000,1.0,правый,5 поколение,1.5 Spada Cool Spirit Honda Sensing 7 seater 4WD,"Тайшет, Иркутская область",
https://auto.drom.ru/krasnoyarsk/honda/stepwgn/161119886.html,161119886,Хонда Стэпвэгон,1795000,2016,"бензин, 1.5 л",150.0,вариатор,передний,белый,141 824,,правый,5 поколение,1.5 Spada,Красноярск,
https://auto.drom.ru/kansk/honda/stepwgn/308028983.html,308028983,Хонда Стэпвэгон,635000,2000,"бензин, 2.0 л",135.0,АКПП,4WD,белый,364 000,,правый,"1 поколение, рестайлинг",,"Канск, Красноярский край",
https://auto.drom.ru/ulan-ude/honda/stepwgn/747171738.html,747171738,Хонда Стэпвэгон,2195000,2019,"бензин, 1.5 л",150.0,вариатор,передний,белый,93 000,,правый,"5 поколение, рестайлинг",1.5 Spada Cool Spirit Honda Sensing 8 seater,Улан-Удэ,
https://auto.drom.ru/vladivostok/honda/stepwgn/899441243.html,899441243,Хонда Стэпвэгон,2050000,2018,"бензин, 1.5 л",150.0,вариатор,4WD,белый,83 000,,правый,"5 поколение, рестайлинг",1.5 Spada Honda Sensing 8 seater 4WD,,
https://auto.drom.ru/blagoveshchensk/honda/stepwgn/202694765.html,202694765,Хонда Стэпвэгон,1750000,2016,"бензин, 1.5 л",150.0,вариатор,передний,фиолетовый,182 000,2.0,правый,5 поколение,1.5 Spada Honda Sensing 8 seater,Благовещенск,
https://auto.drom.ru/abakan/honda/stepwgn/291811323.html,291811323,Хонда Стэпвэгон,739000,2001,"бензин, 2.0 л",160.0,АКПП,передний,серый,220 020,1.0,правый,2 поколение,2.0 Y,Абакан,
https://auto.drom.ru/krasnoyarsk/honda/stepwgn/106470891.html,106470891,Хонда Стэпвэгон,1745000,2014,"бензин, 2.0 л",150.0,вариатор,передний,черный,139 680,,правый,"4 поколение, рестайлинг",2.0 Spada S lift-up side seat,Красноярск,
https://auto.drom.ru/vladivostok/honda/stepwgn/283775317.html,283775317,Хонда Стэпвэгон,1570000,2016,"бензин, 1.5 л",150.0,вариатор,4WD,белый,122 000,1.0,правый,5 поколение,1.5 G EX 4WD,Владивосток,
https://auto.drom.ru/habarovsk/honda/stepwgn/252674927.html,252674927,Хонда Стэпвэгон,1690000,2015,"бензин, 1.5 л",150.0,вариатор,4WD,белый,121 795,1.0,правый,5 поколение,,Хабаровск,
https://auto.drom.ru/homutovo-irk/honda/stepwgn/785053303.html,785053303,Хонда Стэпвэгон,2400000,2018,"бензин, 1.5 л",150.0,вариатор,передний,черный,44 000,,правый,"5 поколение, рестайлинг",1.5 Spada Cool Spirit Honda Sensing 7 seater,"Хомутово, Иркутская область",
https://auto.drom.ru/dalnerechensk/honda/stepwgn/894793303.html,894793303,Хонда Стэпвэгон,1880000,2018,"бензин, 1.5 л",150.0,вариатор,передний,белый,128 000,1.0,правый,"5 поколение, рестайлинг",1.5 Spada Honda Sensing 7 seater,"Дальнереченск, Приморский край",
https://auto.drom.ru/krasnoyarsk/honda/stepwgn/231007884.html,231007884,Хонда Стэпвэгон,1739000,2014,"бензин, 2.0 л",150.0,вариатор,передний,черный,149 400,,правый,"4 поколение, рестайлинг",2.0 Spada S,Красноярск,
https://auto.drom.ru/vladivostok/honda/stepwgn/601079341.html,601079341,Хонда Стэпвэгон,1451425,2016,"бензин, 1.5 л",150.0,вариатор,передний,серебристый,86 000,,правый,5 поколение,1.5 Spada,,
https://auto.drom.ru/korsakov/honda/stepwgn/364970447.html,364970447,Хонда Стэпвэгон,1900000,2015,"бензин, 1.5 л",150.0,вариатор,4WD,белый,107 000,1.0,правый,5 поколение,1.5 Spada Advanced Package Alpha 4WD 8 seater,"Корсаков, Сахалинская область",
https://auto.drom.ru/vladivostok/honda/stepwgn/811215322.html,811215322,Хонда Стэпвэгон,1730000,2018,"бензин, 1.5 л",150.0,вариатор,передний,белый,138 000,,правый,"5 поколение, рестайлинг",1.5 Modulo X Honda Sensing 7 seater,,
https://auto.drom.ru/spb/honda/odyssey/781909322.html,781909322,Хонда Одиссей,450000,2002,"бензин, 2.3 л",150.0,АКПП,4WD,серый,284 000,2.0,правый,"2 поколение, рестайлинг",,Санкт-Петербург,
https://auto.drom.ru/irkutsk/honda/odyssey/584978359.html,584978359,Хонда Одиссей,430000,2000,"бензин, 2.3 л",150.0,АКПП,передний,белый,370 000,1.0,правый,2 поколение,,Иркутск,
https://auto.drom.ru/novosibirsk/honda/odyssey/196309225.html,196309225,Хонда Одиссей,435000,2000,"бензин, 2.3 л",150.0,АКПП,4WD,белый,300 000,,правый,2 поколение,,Новосибирск,
https://auto.drom.ru/habarovsk/honda/odyssey/917791909.html,917791909,Хонда Одиссей,1190000,2005,"бензин, 2.4 л",200.0,АКПП,передний,белый,193 000,,правый,3 поколение,2.4 absolute,Хабаровск,
https://auto.drom.ru/nevinnomissk/honda/odyssey/766749482.html,766749482,Хонда Одиссей,2500000,2017,"бензин, 2.0 л, гибрид",145.0,вариатор,передний,белый,100 000,2.0,правый,5 поколение,2.0 Hybrid Absolute Honda Sensing EX Package (7 seater),"Невинномысск, Ставропольский край",
https://auto.drom.ru/ulan-ude/honda/odyssey/393384610.html,393384610,Хонда Одиссей,670000,2001,"бензин, 2.3 л",150.0,АКПП,передний,белый,275 268,,правый,"2 поколение, рестайлинг",2.3 Absolute,Улан-Удэ,
https://auto.drom.ru/kemerovo/honda/odyssey/449888304.html,449888304,Хонда Одиссей,470000,2001,"бензин, 2.3 л",150.0,АКПП,передний,серый,230 000,,правый,"2 поколение, рестайлинг",2.3 Absolute,Кемерово,
https://auto.drom.ru/tomsk/honda/odyssey/815542604.html,815542604,Хонда Одиссей,600000,2003,"бензин, 2.3 л",150.0,АКПП,передний,серый,339 000,3.0,правый,"2 поколение, рестайлинг",2.3 Absolute,Томск,
https://auto.drom.ru/chernogorsk/honda/odyssey/649306755.html,649306755,Хонда Одиссей,385000,1997,"бензин, 2.2 л, ГБО",145.0,АКПП,передний,зеленый,300 000,,правый,1 поколение,2.2 M,"Черногорск, Республика Хакасия",
https://auto.drom.ru/kiselevsk/honda/odyssey/669551780.html,669551780,Хонда Одиссей,600000,2001,"бензин, 2.3 л",150.0,АКПП,передний,серый,376 500,3.0,правый,2 поколение,,"Киселёвск, Кемеровская область",
https://auto.drom.ru/chelyabinsk/honda/odyssey/341107405.html,341107405,Хонда Одиссей,2100000,2016,"бензин, 2.0 л, гибрид",145.0,вариатор,передний,черный,77 000,1.0,правый,5 поколение,2.0 Hybrid (7 seater),Челябинск,
https://auto.drom.ru/tomsk/honda/odyssey/104265751.html,104265751,Хонда Одиссей,450000,2001,"бензин, 2.3 л",150.0,АКПП,передний,черный,343 000,3.0,правый,2 поколение,2.3 L,Томск,
https://auto.drom.ru/svobodniy/honda/odyssey/127046398.html,127046398,Хонда Одиссей,430000,2001,"бензин, 2.3 л",150.0,АКПП,передний,серый,329 610,3.0,правый,2 поколение,2.3 MQ,"Свободный, Амурская область",
https://auto.drom.ru/anapa/honda/odyssey/518619191.html,518619191,Хонда Одиссей,720000,2003,"бензин, 2.3 л",150.0,АКПП,передний,бежевый,240 000,3.0,правый,"2 поколение, рестайлинг",2.3 S,"Анапа, Краснодарский край",
https://auto.drom.ru/chita/honda/odyssey/778509792.html,778509792,Хонда Одиссей,720000,2003,"бензин, 2.3 л",150.0,АКПП,передний,серый,352 385,,правый,"2 поколение, рестайлинг",2.3 L,Чита,
https://auto.drom.ru/krasnoyarsk/honda/odyssey/649071758.html,649071758,Хонда Одиссей,520000,2000,"бензин, 2.3 л",150.0,АКПП,передний,белый,1,,правый,2 поколение,,Красноярск,
https://auto.drom.ru/turuntaevo/honda/odyssey/546030787.html,546030787,Хонда Одиссей,400000,2001,"бензин, 2.3 л",150.0,АКПП,передний,серый,200 000,1.0,правый,"2 поколение, рестайлинг",2.3 S,"Турунтаево, Республика Бурятия",
https://auto.drom.ru/novosibirsk/honda/odyssey/459854684.html,459854684,Хонда Одиссей,810000,2003,"бензин, 2.4 л",160.0,вариатор,передний,серый,349 000,2.0,правый,3 поколение,,Новосибирск,
https://auto.drom.ru/vladivostok/honda/odyssey/740662607.html,740662607,Хонда Одиссей,760000,2008,"бензин, 2.4 л",160.0,АКПП,4WD,серый,230 000,3.0,правый,"3 поколение, рестайлинг",,Владивосток,
